Booth,Paper,A:Libertarian,B:FUSION | Planet Rescue | Whistleblower Protection | Innovation,C:Liberal,D:Australian Labor Party,E:Animal Justice Party,F:Jacqui Lambie Network,G:Trumpet of Patriots,H:National Party,I:Australia's Voice,J:Gerard Rennick People First,K:Legalise Cannabis Party,L:Citizens Party,M:Family First,N:The Greens,O:Sustainable Australia Party - Universal Basic Income,P:Pauline Hanson's One Nation,A:GREEN Tyler Bradley,A:VAN RAALTE Jacob Nicholas,B:ADAMSON AGARS Imelda,B:WOLFENDALE Drew,C:ANTIC Alex,C:RUSTON Anne,C:FAWCETT David,C:WYLD Damian,D:SMITH Marielle,D:GROGAN Karen,D:WALKER Charlotte,D:ALLISON Jennifer,E:BRAY Frankie,E:PASTRO Julie,F:PATRICK Rex,F:FORDHAM Anne Elizabeth,G:SMELTZ Nicole,G:DAY Bob,G:REA Antonio,G:BAWDEN Matilda,H:CROSSLING Monique,H:AZZOPARDI Emma,I:SHANE Jordan,I:NIELSEN Craig Michael,J:LONIE Rob,J:AMADIO Patrick J,K:NIES Jessica,K:HALL Timothy John,L:ACKLAND Louise,L:FREER Mark,M:BROHIER Frederick Christopher,M:MATHEW Deepa,N:HANSON-YOUNG Sarah,N:SCHULTZ-BYARD Noah,O:WEARNE Madeleine,O:DWYER Michael,P:GAME Jennifer,P:QUAREMBA Carlos,UG:HADJIMARKOU Kosta,UG:FRANCIS Janette Gail
1,1,,,,,5,,,,4,,3,,1,2,,,,,,,,,,,,,,,,,,,,,,,,,,,,,,,,,,,,,,,,,,
1,2,,,,,5,,,,6,,2,,1,3,,4,,,,,,,,,,,,,,,,,,,,,,,,,,,,,,,,,,,,,,,,
1,3,,,2,,,,5,6,,4,,,1,,,3,,,,,,,,,,,,,,,,,,,,,,,,,,,,,,,,,,,,,,,,
1,4,,,,,,6,5,3,4,2,,,1,,,,,,,,,,,,,,,,,,,,,,,,,,,,,,,,,,,,,,,,,,,
1,5,2,,3,,,6,5,,,4,,,1,,,,,,,,,,,,,,,,,,,,,,,,,,,,,,,,,,,,,,,,,,,
1,6,,,,,3,6,,,2,,4,,1,5,,,,,,,,,,,,,,,,,,,,,,,,,,,,,,,,,,,,,,,,,,
1,7,,,4,3,,,5,2,,,6,,1,,,,,,,,,,,,,,,,,,,,,,,,,,,,,,,,,,,,,,,,,,,
1,8,,,,,,,,6,,,5,4,1,2,3,,,,,,,,,,,,,,,,,,,,,,,,,,,,,,,,,,,,,,,,,
1,9,,,4,,,,3,,5,,,,1,6,,2,,,,,,,,,,,,,,,,,,,,,,,,,,,,,,,,,,,,,,,,
1,10,,,5,6,4,,,,,3,,,1,2,,,,,,,,,,,,,,,,,,,,,,,,,,,,,,,,,,,,,,,,,,
1,11,,,,,11,12,9,6,5,3,2,4,1,7,8,,,,,,,,,,,,,,,,,,,,,,,,,,,,,,,,,,,,,,,,,
1,12,,,,,4,3,,,5,6,2,7,1,8,9,10,,,,,,,,,,,,,,,,,,,,,,,,,,,,,,,,,,,,,,,,
1,13,,,3,,,,,2,,,4,,1,,6,5,,,,,,,,,,,,,,,,,,,,,,,,,,,,,,,,,,,,,,,,
1,14,,8,2,,7,,,3,5,,6,9,1,,,4,,,,,,,,,,,,,,,,,,,,,,,,,,,,,,,,,,,,,,,,
1,15,,,2,,,,6,5,,,4,,1,,,3,,,,,,,,,,,,,,,,,,,,,,,,,,,,,,,,,,,,,,,,
1,16,,,,,3,,,,,6,2,5,1,,4,,,,,,,,,,,,,,,,,,,,,,,,,,,,,,,,,,,,,,,,,
1,17,,6,,2,5,3,,,,,,,1,,,4,,,,,,,,,,,,,,,,,,,,,,,,,,,,,,,,,,,,,,,,
1,18,,,,,,4,,3,5,,6,,1,,,2,,,,,,,,,,,,,,,,,,,,,,,,,,,,,,,,,,,,,,,,
1,19,,,3,,,4,2,,,6,,,,,1,5,,,,,,,,,,,,,,,,,,,,,,,,,,,,,,,,,,,,,,,,
1,20,,,2,1,5,,,4,,,,,6,3,,,,,,,,,,,,,,,,,,,,,,,,,,,,,,,,,,,,,,,,,,
1,21,,6,,1,,,2,,5,,,4,3,,,,,,,,,,,,,,,,,,,,,,,,,,,,,,,,,,,,,,,,,,,
1,22,,,,1,,,,,,,6,5,4,2,3,,,,,,,,,,,,,,,,,,,,,,,,,,,,,,,,,,,,,,,,,
1,23,,,,1,2,,,6,,,3,5,,4,,,,,,,,,,,,,,,,,,,,,,,,,,,,,,,,,,,,,,,,,,
1,24,,,4,1,,,,2,5,,,6,3,,,,,,,,,,,,,,,,,,,,,,,,,,,,,,,,,,,,,,,,,,,
1,25,,,,1,,,2,3,,,,6,5,4,,,,,,,,,,,,,,,,,,,,,,,,,,,,,,,,,,,,,,,,,,
1,26,,,,1,,2,,3,4,,,5,6,,,,,,,,,,,,,,,,,,,,,,,,,,,,,,,,,,,,,,,,,,,
1,27,,,,1,6,,,,3,,2,,4,5,,,,,,,,,,,,,,,,,,,,,,,,,,,,,,,,,,,,,,,,,,
1,28,,6,,1,5,3,,,,,4,,,2,,,,,,,,,,,,,,,,,,,,,,,,,,,,,,,,,,,,,,,,,,
1,29,,,,1,,2,,,6,,,,3,4,5,,,,,,,,,,,,,,,,,,,,,,,,,,,,,,,,,,,,,,,,,
1,30,,5,6,1,2,3,,,,,,,,4,,,,,,,,,,,,,,,,,,,,,,,,,,,,,,,,,,,,,,,,,,
1,31,,6,,1,5,3,,,,,4,,,2,,,,,,,,,,,,,,,,,,,,,,,,,,,,,,,,,,,,,,,,,,
1,32,,,4,1,3,5,2,6,,,,,,,,,,,,,,,,,,,,,,,,,,,,,,,,,,,,,,,,,,,,,,,,
1,33,,,,1,,,2,6,5,,,,3,,,4,,,,,,,,,,,,,,,,,,,,,,,,,,,,,,,,,,,,,,,,
1,34,,,,1,4,2,,,,,5,,6,3,,,,,,,,,,,,,,,,,,,,,,,,,,,,,,,,,,,,,,,,,,
1,35,4,5,2,1,3,9,10,6,7,8,11,12,13,14,15,16,,,,,,,,,,,,,,,,,,,,,,,,,,,,,,,,,,,,,,,,
1,36,,,,1,,2,,,,3,,6,,,5,4,,,,,,,,,,,,,,,,,,,,,,,,,,,,,,,,,,,,,,,,
1,37,,,,1,,3,6,,,,5,,,2,,4,,,,,,,,,,,,,,,,,,,,,,,,,,,,,,,,,,,,,,,,
1,38,,,,1,5,4,,2,,,,,3,,,6,,,,,,,,,,,,,,,,,,,,,,,,,,,,,,,,,,,,,,,,
1,39,4,5,3,1,,,6,2,7,8,9,10,11,12,,,,,,,,,,,,,,,,,,,,,,,,,,,,,,,,,,,,,,,,,,
1,40,,,4,1,,3,,6,,,,,,2,,5,,,,,,,,,,,,,,,,,,,,,,,,,,,,,,,,,,,,,,,,
1,41,2,,6,1,3,,,,4,,,,5,,,,,,,,,,,,,,,,,,,,,,,,,,,,,,,,,,,,,,,,,,,
1,42,,,6,1,,2,,5,,3,4,5,,,,,,,,,,,,,,,,,,,,,,,,,,,,,,,,,,,,,,,,,,,,
1,43,,,,1,6,,,,,3,,2,,4,,5,,,,,,,,,,,,,,,,,,,,,,,,,,,,,,,,,,,,,,,,
1,44,,,,1,,,6,5,4,3,2,,,,,,,,,,,,,,,,,,,,,,,,,,,,,,,,,,,,,,,,,,,,,
1,45,,,,1,6,,5,,3,,2,4,,,,,,,,,,,,,,,,,,,,,,,,,,,,,,,,,,,,,,,,,,,,
1,46,,,,1,,3,,6,,,,,4,5,,2,,,,,,,,,,,,,,,,,,,,,,,,,,,,,,,,,,,,,,,,
1,47,,6,,1,5,3,,,,,4,,,2,,,,,,,,,,,,,,,,,,,,,,,,,,,,,,,,,,,,,,,,,,
1,48,,,6,1,4,,5,,,,3,,,2,,,,,,,,,,,,,,,,,,,,,,,,,,,,,,,,,,,,,,,,,,
1,49,,,,1,,6,,2,3,,,,,4,5,,,,,,,,,,,,,,,,,,,,,,,,,,,,,,,,,,,,,,,,,
1,50,,,,1,,2,6,3,4,,,,5,,,,,,,,,,,,,,,,,,,,,,,,,,,,,,,,,,,,,,,,,,,
2,1,,6,,,5,,4,,,,1,,,2,,3,,,,,,,,,,,,,,,,,,,,,,,,,,,,,,,,,,,,,,,,
2,2,,,,,2,,,,5,,1,,4,3,6,,,,,,,,,,,,,,,,,,,,,,,,,,,,,,,,,,,,,,,,,
2,3,,6,4,,4,,,,,,1,5,,,3,2,,,,,,,,,,,,,,,,,,,,,,,,,,,,,,,,,,,,,,,,
2,4,,,,2,,,,,6,5,1,4,,3,,,,,,,,,,,1,2,3,4,5,6,,,7,8,9,10,,,,,,,,,,,,,11,12,,,,,,
2,5,,,,,2,,,3,4,,1,,6,5,,,,,,,,,,,,,,,,,,,,,,,,,,,,,,,,,,,,,,,,,,
2,6,,,,,5,,,,,,1,4,3,2,6,,,,,,,,,,,,,,,,,,,,,,,,,,,,,,,,,,,,,,,,,
2,7,,,,2,,,,6,,,1,,3,4,5,,,,,,,,,,,,,,,,,,,,,,,,,,,,,,,,,,,,,,,,,
2,8,,,4,5,6,3,,,,,1,,,2,,,,,,,,,,,,,,,,,,,,,,,,,,,,,,,,,,,,,,,,,,
2,9,,,,,,4,6,5,,,1,,3,,,2,,,,,,,,,,,,,,,,,,,,,,,,,,,,,,,,,,,,,,,,
2,10,16,15,14,2,3,13,12,4,5,11,1,10,9,8,6,7,,,,,,,,,,,,,,,,,,,,,,,,,,,,,,,,,,,,,,,,
2,11,,,,6,2,,,,,3,1,,4,,5,,,,,,,,,,,,,,,,,,,,,,,,,,,,,,,,,,,,,,,,,
2,12,5,,3,,2,,,9,4,,1,8,6,,,7,,,,,,,,,,,,,,,,,,,,,,,,,,,,,,,,,,,,,,,,
2,13,2,3,4,,5,6,7,8,9,10,1,,,,,,,,,,,,,,,,,,,,,,,,,,,,,,,,,,,,,,,,,,,,,
2,14,2,3,4,5,6,,,,,,1,,,,,,,,,,,,,,,,,,,,,,,,,,,,,,,,,,,,,,,,,,,,,
2,15,,2,5,,3,,,,6,,1,,,,4,,,,,,,,,,,,,,,,,,,,,,,,,,,,,,,,,,,,,,,,,
2,16,4,,,5,,,3,6,,,1,,,,,2,,,,,,,,,,,,,,,,,,,,,,,,,,,,,,,,,,,,,,,,
2,17,,,3,2,,,,4,,,1,,5,,,6,,,,,,,,,,,,,,,,,,,,,,,,,,,,,,,,,,,,,,,,
2,18,,5,,,4,,,,,6,1,,3,,,2,,,,,,,,,,,,,,,,,,,,,,,,,,,,,,,,,,,,,,,,
2,19,,5,,,6,,,,4,,1,,3,,,2,,,,,,,,,,,,,,,,,,,,,,,,,,,,,,,,,,,,,,,,
2,20,,,,,2,,,6,5,,1,,3,,,4,,,,,,,,,,,,,,,,,,,,,,,,,,,,,,,,,,,,,,,,
2,21,,,,5,,,4,,,,1,6,2,,,3,,,,,,,,,,,,,,,,,,,,,,,,,,,,,,,,,,,,,,,,
2,22,,,,,2,,4,,3,,1,5,,,6,,,,,,,,,,,,,,,,,,,,,,,,,,,,,,,,,,,,,,,,,
2,23,,,,,3,2,,,6,,1,,4,5,,,,,,,,,,,,,,,,,,,,,,,,,,,,,,,,,,,,,,,,,,
2,24,,3,2,,4,,,6,,,1,,,,5,,,,,,,,,,,,,,,,,,,,,,,,,,,,,,,,,,,,,,,,,
2,25,,,6,5,,,,,,,1,,2,3,4,,,,,,,,,,,,,,,,,,,,,,,,,,,,,,,,,,,,,,,,,
2,27,,,11,10,10,8,7,,5,,1,2,,,,,,,,,,,,,,,,,,,,,,,,,,,,,,,,,,,,,,,,,,,,
2,28,,,6,5,,4,2,,,,1,,,,,3,,,,,,,,,,,,,,,,,,,,,,,,,,,,,,,,,,,,,,,,
2,29,,,,2,4,,,,5,,1,,3,6,,,,,,,,,,,,,,,,,,,,,,,,,,,,,,,,,,,,,,,,,,
2,30,,,,3,,,2,,,,1,4,,5,6,,,,,,,,,,,,,,,,,,,,,,,,,,,,,,,,,,,,,,,,,
2,31,,,,4,3,5,,,,,1,,,2,6,,,,,,,,,,,,,,,,,,,,,,,,,,,,,,,,,,,,,,,,,
2,32,,,,,6,,,,,3,1,4,,2,5,,,,,,,,,,,,,,,,,,,,,,,,,,,,,,,,,,,,,,,,,
2,33,,,,,4,3,2,,5,,1,,6,,,,,,,,,,,,,,,,,,,,,,,,,,,,,,,,,,,,,,,,,,,
2,34,,,,5,6,,,,,,1,,2,3,4,,,,,,,,,,,,,,,,,,,,,,,,,,,,,,,,,,,,,,,,,
2,35,,,,6,,,,,2,5,1,4,,3,,,,,,,,,,,,,,,,,,,,,,,,,,,,,,,,,,,,,,,,,,
2,36,,6,,,5,,,,,4,1,,,2,3,,,,,,,,,,,,,,,,,,,,,,,,,,,,,,,,,,,,,,,,,
2,37,,,,,4,,,6,3,,1,,2,5,,,,,,,,,,,,,,,,,,,,,,,,,,,,,,,,,,,,,,,,,,
2,38,,,6,,5,,,,4,,1,,2,,,3,,,,,,,,,,,,,,,,,,,,,,,,,,,,,,,,,,,,,,,,
2,39,,,,,,,,,5,6,1,,4,2,,3,,,,,,,,,,,,,,,,,,,,,,,,,,,,,,,,,,,,,,,,
2,40,,,,,,4,6,,5,,1,,,,2,3,,,,,,,,,,,,,,,,,,,,,,,,,,,,,,,,,,,,,,,,
2,41,,,,5,,,3,,,4,1,6,,,,2,,,,,,,,,,,,,,,,,,,,,,,,,,,,,,,,,,,,,,,,
2,42,,,3,,,4,,5,6,,1,,,,,2,,,,,,,,,,,,,,,,,,,,,,,,,,,,,,,,,,,,,,,,
2,43,,5,3,2,4,,,,6,,1,,,,,,,,,,,,,,,,,,,,,,,,,,,,,,,,,,,,,,,,,,,,,
2,44,7,8,16,2,3,15,5,6,4,9,1,10,11,12,13,14,,,,,,,,,,,,,,,,,,,,,,,,,,,,,,,,,,,,,,,,
2,45,,,,3,,,5,6,,,1,,4,,,2,,,,,,,,,,,,,,,,,,,,,,,,,,,,,,,,,,,,,,,,
2,46,,,,,3,4,,,6,,1,,5,,,2,,,,,,,,,,,,,,,,,,,,,,,,,,,,,,,,,,,,,,,,
2,47,,6,5,,2,,,,,,1,,4,,,3,12,,3,,,,,11,,,2,,10,,,4,1,,,,,,5,,9,6,,,,7,,,8,,,,,,,
2,48,,,6,,2,,,,,,1,,3,5,4,,,,,,,,,,,,,,,,,,,,,,,,,,,,,,,,,,,,,,,,,
2,49,,,,,,,,,6,,1,5,4,3,,2,,,,,,,,,,,,,,,,,,,,,,,,,,,,,,,,,,,,,,,,
2,50,,,,2,3,,,,6,,1,,,4,5,,,,,,,,,,,,,,,,,,,,,,,,,,,,,,,,,,,,,,,,,
3,1,1,,,,,,,,,,,,,,,,,,,,,,,,,,,,,,,,,,,,,,,,,,,,,,,,,,,,,,,
3,3,,,2,3,4,,6,,,,1,,,,,,,,,,,,,,,,,,,,,,,,,,,,,,,,,,,,,,,,,,,,,
3,4,,,,,1,2,3,,,,,,,,,4,,,,,,,,,,,,,,,,,,,,,,,,,,,,,,,,,,,,,,,,
3,5,,,1,,,,,,,,,,,,,,,,,,,,,,,,,,,,,,,,,,,,,,,,,,,,,,,,,,,,,
3,6,,,,,,,,,,,,,,,,,,,3,4,,,,,11,12,,,9,10,,,,,,,,,5,6,,,,,,,,,1,2,7,8,,,,
3,7,,,,,,,,,,,,,,,,,,,3,4,,,,,11,12,,,9,10,,,,,,,,,5,6,,,,,,,,,1,2,7,8,,,,
3,9,,,,1,2,,,,,,,,,,,,,,,,,,,,,,,,,,,,,,,,,,,,,,,,,,,,,,,,,,,
3,10,,6,,1,5,3,,,,,,,,2,,,,,,,,,,,,,,,,,,,,,,,,,,,,,,,,,,,,,,,,,,
3,11,,,,,,,,,,,1,,,,,,,,,,,,,,,,,,,,,,,,,,,,,,,,,,,,,,,,,,,,,
3,12,,,,,1,,,,,,2,,,,,,,,,,,,,,,,,,,,,,,,,,,,,,,,,,,,,,,,,,,,,
3,13,,,1,,,,,,,,,,,,,,,,,,,,,,,,,,,,,,,,,,,,,,,,,,,,,,,,,,,,,
3,14,,,,,,,3,6,5,,,,1,2,4,,,,,,,,,,,,,,,,,,,,,,,,,,,,,,,,,,,,,,,,,
3,15,,,,4,,1,,,,,2,6,,,3,5,,,,,,,,,,,,,,,,,,,,,,,,,,,,,,,,,,,,,,,,
3,16,,,3,2,,1,,4,5,,,,6,,,,,,,,,,,,,,,,,,,,,,,,,,,,,,,,,,,,,,,,,,,
3,17,,,3,2,,1,,4,6,,,,,5,,,,,,,,,,,,,,,,,,,,,,,,,,,,,,,,,,,,,,,,,,
3,18,,,,,6,1,,,,5,,,4,2,,3,,,,,,,,,,,,,,,,,,,,,,,,,,,,,,,,,,,,,,,,
3,19,3,2,5,4,6,1,,,,,,,,,,,,,,,,,,,,,,,,,,,,,,,,,,,,,,,,,,,,,,,,,,
3,20,3,,4,2,,1,,5,,,6,,,,,,,,,,,,,,,,,,,,,,,,,,,,,,,,,,,,,,,,,,,,,
3,21,,,,4,5,1,,,,,,,2,3,,6,,,,,,,,,,,,,,,,,,,,,,,,,,,,,,,,,,,,,,,,
3,22,,,6,5,,1,,4,,,,,,2,,3,,,,,,,,,,,,,,,,,,,,,,,,,,,,,,,,,,,,,,,,
3,23,,,6,4,,1,3,5,,,,,,,,2,,,,,,,,,,,,,,,,,,,,,,,,,,,,,,,,,,,,,,,,
3,24,,,6,,2,1,4,3,,,,,5,,,,,,,,,,,,,,,,,,,,,,,,,,,,,,,,,,,,,,,,,,,
3,25,,6,,,2,1,,,3,,,,4,,,5,,,,,,,,,,,,,,,,,,,,,,,,,,,,,,,,,,,,,,,,
3,26,,,2,,,1,,3,,,,5,4,6,,,,,,,,,,,,,,,,,,,,,,,,,,,,,,,,,,,,,,,,,,
3,27,,,4,,,1,5,,6,,2,,,,,3,,,,,,,,,,,,,,,,,,,,,,,,,,,,,,,,,,,,,,,,
3,28,,6,,2,,1,,,,,,,4,3,,5,,,,,,,,,,,,,,,,,,,,,,,,,,,,,,,,,,,,,,,,
3,29,,,7,6,,1,,5,,,4,,,2,,3,,,,,,,,,,,,,,,,,,,,,,,,,,,,,,,,,,,,,,,,
3,30,,,6,5,,1,,4,2,,,,3,,,,,,,,,,,,,,,,,,,,,,,,,,,,,,,,,,,,,,,,,,,
3,31,,,,,,1,,,2,,3,,4,6,5,,,,,,,,,,,,,,,,,,,,,,,,,,,,,,,,,,,,,,,,,
3,32,,,,2,,1,,,,,3,,4,5,,6,,,,,,,,,,,,,,,,,,,,,,,,,,,,,,,,,,,,,,,,
3,33,,,6,3,,1,,4,,2,,,,,,5,,,,,,,,,,,,,,,,,,,,,,,,,,,,,,,,,,,,,,,,
3,34,13,12,11,5,7,1,5,8,9,,2,,,3,10,4,,,,,,,,,,,,,,,,,,,,,,,,,,,,,,,,,,,,,,,,
3,35,,,3,2,,1,,6,4,,,,5,,,,,,,,,,,,,,,,,,,,,,,,,,,,,,,,,,,,,,,,,,,
3,36,,,,,,1,,,3,,,,2,4,6,5,,,,,,,,,,,,,,,,,,,,,,,,,,,,,,,,,,,,,,,,
3,37,,,6,,,1,4,5,,,,,2,,,3,,,,,,,,,,,,,,,,,,,,,,,,,,,,,,,,,,,,,,,,
3,38,,,,,,1,,,5,,4,,2,,6,3,,,,,,,,,,,,,,,,,,,,,,,,,,,,,,,,,,,,,,,,
3,39,,8,7,6,2,1,3,4,5,,,,,,,,,,,,,,,,,,,,,,,,,,,,,,,,,,,,,,,,,,,,,,,
3,40,,,6,5,2,1,4,,,,3,,,,,,,,,,,,,,,,,,,,,,,,,,,,,,,,,,,,,,,,,,,,,
3,41,,,,,6,1,5,,,,2,,4,,,3,,,,,,,,,,,,,,,,,,,,,,,,,,,,,,,,,,,,,,,,
3,42,,,,6,5,1,,,2,4,,,3,,,,,,,,,,,,,,,,,,,,,,,,,,,,,,,,,,,,,,,,,,,
3,43,,,,,,1,2,,3,9,,,4,,6,5,,,,,,,,,,,,,,,,,,,,,,,,,,,,,,,,,,,,,,,,
3,44,,,5,2,,1,,,6,,,,,3,4,,,,,,,,,,,,,,,,,,,,,,,,,,,,,,,,,,,,,,,,,
3,45,,,6,5,,1,,,2,,,,3,,,4,,,,,,,,,,,,,,,,,,,,,,,,,,,,,,,,,,,,,,,,
3,46,,,,5,,1,3,,,,4,,6,,,2,,,,,,,,,,,,,,,,,,,,,,,,,,,,,,,,,,,,,,,,
3,47,,,4,,,1,2,5,6,,,,,,,3,,,,,,,,,,,,,,,,,,,,,,,,,,,,,,,,,,,,,,,,
3,48,,,3,4,,1,,2,,,,,,5,,6,,,,,,,,,,,,,,,,,,,,,,,,,,,,,,,,,,,,,,,,
3,49,,,4,2,,1,,3,,,,,6,7,,5,,,,,,,,,,,,,,,,,,,,,,,,,,,,,,,,,,,,,,,,
3,50,,,5,,6,1,2,,3,,4,,,,,,,,,,,,,,,,,,,,,,,,,,,,,,,,,,,,,,,,,,,,,
4,1,,,2,,,,,1,,,,,,,,2,,,,,,,,,,,,,,,,,,,,,,,,,,,,,,,,,,,,,,,,
4,2,,,3,4,,,5,,6,,1,,,,,2,,,,,,,,,,,,,,,,,,,,,,,,,,,,,,,,,,,,,,,,
4,3,,,,,,6,3,5,,,1,4,,,,2,,,,,,,,,,,,,,,,,,,,,,,,,,,,,,,,,,,,,,,,
4,4,,,,,6,,,5,4,,1,,2,,,3,,,,,,,,,,,,,,,,,,,,,,,,,,,,,,,,,,,,,,,,
4,5,,,5,4,2,,,,6,,1,,,,,,,,,,,,,,,,,,,,,,,,,,,,,,,,,,,,,,,,,,,,,
4,6,,,5,4,,,2,,,,1,,,6,,3,,,,,,,,,,,,,,,,,,,,,,,,,,,,,,,,,,,,,,,,
4,7,,,,,,4,3,,2,,1,,,,6,5,,,,,,,,,,,,,,,,,,,,,,,,,,,,,,,,,,,,,,,,
4,8,,,,5,,4,3,,,,1,,6,,,2,,,,,,,,,,,,,,,,,,,,,,,,,,,,,,,,,,,,,,,,
4,9,,,,6,,,1,,5,,2,,3,,,4,,,,,,,,,,,,,,,,,,,,,,,,,,,,,,,,,,,,,,,,
4,10,,,,5,,6,1,,3,,2,,4,,,,,,,,,,,,,,,,,,,,,,,,,,,,,,,,,,,,,,,,,,,
4,11,,,2,,,,1,6,,,,4,5,,,3,,,,,,,,,,,,,,,,,,,,,,,,,,,,,,,,,,,,,,,,
4,12,,,3,,,,1,,,5,,6,4,,,2,,,,,,,,,,,,,,,,,,,,,,,,,,,,,,,,,,,,,,,,
4,13,,6,,5,,,1,4,3,,2,,,,,,,,,,,,,,,,,,,,,,,,,,,,,,,,,,,,,,,,,,,,,
4,14,,,,3,,,1,,5,,2,4,6,,,,,,,,,,,,,,,,,,,,,,,,,,,,,,,,,,,,,,,,,,,
4,15,,4,6,,,,1,,,,2,,,3,,5,,,,,,,,,,,,,,,,,,,,,,,,,,,,,,,,,,,,,,,,
4,16,,,,,,,1,,2,,,5,6,3,,4,,,,,,,,,,,,,,,,,,,,,,,,,,,,,,,,,,,,,,,,
4,17,6,,3,5,,,1,4,,,,,,,,2,,,,,,,,,,,,,,,,,,,,,,,,,,,,,,,,,,,,,,,,
4,18,,,,,3,2,1,,5,,4,,,6,,,,,,,,,,,,,,,,,,,,,,,,,,,,,,,,,,,,,,,,,,
4,19,,,,,,,1,,,,2,,5,6,4,3,,,,,,,,,,,,,,,,,,,,,,,,,,,,,,,,,,,,,,,,
4,20,,,2,,,,1,3,6,,,,4,,,5,,,,,,,,,,,,,,,,,,,,,,,,,,,,,,,,,,,,,,,,
4,21,,,,,,,1,,,4,6,5,3,,,2,,,,,,,,,,,,,,,,,,,,,,,,,,,,,,,,,,,,,,,,
4,22,,,,,6,5,1,,,4,2,10,9,8,7,3,,,,,,,,,,,,,,,,,,,,,,,,,,,,,,,,,,,,,,,,
4,23,,,3,,,6,1,4,,,,,,,5,2,,,,,,,,,,,,,,,,,,,,,,,,,,,,,,,,,,,,,,,,
4,24,,,3,2,,5,1,4,,,,,,6,,,,,,,,,,,,,,,,,,,,,,,,,,,,,,,,,,,,,,,,,,
4,25,,,,,,,1,,,,,,,,,,,,,,,,,,,,,,,,,,,,,,,,,,,,,,,,,,,,,,,,,
4,26,,,,,2,,1,,3,,4,5,6,,,,,,,,,,,,,,,,,,,,,,,,,,,,,,,,,,,,,,,,,,,
4,27,,3,,2,4,,,,,,,1,5,6,,,,,,,,,,,,,,,,,,,,,,,,,,,,,,,,,,,,,,,,,,
4,28,2,,5,,,,4,6,,,3,,,,,1,,,,,,,,,,,,,,,,,,,,,,,,,,,,,,,,,,,,,,,,
4,29,,,5,4,,3,,2,6,,,,,,,1,,,,,,,,,,,,,,,,,,,,,,,,,,,,,,,,,,,,,,,,
4,30,,,4,5,,2,,,,,3,,,6,,1,,,,,,,,,,,,,,,,,,,,,,,,,,,,,,,,,,,,,,,,
4,31,,,,,,,,5,4,,3,6,,2,,1,,,,,,,,,,,,,,,,,,,,,,,,,,,,,,,,,,,,,,,,
4,32,,,,,4,3,2,,5,,,,6,,,1,,,,,,,,,,,,,,,,,,,,,,,,,,,,,,,,,,,,,,,,
4,33,,,,5,,6,2,,,,4,,3,,,1,,,,,,,,,,,,,,,,,,,,,,,,,,,,,,,,,,,,,,,,
4,34,,6,,,2,3,4,,5,,,,,,,1,,,,,,,,,,,,,,,,,,,,,,,,,,,,,,,,,,,,,,,,
4,35,,,,5,4,,3,,,,2,,6,,,1,,,,,,,,,,,,,,,,,,,,,,,,,,,,,,,,,,,,,,,,
4,36,,5,,,,4,3,,6,,,,2,,,1,,,,,,,,,,,,,,,,,,,,,,,,,,,,,,,,,,,,,,,,
4,37,,,,,3,,,6,5,,2,,4,,,1,,,,,,,,,,,,,,,,,,,,,,,,,,,,,,,,,,,,,,,,
4,38,,,4,,,,2,3,,,5,,6,,,1,,,,,,,,,,,,,,,,,,,,,,,,,,,,,,,,,,,,,,,,
4,39,4,,2,,,,3,,5,,,,,6,,1,,,,,,,,,,,,,,,,,,,,,,,,,,,,,,,,,,,,,,,,
4,40,6,,3,,,5,,4,,,,,2,,,1,,,,,,,,,,,,,,,,,,,,,,,,,,,,,,,,,,,,,,,,
4,41,,,4,6,,,,3,5,,,,2,,,1,,,,,,,,,,,,,,,,,,,,,,,,,,,,,,,,,,,,,,,,
4,42,5,12,2,14,11,3,15,4,6,7,13,8,9,16,10,1,,,,,,,,,,,,,,,,,,,,,,,,,,,,,,,,,,,,,,,,
4,43,,,6,,,3,,4,5,,2,,,,,1,,,,,,,,,,,,,,,,,,,,,,,,,,,,,,,,,,,,,,,,
4,44,,,5,,,,4,3,,,,,2,6,,1,,,,,,,,,,,,,,,,,,,,,,,,,,,,,,,,,,,,,,,,
4,45,3,,6,,,,5,,,4,,,2,,,1,,,,,,,,,,,,,,,,,,,,,,,,,,,,,,,,,,,,,,,,
4,46,5,,,,,,2,6,,,4,,3,,,1,,,,,,,,,,,,,,,,,,,,,,,,,,,,,,,,,,,,,,,,
4,47,,,4,5,,,,6,3,,,,,,2,1,,,,,,,,,,,,,,,,,,,,,,,,,,,,,,,,,,,,,,,,
4,48,11,,10,,4,11,10,9,3,8,2,6,5,7,4,1,,,,,,,,,,,,,,,,,,,,,,,,,,,1,1,1,1,,,,,,,,,,
4,49,,,2,,,5,6,3,,4,,,,,,1,,,,,,,,,,,,,,,,,,,,,,,,,,,,,,,,,,,,,,,,
4,50,,,2,,,5,6,3,,4,,,,,,1,,,,,,,,,,,,,,,,,,,,,,,,,,,,,,,,,,,,,,,,
5,1,5,,1,,,6,,2,,,,,4,,,3,,,,,,,,,,,,,,,,,,,,,,,,,,,,,,,,,,,,,,,,
5,2,,,1,,,,,,6,5,4,,2,,,3,,,,,,,,,,,,,,,,,,,,,,,,,,,,,,,,,,,,,,,,
5,3,,,1,,,2,,6,,3,,,4,5,,,,,,,,,,,,,,,,,,,,,,,,,,,,,,,,,,,,,,,,,,
5,4,,,1,,2,3,,5,4,,,,6,,,,,,,,,,,,,,,,,,,,,,,,,,,,,,,,,,,,,,,,,,,
5,5,,,1,,,4,2,5,,,,,,3,,6,,,,,,,,,,,,,,,,,,,,,,,,,,,,,,,,,,,,,,,,
5,6,5,,1,,,6,,2,,,,,4,,,3,,,,,,,,,,,,,,,,,,,,,,,,,,,,,,,,,,,,,,,,
5,7,5,,1,,,6,,2,,,,,4,,,3,,,,,,,,,,,,,,,,,,,,,,,,,,,,,,,,,,,,,,,,
5,8,5,,1,,,6,,2,,,,,4,,,3,,,,,,,,,,,,,,,,,,,,,,,,,,,,,,,,,,,,,,,,
5,9,,,1,,,6,,2,,,7,,4,,,3,,,,,,,,,,,,,,,,,,,,,,,,,,,,,,,,,,,,,,,,
5,10,4,3,1,,2,,,,,,,5,6,,,,,,,,,,,,,,,,,,,,,,,,,,,,,,,,,,,,,,,,,,,
5,11,5,,1,,,6,,2,,,,,4,,,3,,,,,,,,,,,,,,,,,,,,,,,,,,,,,,,,,,,,,,,,
5,12,5,,1,,,6,,2,,,,,4,,,3,,,,,,,,,,,,,,,,,,,,,,,,,,,,,,,,,,,,,,,,
5,13,5,,1,,,6,,2,,,,,3,,,4,,,,,,,,,,,,,,,,,,,,,,,,,,,,,,,,,,,,,,,,
5,14,5,,1,,,6,,2,,,,,4,,,3,,,,,,,,,,,,,,,,,,,,,,,,,,,,,,,,,,,,,,,,
5,15,,,1,,,5,4,,3,,,,6,,,2,,,,,,,,,,,,,,,,,,,,,,,,,,,,,,,,,,,,,,,,
5,16,16,15,1,14,9,13,12,11,10,,2,5,4,3,7,6,,,,,,,,,,,,,,,,,,,,,,,,,,,,,,,,,,,,,,,,
5,17,,,1,5,2,,6,3,4,,,7,8,9,,,,,,,,,,,,,,,,,,,,,,,,,,,,,,,,,,,,,,,,,,
5,18,5,,1,,,6,,2,,,,,4,,,3,,,,,,,,,,,,,,,,,,,,,,,,,,,,,,,,,,,,,,,,
5,19,,,1,,2,,6,,3,,,,4,,,5,,,,,,,,,,,,,,,,,,,,,,,,,,,,,,,,,,,,,,,,
5,20,,,1,2,3,,,6,4,,5,,,,,,,,,,,,,,,,,,,,,,,,,,,,,,,,,,,,,,,,,,,,,
5,21,5,,1,,,6,,2,,,,,4,,,3,,,,,,,,,,,,,,,,,,,,,,,,,,,,,,,,,,,,,,,,
5,22,,,1,2,3,4,5,6,,,,,,,,,,,,,,,,,,,,,,,,,,,,,,,,,,,,,,,,,,,,,,,,
5,23,,,1,,,,2,3,4,,5,6,,,,,,,,,,,,,,,,,,,,,,,,,,,,,,,,,,,,,,,,,,,,
5,24,5,,1,,,6,,2,,,,,4,,,3,,,,,,,,,,,,,,,,,,,,,,,,,,,,,,,,,,,,,,,,
5,25,,,1,2,,,,6,3,,,,4,5,,,,,,,,,,,,,,,,,,,,,,,,,,,,,,,,,,,,,,,,,,
5,26,5,,1,,,6,,2,,,,,4,,,3,,,,,,,,,,,,,,,,,,,,,,,,,,,,,,,,,,,,,,,,
5,27,5,,1,,,6,,2,,,,,4,,,3,,,,,,,,,,,,,,,,,,,,,,,,,,,,,,,,,,,,,,,,
5,28,5,,1,,,6,,2,,,,,4,,,3,,,,,,,,,,,,,,,,,,,,,,,,,,,,,,,,,,,,,,,,
5,29,5,,1,,,3,,4,,,6,,,,,2,,,,,,,,,,,,,,,,,,,,,,,,,,,,,,,,,,,,,,,,
5,30,7,8,1,6,9,2,,3,15,14,13,4,12,11,10,5,,,,,,,,,,,,,,,,,,,,,,,,,,,,,,,,,,,,,,,,
5,31,,,1,,6,,,2,,,3,,4,,,5,,,,,,,,,,,,,,,,,,,,,,,,,,,,,,,,,,,,,,,,
5,32,5,,1,,,6,,2,,,,,4,,,3,,,,,,,,,,,,,,,,,,,,,,,,,,,,,,,,,,,,,,,,
5,33,5,,1,,,6,,2,,,,,4,,,3,,,,,,,,,,,,,,,,,,,,,,,,,,,,,,,,,,,,,,,,
5,34,,,1,,,5,4,3,,,6,,,,,2,,,,,,,,,,,,,,,,,,,,,,,,,,,,,,,,,,,,,,,,
5,35,,,1,,,4,5,2,,,,,,,6,3,,,,,,,,,,,,,,,,,,,,,,,,,,,,,,,,,,,,,,,,
5,36,6,,1,,,2,,3,,,,,4,,,5,,,,,,,,,,,,,,,,,,,,,,,,,,,,,,,,,,,,,,,,
5,37,,,1,2,,,,3,,,4,,5,6,,,,,,,,,,,,,,,,,,,,,,,,,,,,,,,,,,,,,,,,,,
5,38,,,1,2,,3,,4,,,5,6,,,,,,,,,,,,,,,,,,,,,,,,,,,,,,,,,,,,,,,,,,,,
5,39,5,,1,,,6,,2,,,,,4,,,3,,,,,,,,,,,,,,,,,,,,,,,,,,,,,,,,,,,,,,,,
5,40,5,,1,,,6,,2,,,,,4,,,3,,,,,,,,,,,,,,,,,,,,,,,,,,,,,,,,,,,,,,,,
5,41,5,,1,,,6,,2,,,,,4,,,3,,,,,,,,,,,,,,,,,,,,,,,,,,,,,,,,,,,,,,,,
5,42,,,1,,,,5,6,,3,,,4,,,2,,,,,,,,,,,,,,,,,,,,,,,,,,,,,,,,,,,,,,,,
5,43,,,1,,6,4,,2,,,3,,,,,5,,,,,,,,,,,,,,,,,,,,,,,,,,,,,,,,,,,,,,,,
5,44,,,1,,,5,4,2,6,,,,,,,3,,,,,,,,,,,,,,,,,,,,,,,,,,,,,,,,,,,,,,,,
5,45,6,,1,,,4,,3,,,,,5,,,2,,,,,,,,,,,,,,,,,,,,,,,,,,,,,,,,,,,,,,,,
5,46,5,,1,,,6,,2,,,,,4,,,3,,,,,,,,,,,,,,,,,,,,,,,,,,,,,,,,,,,,,,,,
5,47,5,,1,,,,,,4,,,6,3,,,2,,,,,,,,,,,,,,,,,,,,,,,,,,,,,,,,,,,,,,,,
5,48,,,1,,,2,3,4,5,,,,6,,,,,,,,,,,,,,,,,,,,,,,,,,,,,,,,,,,,,,,,,,,
5,49,6,,1,,,4,5,2,,,,,,,,3,,,,,,,,,,,,,,,,,,,,,,,,,,,,,,,,,,,,,,,,
5,50,,,1,2,,,,,6,,,,4,3,,5,,,,,,,,,,,,,,,,,,,,,,,,,,,,,,,,,,,,,,,,
6,1,5,,1,,,6,,2,,,,,4,,,3,,,,,,,,,,,,,,,,,,,,,,,,,,,,,,,,,,,,,,,,
6,2,6,9,1,5,7,8,16,2,15,3,4,10,11,12,14,13,,,,,,,,,,,,,,,,,,,,,,,,,,,,,,,,,,,,,,,,
6,3,,,1,,,2,,3,,,4,6,5,,,,,,,,,,,,,,,,,,,,,,,,,,,,,,,,,,,,,,,,,,,
6,4,5,,1,,,6,,2,,,,,4,,,3,,,,,,,,,,,,,,,,,,,,,,,,,,,,,,,,,,,,,,,,
6,5,5,,1,6,2,4,3,,,,,,,,,,,,,,,,,,,,,,,,,,,,,,,,,,,,,,,,,,,,,,,,,
6,6,,,1,,4,3,,2,6,,,,,,,5,,,,,,,,,,,,,,,,,,,,,,,,,,,,,,,,,,,,,,,,
6,7,,,1,,,4,,4,,3,,,,,,2,,,,,,,,,,,,,,,,,,,,,,,,,,,,,,,,,,,,,,,,
6,8,5,,1,,,6,,2,,,,,4,,,3,,,,,,,,,,,,,,,,,,,,,,,,,,,,,,,,,,,,,,,,
6,9,,,1,,,,,,,,,,,,,,,,,,,,,,,,,,,,,,,,,,,,,,,,,,,,,,,,,,,,,
6,10,,,1,13,12,2,14,11,10,3,4,6,5,7,8,9,,,,,,,,,,,,,,,,,,,,,,,,,,,,,,,,,,,,,,,,
6,11,,,1,2,,4,,3,5,,,,,6,,,,,,,,,,,,,,,,,,,,,,,,,,,,,,,,,,,,,,,,,,
6,12,,,1,,,,,,,5,,,2,4,6,3,,,,,,,,,,,,,,,,,,,,,,,,,,,,,,,,,,,,,,,,
6,13,,,1,,,4,,2,,,5,,6,,,3,,,,,,,,,,,,,,,,,,,,,,,,,,,,,,,,,,,,,,,,
6,14,,,1,,,6,,2,,,6,,3,4,,5,,,,,,,,,,,,,,,,,,,,,,,,,,,,,,,,,,,,,,,,
6,15,,,1,,,6,,2,,,,,4,,,3,,,,,,,,,,,,,,,,,,,,,,,,,,,,,,,,,,,,,,,,
6,16,6,,1,5,,,,2,4,,3,,,,,,,,,,,,,,,,,,,,,,,,,,,,,,,,,,,,,,,,,,,,,
6,17,5,,1,,,6,,2,,,,,4,,,3,,,,,,,,,,,,,,,,,,,,,,,,,,,,,,,,,,,,,,,,
6,18,,,1,,,,2,3,,,4,,5,,,6,,,,,,,,,,,,,,,,,,,,,,,,,,,,,,,,,,,,,,,,
6,19,,,1,3,2,,,,5,,4,,,6,,,,,,,,,,,,,,,,,,,,,,,,,,,,,,,,,,,,,,,,,,
6,20,,,1,,,,6,2,,,,,3,4,,5,,,,,,,,,,,,,,,,,,,,,,,,,,,,,,,,,,,,,,,,
6,21,5,,1,,,6,,2,,,,,4,,,3,,,,,,,,,,,,,,,,,,,,,,,,,,,,,,,,,,,,,,,,
6,22,6,,1,2,,,,5,4,,,,,3,,,,,,,,,,,,,,,,,,,,,,,,,,,,,,,,,,,,,,,,,,
6,23,6,,1,,,6,,2,,,,,4,,,3,,,,,,,,,,,,,,,,,,,,,,,,,,,,,,,,,,,,,,,,
6,24,,,1,,4,5,6,,,,2,,,3,,,,,,,,,,,,,,,,,,,,,,,,,,,,,,,,,,,,,,,,,,
6,25,,,1,,5,2,,4,,,6,,3,,,,,,,,,,,,,,,,,,,,,,,,,,,,,,,,,,,,,,,,,,,
6,26,5,,1,,,2,,6,,,,,4,,,3,,,,,,,,,,,,,,,,,,,,,,,,,,,,,,,,,,,,,,,,
6,27,,,1,2,3,4,5,6,,,,,,,,,,,,,,,,,,,,,,,,,,,,,,,,,,,,,,,,,,,,,,,,
6,28,,,1,2,,,,4,,,,5,3,,6,,,,,,,,,,,,,,,,,,,,,,,,,,,,,,,,,,,,,,,,,
6,29,,6,1,,,,3,5,,,2,,,,,4,,,,,,,,,,,,,,,,,,,,,,,,,,,,,,,,,,,,,,,,
6,30,5,,1,,,6,,2,,,,,,3,4,,,,,,,,,,,,,,,,,,,,,,,,,,,,,,,,,,,,,,,,,
6,31,,,1,,,,,4,,3,,6,5,,,2,,,,,,,,,,,,,,,,,,,,,,,,,,,,,,,,,,,,,,,,
6,32,,,1,,,4,,2,5,,6,,,,,3,,,,,,,,,,,,,,,,,,,,,,,,,,,,,,,,,,,,,,,,
6,33,5,,1,,,6,,2,,,,,4,,,3,,,,,,,,,,,,,,,,,,,,,,,,,,,,,,,,,,,,,,,,
6,34,,,1,2,,,,5,6,,,,4,3,,,,,,,,,,,,,,,,,,,,,,,,,,,,,,,,,,,,,,,,,,
6,35,,,1,6,,,,2,,,,,3,4,,5,,,,,,,,,,,,,,,,,,,,,,,,,,,,,,,,,,,,,,,,
6,36,,,1,,,6,,2,,,5,,4,,,3,,,,,,,,,,,,,,,,,,,,,,,,,,,,,,,,,,,,,,,,
6,37,,,1,6,,,5,2,,,,,4,,,3,,,,,,,,,,,,,,,,,,,,,,,,,,,,,,,,,,,,,,,,
6,38,5,,1,,,6,,2,,,,,4,,,3,,,,,,,,,,,,,,,,,,,,,,,,,,,,,,,,,,,,,,,,
6,39,5,,1,,,6,,2,,,,,4,,,3,,,,,,,,,,,,,,,,,,,,,,,,,,,,,,,,,,,,,,,,
6,40,2,,1,5,,,,4,,6,3,,,,,,,,,,,,,,,,,,,,,,,,,,,,,,,,,,,,,,,,,,,,,
6,41,,4,,1,5,,,,,,3,,,2,6,,,,,,,,,,,,,,,,,,,,,,,,,,,,,,,,,,,,,,,,,
6,42,6,,1,,,,5,4,,,,,3,,,2,,,,,,,,,,,,,,,,,,,,,,,,,,,,,,,,,,,,,,,,
6,43,,6,1,,,,,,,,2,5,3,,4,,,,,,,,,,,,,,,,,,,,,,,,,,,,,,,,,,,,,,,,,
6,44,,,1,,,6,,2,,,,,4,,,3,,,,,,,,,,,,,,,,,,,,,,,,,,,,,,,,,,,,,,,,
6,45,5,,1,,,6,,2,,,,,4,,,3,,,,,,,,,,,,,,,,,,,,,,,,,,,,,,,,,,,,,,,,
6,46,,,1,,,6,,2,5,,,,4,,,3,,,,,,,,,,,,,,,,,,,,,,,,,,,,,,,,,,,,,,,,
6,47,,,1,,,4,,2,,,,,6,,,3,,,,,,,,,,,,,,,,,,,,,,,,,,,,,,,,,,,,,,,,
6,48,,,1,,,6,,2,,,,,4,,,3,,,,,,,,,,,,,,,,,,,,,,,,,,,,,,,,,,,,,,,,
6,49,,,1,,6,,2,5,4,,,,3,,,,,,,,,,,,,,,,,,,,,,,,,,,,,,,,,,,,,,,,,,,
6,50,,,1,2,,3,,4,5,,,,,6,,,,,,,,,,,,,,,,,,,,,,,,,,,,,,,,,,,,,,,,,,
7,1,,10,9,2,6,4,5,3,8,7,,,,1,,,,,,,,,,,,,,,,,,,,,,,,,,,,,,,,,,,,,,,,,,
7,2,,,,,6,5,,,4,,2,,3,1,,,,,,,,,,,,,,,11,12,9,10,,,,,,,7,8,,,3,4,,,5,6,1,2,,,,,,
7,3,,6,,2,5,3,,,,,4,,,1,,,,,,,,,,,,,,,,,,,,,,,,,,,,,,,,,,,,,,,,,,
7,4,,,,5,4,6,,,2,,3,,,1,,,,,,,,,,,,,,,,,,,,,,,,,,,,,,,,,,,,,,,,,,
7,5,,,,4,3,2,,,,,,6,5,1,,,,,,,,,,,,,,,,,,,,,,,,,,,,,,,,,,,,,,,,,,
7,6,,,,2,5,3,,4,6,,,,,1,,,,,,,,,,,,,,,,,,,,,,,,,,,,,,,,,,,,,,,,,,
7,7,,6,,2,,4,,,,,3,,,1,5,,,,,,,,,,,,,,,,,,,,,,,,,,,,,,,,,,,,,,,,,
7,8,,6,,2,3,,,,,,4,,,1,5,,,,,,,,,,,,,,,,,,,,,,,,,,,,,,,,,,,,,,,,,
7,9,,,,2,,,,,3,6,4,,5,1,,,,,,,,,,,,,,,,,,,,,,,,,,,,,,,,,,,,,,,,,,
7,10,,,,4,,5,,3,6,,,,2,1,,,,,,,,,,,,,,,,,,,,,,,,,,,,,,,,,,,,,,,,,,
7,11,,,,2,5,,,,6,,3,,4,1,,,,,,,,,,,,,,,,,,,,,,,,,,,,,,,,,,,,,,,,,,
7,12,,6,3,4,2,,,,,,,,5,1,,,,,,,,,,,,,,,,,,,,,,,,,,,,,,,,,,,,,,,,,,
7,13,6,,5,2,3,,,4,,,,,,1,,,,,,,,,,,,,,,,,,,,,,,,,,,,,,,,,,,,,,,,,,
7,14,2,3,5,6,,,,,4,,,,,1,,,,,,,,,,,,,,,,,,,,,,,,,,,,,,,,,,,,,,,,,,
7,15,,,,3,4,5,,,,,2,,,1,6,,,,,,,,,,,,,,,,,,,,,,,,,,,,,,,,,,,,,,,,,
7,16,,,5,2,4,,,,,,3,,,1,6,,,,,,,,,,,,,,,,,,,,,,,,,,,,,,,,,,,,,,,,,
7,17,,6,,,5,,,,,,4,3,2,1,,,,,,,,,,,,,,,,,,,,,,,,,,,,,,,,,,,,,,,,,,
7,18,,,6,3,,,,,5,,2,,,1,4,,,,,,,,,,,,,,,,,,,,,,,,,,,,,,,,,,,,,,,,,
7,19,13,7,16,4,3,8,14,9,10,11,5,12,6,1,2,15,,,,,,,,,,,,,,,,,,,,,,,,,,,,,,,,,,,,,,,,
7,20,,,5,3,4,6,,,,,2,,,1,,,,,,,,,,,,,,,,,,,,,,,,,,,,,,,,,,,,,,,,,,
7,21,,,4,,,,6,3,2,5,,,,1,,,,,,,,,,,,,,,,,,,,,,,,,,,,,,,,,,,,,,,,,,
7,22,,7,,6,,2,,,,,3,4,5,1,,,,,,,,,,,,,,,,,,,,,,,,,,,,,,,,,,,,,,,,,,
7,23,,,,2,4,,3,5,,,,,,1,6,,,,,,,,,,,,,,,,,,,,,,,,,,,,,,,,,,,,,,,,,
7,24,,,6,2,4,,,,,5,,,3,1,,,,,,,,,,,,,,,,,,,,,,,,,,,,,,,,,,,,,,,,,,
7,25,11,7,16,3,4,12,14,10,2,9,6,8,13,1,5,15,,,,,,,,,,,,,,,,,,,,,,,,,,,,,,,,,,,,,,,,
7,26,,,,,2,6,,,3,,,,4,1,,5,,,,,,,,,,,,,,,,,,,,,,,,,,,,,,,,,,,,,,,,
7,27,,4,,6,2,,,,,,3,,,1,5,,,,,,,,,,,,,,,,,,,,,,,,,,,,,,,,,,,,,,,,,
7,28,5,12,4,2,6,7,16,14,8,9,13,10,3,1,11,15,,,,,,,,,,,,,,,,,,,,,,,,,,,,,,,,,,,,,,,,
7,29,,,6,2,5,,,,4,,3,,,1,,,,,,,,,,,,,,,,,,,,,,,,,,,,,,,,,,,,,,,,,,
7,30,,,,2,3,,,,5,,,,4,1,6,,,,,,,,,,,,,,,,,,,,,,,,,,,,,,,,,,,,,,,,,
7,31,,,,2,5,3,,,,,4,6,,1,,,,,,,,,,,,,,,,,,,,,,,,,,,,,,,,,,,,,,,,,,
7,32,,5,,,,6,,,4,,2,,,1,3,,,,,,,,,,,,,,,,,,,,,,,,,,,,,,,,,,,,,,,,,
7,33,,,6,2,4,,,,,5,3,,,1,,,,,,,,,,,,,,,,,,,,,,,,,,,,,,,,,,,,,,,,,,
7,34,,6,,2,5,4,,,,,3,,,1,,,,,,,,,,,,,,,,,,,,,,,,,,,,,,,,,,,,,,,,,,
7,35,,,,4,5,3,,,,,2,,,1,6,,,,,,,,,,,,,,,,,,,,,,,,,,,,,,,,,,,,,,,,,
7,36,,,,3,2,,,4,,,,5,6,1,,,,,,,,,,,,,,,,,,,,,,,,,,,,,,,,,,,,,,,,,,
7,37,,5,,,,6,,,3,,2,,,1,4,,,,,,,,,,,,,,,,,,,,,,,,,,,,,,,,,,,,,,,,,
7,38,,,5,6,,,3,,,,,,2,1,,4,,,,,,,,,,,,,,,,,,,,,,,,,,,,,,,,,,,,,,,,
7,39,,,6,2,3,,,,,,,5,,1,,4,,,,,,,,,,,,,,,,,,,,,,,,,,,,,,,,,,,,,,,,
7,40,,,,2,,,,6,5,,3,,4,1,,,,,,,,,,,,,,,,,,,,,,,,,,,,,,,,,,,,,,,,,,
7,41,,,,2,6,3,,,,4,,,,1,5,,,,,,,,,,,,,,,,,,,,,,,,,,,,,,,,,,,,,,,,,
7,42,,,,6,3,,,,2,,4,,,1,5,,,,,,,,,,,,,,,,,,,,,,,,,,,,,,,,,,,,,,,,,
7,43,,4,,2,10,9,,8,5,,3,7,,1,6,,,,,,,,,,,,,,,,,,,,,,,,,,,,,,,,,,,,,,,,,
7,44,,5,,,,6,,,3,,2,,,1,4,,,,,,,,,,,,,,,,,,,,,,,,,,,,,,,,,,,,,,,,,
7,45,,,3,2,,,,6,4,5,,,,1,,,,,,,,,,,,,,,,,,,,,,,,,,,,,,,,,,,,,,,,,,
7,46,,,,,,,4,6,5,,3,,2,1,,,,,,,,,,,,,,,,,,,,,,,,,,,,,,,,,,,,,,,,,,
7,47,,,6,2,,5,,,,4,3,,,1,,2,,,,,,,,,,,,,,,,,,,,,,,,,,,,,,,,,,,,,,,,
7,48,,6,,2,3,,,,4,,,,5,1,,,,,,,,,,,,,,,,,,,,,,,,,,,,,,,,,,,,,,,,,,
7,49,,,5,,6,,,2,3,,,,4,1,,,,,,,,,,,,,,,,,,,,,,,,,,,,,,,,,,,,,,,,,,
7,50,,9,5,4,7,6,,3,8,,,,,1,,2,,,,,,,,,,,,,,,,,,,,,,,,,,,,,,,,,,,,,,,,
8,1,,8,,7,6,,,,4,3,5,,,1,2,,,,,,,,,,,,,,,,,,,,,,,,,,,,,,,,,,,,,,,,,
8,2,,4,,2,,,,,5,,,6,,1,3,,,,,,,,,,,,,,,,,,,,,,,,,,,,,,,,,,,,,,,,,
8,3,,,6,5,4,3,,,,,,,,1,2,,,,,,,,,,,,,,,,,,,,,,,,,,,,,,,,,,,,,,,,,
8,4,4,,6,5,2,,,,3,,,,,,1,,,,,,,,,,,,,,,,,,,,,,,,,,,,,,,,,,,,,,,,,
8,5,4,,2,3,,6,,5,,,1,,,,,,,,,,,,,,,,,,,,,,,,,,,,,,,,,,,,,,,,,,,,,
8,6,,,,,4,,,2,3,,1,,6,,5,,,,,,,,,,,,,,,,,,,,,,,,,,,,,,,,,,,,,,,,,
8,7,,,6,,,,2,,,,1,,5,,4,3,,,,,,,,,,,,,,,,,,,,,,,,,,,,,,,,,,,,,,,,
8,8,,,1,,,,,,6,,,5,3,2,,4,,,,,,,,,,,,,,,,,,,,,,,,,,,,,,,,,,,,,,,,
8,9,,,1,2,,,5,4,6,,,,,3,,,,,,,,,,,,,,,,,,,,,,,,,,,,,,,,,,,,,,,,,,
8,10,5,,1,,,6,,2,,,,,4,,,3,,,,,,,,,,,,,,,,,,,,,,,,,,,,,,,,,,,,,,,,
8,11,3,2,1,,,,,4,5,,,,,6,,,,,,,,,,,,,,,,,,,,,,,,,,,,,,,,,,,,,,,,,,
8,12,,6,1,,5,4,3,2,,,,,,,,,,,,,,,,,,,,,,,,,,,,,,,,,,,,,,,,,,,,,,,,
8,13,5,,1,,,6,,2,,,,,4,,,3,,,,,,,,,,,,,,,,,,,,,,,,,,,,,,,,,,,,,,,,
8,14,5,,1,,,6,,2,,,,,4,,,3,,,,,,,,,,,,,,,,,,,,,,,,,,,,,,,,,,,,,,,,
8,15,,,1,,,2,5,3,,,,,4,,,6,,,,,,,,,,,,,,,,,,,,,,,,,,,,,,,,,,,,,,,,
8,16,,,1,5,,4,,3,,,,,2,6,,,,,,,,,,,,,,,,,,,,,,,,,,,,,,,,,,,,,,,,,,
8,17,,,1,,,,4,2,,6,5,,,,,3,,,,,,,,,,,,,,,,,,,,,,,,,,,,,,,,,,,,,,,,
8,18,,,1,,,5,4,2,,,,,6,,,3,,,,,,,,,,,,,,,,,,,,,,,,,,,,,,,,,,,,,,,,
8,19,,,1,,,,2,,5,,,,3,6,,4,,,,,,,,,,,,,,,,,,,,,,,,,,,,,,,,,,,,,,,,
8,20,5,,1,,,6,,2,,,,,4,,,3,,,,,,,,,,,,,,,,,,,,,,,,,,,,,,,,,,,,,,,,
8,21,,6,1,3,2,4,5,,,,,,,,,,,,,,,,,,,,,,,,,,,,,,,,,,,,,,,,,,,,,,,,,
8,22,,,1,3,,,,2,,4,,,5,6,,,,,,,,,,,,,,,,,,,,,,,,,,,,,,,,,,,,,,,,,,
8,23,,5,1,,,2,6,4,,,,,,3,,,,,,,,,,,,,,,,,,,,,,,,,,,,,,,,,,,,,,,,,,
8,24,,,1,4,,,,6,5,,3,,8,7,2,,,,,,,,,,,,,,,,,,,,,,,,,,,,,,,,,,,,,,,,,
8,25,5,6,1,2,4,,,,3,,,,,,,,,,,,,,,,,,,,,,,,,,,,,,,,,,,,,,,,,,,,,,,
8,26,,,1,6,,,,2,,3,,5,4,,,,,,,,,,,,,,,,,,,,,,,,,,,,,,,,,,,,,,,,,,,
8,27,,,1,,,6,,2,,,5,,4,,,3,,,,,,,,,,,,,,,,,,,,,,,,,,,,,,,,,,,,,,,,
8,28,,,1,3,4,,,2,,6,,,5,,,,,,,,,,,,,,,,,,,,,,,,,,,,,,,,,,,,,,,,,,,
8,29,2,,1,,3,,,4,,,,,5,,,6,,,,,,,,,,,,,,,,,,,,,,,,,,,,,,,,,,,,,,,,
8,30,,,1,,6,2,,,,5,,4,3,,,,,,,,,,,,,,,,,,,,,,,,,,,,,,,,,,,,,,,,,,,
8,31,5,,1,,,6,,2,,,,,4,,,3,,,,,,,,,,,,,,,,,,,,,,,,,,,,,,,,,,,,,,,,
8,32,,,1,,,2,,5,6,,,,4,,,3,,,,,,,,,,,,,,,,,,,,,,,,,,,,,,,,,,,,,,,,
8,33,,,1,6,,4,,5,,,,,,,,7,,,,,,,,,,,,,,,,,,,,,,,,,,,,,,,,,,,,,,,,
8,34,,,1,5,,6,,,,,,3,,4,,2,,,,,,,,,,,,,,,,,,,,,,,,,,,,,,,,,,,,,,,,
8,35,5,,1,,6,,,2,,,,,4,,,3,,,,,,,,,,,,,,,,,,,,,,,,,,,,,,,,,,,,,,,,
8,36,,,1,,,4,5,2,,,,,,,6,3,,,,,,,,,,,,,,,,,,,,,,,,,,,,,,,,,,,,,,,,
8,37,,2,1,3,4,,,,,,5,6,,,,,,,,,,,,,,,,,,,,,,,,,,,,,,,,,,,,,,,,,,,,
8,38,,,1,,,4,,6,,,2,,,3,,5,,,,,,,,,,,,,,,,,,,,,,,,,,,,,,,,,,,,,,,,
8,39,,,1,,,6,,2,,,,,4,,,3,,,,,,,,,,,,,,,,,,,,,,,,,,,,,,,,,,,,,,,,
8,40,,,1,,,2,,4,,,,,5,,6,3,,,,,,,,,,,,,,,,,,,,,,,,,,,,,,,,,,,,,,,,
8,41,3,,1,,,,,2,,4,3,,5,,,6,,,,,,,,,,,,,,,,,,,,,,,,,,,,,,,,,,,,,,,,
8,42,,,1,,,,,2,,4,,6,,,5,3,,,,,,,,,,,,,,,,,,,,,,,,,,,,,,,,,,,,,,,,
8,43,,,1,,,,2,4,,6,3,,,,5,,,,,,,,,,,,,,,,,,,,,,,,,,,,,,,,,,,,,,,,,
8,44,4,,1,,,5,2,,,6,,,,,,,,,,,,,,,,,,,,,,,,,,,,,,,,,,,,,,,,,,,,,,
8,45,6,,1,,,,,3,5,,,,4,,,2,,,,,,,,,,,,,,,,,,,,,,,,,,,,,,,,,,,,,,,,
8,46,5,,1,,,6,,2,,,,,4,,,3,,,,,,,,,,,,,,,,,,,,,,,,,,,,,,,,,,,,,,,,
8,47,5,,1,,,6,,2,,,,,4,,,3,,,,,,,,,,,,,,,,,,,,,,,,,,,,,,,,,,,,,,,,
8,48,,4,1,3,11,12,2,,7,,5,6,8,9,10,,,,,,,,,,,,,,,,,,,,,,,,,,,,,,,,,,,,,,,,,
8,49,,6,1,,3,,5,,,,2,4,,,,,,,,,,,,,,,,,,,,,,,,,,,,,,,,,,,,,,,,,,,,
8,50,5,,1,6,2,4,,,,,,,,,,3,,,,,,,,,,,,,,,,,,,,,,,,,,,,,,,,,,,,,,,,
9,1,,,3,6,,4,2,,,5,,,,,,1,,,,,9,10,11,12,,,,,,,,,3,4,5,6,,,,,7,8,,,,,,,,,,,1,2,,
9,2,4,,3,,,,,2,,,,6,5,,,1,,,,,3,4,1,2,,,,,,,,,,,,,11,12,,,,,,,9,10,7,8,,,,,5,6,,
9,3,2,,6,,,,3,5,,,,4,,,,1,,,,,,,,,,,,,,,,,,,,,,,,,,,,,,,,,,,,,,,,
9,4,,,,,,5,2,,3,6,,,,,4,1,,,,,,,,,,,,,,,,,,,,,,,,,,,,,,,,,,,,,,,,
9,5,,,6,5,,2,3,4,,,,,,,,1,,,,,,,,,,,,,,,,,,,,,,,,,,,,,,,,,,,,,,,,
9,6,,,,,,6,,,5,4,,3,2,,,1,,,,,,,,,,,,,,,,,,,,,,,,,,,,,,,,,,,,,,,,
9,7,,,6,5,,2,,,,3,,,,,4,1,,,,,,,,,,,,,,,,,,,,,,,,,,,,,,,,,,,,,,,,
9,8,,,,,,,6,5,,,4,3,2,,,1,,,,,,,,,,,,,,,,,,,,,,,,,,,,,,,,,,,,,,,,
9,9,,,6,,5,,4,3,,,,,2,,,1,,,,,,,,,,,,,,,,,,,,,,,,,,,,,,,,,,,,,,,,
9,10,,,,3,,,,5,,,,6,4,2,,1,,,,,,,,,,,,,,,,,,,,,,,,,,,,,,,,,,,,,,,,
9,11,,,2,,5,,,4,,,3,,6,,,1,,,,,,,,,,,,,,,,,,,,,,,,,,,,,,,,,,,,,,,,
9,12,,,2,,,,3,5,4,,6,,,,,1,,,,,,,,,,,,,,,,,,,,,,,,,,,,,,,,,,,,,,,,
9,13,16,4,15,14,5,6,13,12,11,10,9,8,3,7,2,1,,,,,,,,,,,,,,,,,,,,,,,,,,,,,,,,,,,,,,,,
9,14,,,,,,,4,2,,,,5,3,,6,1,,,,,,,,,,,,,,,,,,,,,,,,,,,,,,,,,,,,,,,,
9,15,,,,,,4,,,,,6,,2,,5,1,,,,,,,,,,,,,,,,,,,,,,,,,,,,,,,,,,,,,,,,
9,16,6,,,,5,,,,,,4,,3,2,,1,,,,,,,,,,,,,,,,,,,,,,,,,,,,,,,,,,,,,,,,
9,17,5,,3,,,6,,2,,,,,4,,,1,,,,,,,,,,,,,,,,,,,,,,,,,,,,,,,,,,,,,,,,
9,18,3,8,13,14,10,3,2,9,12,4,6,5,7,15,11,1,,,,,,,,,,,,,,,,,,,,,,,,,,,,,,,,,,,,,,,,
9,19,,,2,5,,,3,4,,,6,,,,,1,,,,,,,,,,,,,,,,,,,,,,,,,,,,,,,,,,,,,,,,
9,20,5,6,2,,,5,4,3,,,,,,,,1,,,,,,,,,,,,,,,,,,,,,,,,,,,,,,,,,,,,,,,,
9,21,,,,,,5,4,2,,,,6,3,,,1,,,,,,,,,,,,,,,,,,,,,,,,,,,,,,,,,,,,,,,,
9,22,,,4,,,5,3,,,2,6,,,,,1,,,,,,,,,,,,,,,,,,,,,,,,,,,,,,,,,,,,,,,,
9,23,,,,,6,5,,,4,,3,,,,2,1,,,,,,,,,,,,,,,,,,,,,,,,,,,,,,,,,,,,,,,,
9,24,,,,,3,,,5,,,,,2,4,6,1,,,,,,,,,,,,,,,,,,,,,,,,,,,,,,,,,,,,,,,,
9,25,,,2,,3,6,4,5,,,,,,,,1,,,,,,,,,,,,,,,,,,,,,,,,,,,,,,,,,,,,,,,,
9,26,,,2,,,6,3,,,,4,5,,,,1,,,,,,,,,,,,,,,,,,,,,,,,,,,,,,,,,,,,,,,,
9,27,,,,,,,2,5,6,,3,4,,,,1,,,,,,,,,,,,,,,,,,,,,,,,,,,,,,,,,,,,,,,,
9,28,,,3,,,4,5,2,,,,,6,,,1,,,,,,,,,,,,,,,,,,,,,,,,,,,,,,,,,,,,,,,,
9,29,,,,,4,,,,3,,6,5,,,2,1,,,,,,,,,,,,,,,,,,,,,,,,,,,,,,,,,,,,,,,,
9,30,,,2,4,,,3,6,5,,,,,,,1,,,,,,,,,,,,,,,,,,,,,,,,,,,,,,,,,,,,,,,,
9,31,8,2,14,16,13,9,4,10,3,7,12,5,6,15,11,1,,,,,,,,,,,,,,,,,,,,,,,,,,,,,,,,,,,,,,,,
9,32,5,,4,,,,,6,,,,3,2,,,1,,,,,,,,,,,,,,,,,,,,,,,,,,,,,,,,,,,,,,,,
9,33,9,7,6,5,,8,4,,,3,,,2,,,1,,,,,,,,,,,,,,,,,,,,,,,,,,,,,,,,,,,,,,,,
9,34,,,,,,9,10,8,,7,6,5,3,4,2,1,,,,,,,,,,,,,,,,,,,,,,,,,,,,,,,,,,,,,,,,
9,35,,,5,,,,4,,6,2,,,3,,,1,,,,,,,,,,,,,,,,,,,,,,,,,,,,,,,,,,,,,,,,
9,36,,6,,,5,,,,4,,3,,2,,,1,,,,,,,,,,,,,,,,,,,,,,,,,,,,,,,,,,,,,,,,
9,37,,,,,,7,6,8,,5,4,3,2,,,1,,,,,,,,,,,,,,,,,,,,,,,,,,,,,,,,,,,,,,,,
9,38,,,,,,,3,,6,2,4,,5,,,1,,,,,,,,,,,,,,,,,,,,,,,,,,,,,,,,,,,,,,,,
9,39,,,,,,,3,2,,6,,5,4,,,1,,,,,,,,,,,,,,,,,,,,,,,,,,,,,,,,,,,,,,,,
9,40,3,,,,,2,4,6,5,,,,,,,1,,,,,,,,,,,,,,,,,,,,,,,,,,,,,,,,,,,,,,,,
9,41,5,,3,,,6,,2,,,,,4,,,1,,,,,,,,,,,,,,,,,,,,,,,,,,,,,,,,,,,,,,,,
9,42,,,11,12,5,6,7,8,4,2,3,5,4,10,9,1,,,,,,,,,,,,,,,,,,,,,,,,,,,,,,,,,,,,,,,,
9,43,,,6,,,,2,4,,,5,,,,3,1,,,,,,,,,,,,,,,,,,,,,,,,,,,,,,,,,,,,,,,,
9,44,5,,2,,,,3,6,,,,,4,,,1,,,,,,,,,,,,,,,,,,,,,,,,,,,,,,,,,,,,,,,,
9,45,,,2,3,,,,,4,6,5,,,,,1,,,,,,,,,,,,,,,,,,,,,,,,,,,,,,,,,,,,,,,,
9,46,,,2,6,,3,4,,,,,,5,,,1,,,,,,,,,,,,,,,,,,,,,,,,,,,,,,,,,,,,,,,,
9,47,,,,,4,,,5,,,2,,3,6,,1,,,,,,,,,,,,,,,,,,,,,,,,,,,,,,,,,,,,,,,,
9,48,,,,,5,4,2,,,,6,,3,,,1,,,,,,,,,,,,,,,,,,,,,,,,,,,,,,,,,,,,,,,,
9,49,,,,6,,,,,4,3,,,2,5,,1,,,,,,,,,,,,,,,,,,,,,,,,,,,,,,,,,,,,,,,,
9,50,,,,,,5,,,,4,3,,2,6,,1,,,,,,,,,,,,,,,,,,,,,,,,,,,,,,,,,,,,,,,,
10,1,,,,1,,6,3,,,,5,,4,2,,,,,,,,,,,,,,,,,,,,,,,,,,,,,,,,,,,,,,,,,,
10,2,,,6,1,5,,,2,,,4,,3,,,,,,,,,,,,,,,,,,,,,,,,,,,,,,,,,,,,,,,,,,,
10,3,,,,1,4,,,6,,,5,,,2,3,,,,,,,,,,,,,,,,,,,,,,,,,,,,,,,,,,,,,,,,,
10,4,,,,1,6,5,,2,,,3,4,,,,,,,,,,,,,,,,,,,,,,,,,,,,,,,,,,,,,,,,,,,,
10,5,,,,1,,,,6,5,,2,4,3,,,,,,,,,,,,,,,,,,,,,,,,,,,,,,,,,,,,,,,,,,,
10,6,,,5,1,,2,,3,,,,,,4,,6,,,,,,,,,,,,,,,,,,,,,,,,,,,,,,,,,,,,,,,,
10,7,,,,1,5,,4,,6,,,,2,,,3,,,,,,,,,,,,,,,,,,,,,,,,,,,,,,,,,,,,,,,,
10,8,,2,,1,,3,,,,,,4,,6,5,,,,,,,,,,,,,,,,,,,,,,,,,,,,,,,,,,,,,,,,,
10,9,,,,1,5,3,4,2,6,,,,,,,,,,,,,,,,,,,,,,,,,,,,,,,,,,,,,,,,,,,,,,,
10,10,,,,1,,,4,,3,5,,,6,2,,,,,,,,,,,,,,,,,,,,,,,,,,,,,,,,,,,,,,,,,,
10,11,,,,1,5,,,,4,,,6,2,3,,,,,,,,,,,,,,,,,,,,,,,,,,,,,,,,,,,,,,,,,,
10,12,,,,1,5,,,,4,,,6,2,3,,,,,,,,,,,,,,,,,,,,,,,,,,,,,,,,,,,,,,,,,,
10,13,,6,,1,5,3,,,,,4,,,2,,,,,,,,,,,,,,,,,,,,,,,,,,,,,,,,,,,,,,,,,,
10,14,9,10,8,1,2,11,12,14,3,15,13,7,4,6,16,5,,,,,,,,,,,,,,,,,,,,,,,,,,,,,,,,,,,,,,,,
10,15,,,5,1,,,,6,,,,,3,2,4,,,,,,,,,,,,,,,,,,,,,,,,,,,,,,,,,,,,,,,,,
10,16,,6,,1,5,3,,,,,4,,,2,,,,,,,,,,,,,,,,,,,,,,,,,,,,,,,,,,,,,,,,,,
10,17,,,6,1,,,,,,,,5,4,2,3,,,,,,,,,,,,,,,,,,,,,,,,,,,,,,,,,,,,,,,,,
10,18,,,4,1,,5,,3,,,,,6,2,,,,,,,,,,,,,,,,,,,,,,,,,,,,,,,,,,,,,,,,,,
10,19,,6,,1,5,3,,,,,4,,,2,,,,,,,,,,,,,,,,,,,,,,,,,,,,,,,,,,,,,,,,,,
10,20,,5,,1,,,,,,,3,2,,4,6,,,,,,,,,,,,,,,,,,,,,,,,,,,,,,,,,,,,,,,,,
10,21,,6,,1,5,3,,,,,4,,,2,,,,,,,,,,,,,,,,,,,,,,,,,,,,,,,,,,,,,,,,,,
10,22,,3,2,1,4,5,6,7,8,9,,10,11,,12,,,,,,,,,,,,,,,,,,,,,,,,,,,,,,,,,,,,,,,,,
10,23,,,,1,2,6,,5,,,3,,,4,,,,,,,,,,,,,,,,,,,,,,,,,,,,,,,,,,,,,,,,,,
10,24,2,,,1,,,,,3,4,5,,6,,,,,,,,,,,,,,,,,,,,,,,,,,,,,,,,,,,,,,,,,,,
10,25,,,,1,,2,,3,4,,,,5,6,,,,,12,,,,,,1,,,,,,2,,,,,,3,,4,,5,,6,,7,,8,,9,,10,,11,,,
10,26,,,2,1,,,3,,,,5,,4,6,,,,,,,,,,,,,,,,,,,,,,,,,,,,,,,,,,,,,,,,,,
10,27,,,,1,4,6,,,,,2,5,,3,,,,,,,,,,,,,,,,,,,,,,,,,,,,,,,,,,,,,,,,,,
10,28,,,3,1,4,5,6,,,,2,,,,,,,,,,,,,,,,,,,,,,,,,,,,,,,,,,,,,,,,,,,,,
10,29,,,,1,,4,,,,,3,6,5,2,,,,,,,,,,,,,,,,,,,,,,,,,,,,,,,,,,,,,,,,,,
10,30,6,5,2,1,,,,3,,,,,,4,,,,,,,,,,,,,,,,,,,,,,,,,,,,,,,,,,,,,,,,,,
10,31,,,5,1,,6,,2,,,,,4,3,,,,,,,,,,,,,,,,,,,,,,,,,,,,,,,,,,,,,,,,,,
10,32,,,4,1,3,5,,2,,,6,,,,,,,,,,,,,,,,,,,,,,,,,,,,,,,,,,,,,,,,,,,,,
10,33,,,,1,,6,,,4,,3,,2,,5,,,,,,,,,,,,,,,,,,,,,,,,,,,,,,,,,,,,,,,,,
10,34,6,,,1,,5,,,,,2,4,,3,,,,,,,,,,,,,,,,,,,,,,,,,,,,,,,,,,,,,,,,,,
10,35,,,,1,2,,,,,6,5,,3,,4,,,,,,,,,,,,,,,,,,,,,,,,,,,,,,,,,,,,,,,,,
10,36,,,,1,,,,6,,3,5,,2,4,,,,,,,,,,,,,,,,,,,,,,,,,,,,,,,,,,,,,,,,,,
10,37,,6,,1,5,3,,,,,4,,,2,,,,,,,,,,,,,,,,,,,,,,,,,,,,,,,,,,,,,,,,,,
10,38,4,3,2,1,5,6,7,8,9,10,11,12,13,14,15,16,,,,,,,,,,,,,,,,,,,,,,,,,,,,,,,,,,,,,,,,
10,39,2,,,1,5,,6,4,,,,,3,,,,,,,,,,,,,,,,,,,,,,,,,,,,,,,,,,,,,,,,,,,
10,40,,,,1,6,5,,,4,,2,,,3,,,,,,,,,,,,,,,,,,,,,,,,,,,,,,,,,,,,,,,,,,
10,41,,,,1,,6,,2,,,,,3,5,,4,,,,,,,,,,,,,,,,,,,,,,,,,,,,,,,,,,,,,,,,
10,42,,,,1,4,5,2,,6,,,,3,,,,,,,,,,,,,,,,,,,,,,,,,,,,,,,,,,,,,,,,,,,
10,43,,,,1,,3,,,6,,,5,4,2,,,,,,,,,,,,,,,,,,,,,,,,,,,,,,,,,,,,,,,,,,
10,44,,,4,1,,,5,,3,,2,,3,6,,,,,,,,,,,,,,,,,,,,,,,,,,,,,,,,,,,,,,,,,,
10,45,,,2,1,,3,6,5,,,,,,,,4,,,,,,,,,,,,,,,,,,,,,,,,,,,,,,,,,,,,,,,,
10,46,,,,1,,,,5,6,,2,,3,,,4,,,,,,,,,,,,,,,,,,,,,,,,,,,,,,,,,,,,,,,,
10,47,,6,,1,5,4,,,,,3,,,2,,,,,,,,,,,,,,,,,,,,,,,,,,,,,,,,,,,,,,,,,,
10,48,2,,,1,,,,3,,,,,6,4,,5,,,,,,,,,,,,,,,,,,,,,,,,,,,,,,,,,,,,,,,,
10,49,4,3,2,1,5,6,7,8,9,10,11,12,13,14,15,16,,,,,,,,,,,,,,,,,,,,,,,,,,,,,,,,,,,,,,,,
10,50,,6,,1,5,3,,,,,4,,,2,,,,,,,,,,,,,,,,,,,,,,,,,,,,,,,,,,,,,,,,,,
11,1,,,5,3,,6,,2,,,,,,1,4,,,,,,,,,,,,,,,,,,,,,,,,,,,,,,,,,,,,,,,,,
11,2,5,6,,2,,3,,,,,,,,1,4,,,,,,,,,,,,,,,,,,,,,,,,,,,,,,,,,,,,,,,,,
11,3,,4,,5,3,,,,2,,6,,,1,,,,,,,,,,,,,,,,,,,,,,,,,,,,,,,,,,,,,,,,,,
11,4,,4,,5,3,,,,2,,6,,,1,,,,,,,,,,,,,,,,,,,,,,,,,,,,,,,,,,,,,,,,,,
11,5,,,5,4,3,,,,6,,,,2,1,,,,,,,,,,,,,,,,,,,,,,,,,,,,,,,,,,,,,,,,,,
11,6,,,5,2,,,,4,,,3,,,1,6,,,,,,,,,,,,,,,,,,,,,,,,,,,,,,,,,,,,,,,,,
11,7,,,,2,,,,6,4,,,,5,1,3,,,,,,,,,,,,,,,,,,,,,,,,,,,,,,,,,,,,,,,,,
11,8,,,5,2,,,,,6,,3,,4,1,,,,,,,,,,,,,,,,,,,,,,,,,,,,,,,,,,,,,,,,,,
11,9,,6,,2,4,3,,,5,,,,,1,,,,,,,,,,,,,,,,,,,,,,,,,,,,,,,,,,,,,,,,,,
11,10,6,,,2,3,,,,,,4,,,1,5,,,,,,,,,,,,,,,,,,,,,,,,,,,,,,,,,,,,,,,,,
11,11,,,,3,,,,6,,,4,,5,1,,2,,,,,,,,,,,,,,,,,,,,,,,,,,,,,,,,,,,,,,,,
11,12,,,2,3,,,,,,,,6,,1,5,4,,,,,,,,,,,,,,,,,,,,,,,,,,,,,,,,,,,,,,,,
11,13,,,,3,4,,,,5,,2,6,,1,,,,,,,,,,,,,,,,,,,,,,,,,,,,,,,,,,,,,,,,,,
11,14,,,2,,5,,,6,,,3,,4,1,,,,,,,,,,,,,,,,,,,,,,,,,,,,,,,,,,,,,,,,,,
11,15,,,6,2,5,,,7,,,3,,,1,,4,,,,,,,,,,,,,,,,,,,,,,,,,,,,,,,,,,,,,,,,
11,16,,,,,,,,,,,3,6,2,1,4,5,,,,,,,,,,,,,,,,,,,,,,,,,,,,,,,,,,,,,,,,
11,17,,6,,2,5,3,,,,,4,,,1,,,,,,,,,,,,,,,,,,,,,,,,,,,,,,,,,,,,,,,,,,
11,18,,6,,2,5,,,,,,3,,,1,4,,,,,,,,,,,,,,,,,,,,,,,,,,,,,,,,,,,,,,,,,
11,19,8,9,,2,10,11,5,3,4,7,14,6,5,1,12,13,,,,,,,,,,,,,,,,,,,,,,,,,,,,,,,,,,,,,,,,
11,20,,,,5,,,2,,3,,,,6,1,,4,,,,,,,,,,,,,,,,,,,,,,,,,,,,,,,,,,,,,,,,
11,21,,2,,,6,,,,5,,3,,,1,4,,,,,,,,,,,,,,,,,,,,,,,,,,,,,,,,,,,,,,,,,
11,22,,6,,2,5,4,,,,,3,,,1,,,,,,,,,,,,,,,,,,,,,,,,,,,,,,,,,,,,,,,,,,
11,23,,,4,2,3,5,,,,,,,6,1,,,,,,,,,,,,,,,,,,,,,,,,,,,,,,,,,,,,,,,,,,
11,24,,,5,3,2,,,,4,,,,6,1,,,,,,,,,,,,,,,,,,,,,,,,,,,,,,,,,,,,,,,,,,
11,25,,,,,,2,,3,,,4,,,1,6,5,,,,,,,,,,,,,,,,,,,,,,,,,,,,,,,,,,,,,,,,
11,26,1,6,2,4,3,5,,,,,,,,,,,,,,,,,,,,,,,,,,,,,,,,,,,,,,,,,,,,,,,,,,
11,27,1,,2,3,,5,,4,,6,,,,,,,,,,,,,,,,,,,,,,,,,,,,,,,,,,,,,,,,,,,,,,
11,28,1,6,2,4,3,,,,,,,,,,,,,,,,,,,,,,,,,,,,,,,,,,,,,,,,,,,,,,,,,,,
11,29,1,13,14,15,11,12,2,8,7,3,9,6,5,16,10,4,,,,,,,,,,,,,,,,,,,,,,,,,,,,,,,,,,,,,,,,
11,30,1,,2,3,,,,,,,4,,5,,6,,,,,,,,,,,,,,,,,,,,,,,,,,,,,,,,,,,,,,,,,
11,31,1,6,2,4,3,,,,,,,,,,,,,,,,,,,,,,,,,,,,,,,,,,,,,,,,,,,,,,,,,,,
11,32,1,2,5,,,5,,2,5,2,,,8,5,2,5,2,1,2,1,1,2,3,4,1,2,3,,1,2,3,9,1,2,3,4,1,2,1,2,3,5,1,2,1,2,3,2,,,,,5,,,
11,33,1,2,3,4,5,6,7,8,9,10,11,12,13,14,15,16,,,,,,,,,,,,,,,,,,,,,,,,,,,,,,,,,,,,,,,,
11,34,1,2,3,4,5,6,,,,,,,,,,,,,,,,,,,,,,,,,,,,,,,,,,,,,,,,,,,,,,,,,,
11,35,1,,,2,,3,12,11,4,9,,6,10,5,8,7,,,,,,,,,,,,,,,,,,,,,,,,,,,,,,,,,,,,,,,,
11,36,1,,6,7,,,5,,,3,,,4,,,2,,,,,,,,,,,,,,,,,,,,,,,,,,,,,,,,,,,,,,,,
11,37,1,9,6,8,10,5,4,2,11,7,13,12,3,16,14,15,,,,,,,,,,,,,,,,,,,,,,,,,,,,,,,,,,,,,,,,
11,38,1,6,2,4,3,,,,,,,,,,,,,,,,,,,,,,,,,,,,,,,,,,,,,,,,,,,,,,,,,,,
11,40,1,,,,,,5,,,4,6,,3,,,2,,,,,,,,,,,,,,,,,,,,,,,,,,,,,,,,,,,,,,,,
11,41,1,,,,,6,,2,,,,,4,,,3,,,,,,,,,,,,,,,,,,,,,,,,,,,,,,,,,,,,,,,,
11,42,1,,2,6,,,5,,4,,,,3,,,,1,,,,,12,,,2,,,,,3,7,,,4,,,,5,6,,11,10,8,9,,,,,,,,,,,,
11,43,1,2,3,4,5,6,7,8,9,10,11,12,13,14,,,,,,,,,,,,,,,,,,,,,,,,,,,,,,,,,,,,,,,,,,
11,44,1,6,2,4,3,5,,,,,,,,,,,,,,,,,,,,,,,,,,,,,,,,,,,,,,,,,,,,,,,,,,
11,45,1,2,3,4,5,6,,,,,,,,,,,,,,,,,,,,,,,,,,,,,,,,,,,,,,,,,,,,,,,,,,
11,46,1,5,2,7,3,4,6,8,10,9,,,,,,,,,,,,,,,,,,,,,,,,,,,,,,,,,,,,,,,,,,,,,,
11,47,1,2,3,4,5,6,7,8,9,10,11,12,13,14,15,16,,,,,,,,,,,,,,,,,,,,,,,,,,,,,,,,,,,,,,,,
11,48,1,6,2,,3,5,4,,,,,,,,,,,,,,,,,,,,,,,,,,,,,,,,,,,,,,,,,,,,,,,,,
11,49,,1,5,2,,3,,4,,6,,,,,,,,,,,,,,,,,,,,,,,,,,,,,,,,,,,,,,,,,,,,,,
11,50,,1,,2,3,4,,5,6,,,,,,,,,,,,,,,,,,,,,,,,,,,,,,,,,,,,,,,,,,,,,,,
12,1,,,,,,,,,,,,,,,,,,,11,12,,,,,5,6,7,8,,,3,4,,,,,,,9,10,,,,,,,,,1,2,,,,,,
12,2,,,,,,,,,,,,,,,,,29,30,21,22,37,38,39,40,3,4,5,6,7,8,27,28,33,34,35,36,25,26,23,24,19,20,9,10,11,12,13,14,1,2,17,18,31,32,15,16
12,3,,,,,,,,,,,,,,,,,,,11,12,,,,,3,4,5,6,,,,,,,,,,,,,,,9,10,,,7,8,1,2,,,,,,
12,4,,,,,,,,,,,,,,,,,,,,,,,,,6,3,5,2,,12,7,8,,,,,11,,,,,,9,10,,,,,1,4,,,,,,
12,5,,,,,,,,,,,,,,,,,,,,,3,4,5,6,,,,,,,11,12,,,,,7,8,9,10,,,,,,,1,2,,,,,,,,
12,6,,,3,,6,,4,,2,,1,,5,,,,3,4,,12,5,7,,,,,,,9,,,,7,,,,,10,,,,11,1,2,8,,,,,,,,,,,
12,7,,,,,,,,,,,,,,,,,27,28,9,10,23,24,25,26,5,6,7,8,11,12,,,,,,,29,30,21,22,13,14,1,2,15,16,17,18,3,4,19,20,,,31,32
12,8,,,,,,,,,,,,,,,,,,,,,,,,12,9,,10,11,4,,,,,,,,8,,,,6,7,1,5,,,2,,3,,,,,,,
12,9,,,2,3,,,,1,4,,,,,6,5,,,,,,4,,6,,,3,,5,,,,,,,,,2,1,7,8,,,,,,,9,10,,,11,12,,,,
12,10,,,2,3,,,,4,5,,,,6,,,1,,12,11,,,,10,,3,,,,,4,2,,,5,,,1,,,6,,,,7,8,,,9,,,,,,,,
12,11,,,,,,,,,,,,,,,,,,,,,8,7,6,5,,,12,11,,,1,2,,,,,3,4,,,,,,,,,,,10,9,,,,,,
12,12,,,,,,,,,,,,,,,,,,,,,9,,,,8,3,10,4,11,12,1,2,,,,,,,,,,,,,,,5,,6,7,,,,,,
12,13,,,,,,,,,,,,,,,,,,,7,8,,,,,3,4,5,6,9,10,1,2,,,,,,,,,,,,,,,,,11,12,13,14,,,,
12,14,,,,,,,,,,,,,,,,,,,,,9,10,,,5,6,7,8,,,1,2,,,,,,,,,,,3,4,,,,,,,,,,,,
12,15,,,,,,,,,,,,,,,,,,,9,10,,,,,1,2,3,4,11,12,,,,,,,,,,,,,,,,,,,5,6,7,8,,,,
12,16,,,,1,5,,,6,,,4,3,2,,,,,,,,,,,,1,2,3,4,,,,,,,,,,,11,12,,,7,8,9,10,5,6,,,,,,,,
12,17,,,,,,,,,,,,,,,,,,,11,12,,,,,2,1,3,4,,,,,,,,,,,,,,,7,8,,,,,5,6,9,10,,,,
12,18,,,,2,,,,3,,,1,,4,5,,6,,,,,,,,,,,1,,2,,,,,,,,,4,3,,,,,,5,,,6,7,,,,,,,
12,19,4,2,1,12,3,,5,6,9,8,7,10,12,11,,,,,,,,,,,,,,1,2,,,,,,,,,3,,,4,,,5,,6,,,,,,,,,,
12,20,,,,1,2,3,4,5,6,,,,,,,,,,,,7,8,9,10,1,2,3,4,5,6,11,12,,,,,,,,,,,,,,,,,,,,,,,,
12,21,,,,1,,,,,2,,,4,3,,,,,,,,,,,,3,2,,1,,,,,,,,,,,,4,,,,,6,,5,,,,,,,,,
12,22,,,,1,4,,,5,2,,,6,3,,,,,,,,,,,,1,2,3,4,5,6,,,,,,,,,7,8,,,,,,,9,10,,,11,12,,,,
12,23,,,,,,,,,,,,,,,,,,,,,5,,,,1,,,,,,2,,,,,,6,,,,,,,,,,,,4,,,,,3,,
12,24,,,,,,,,,,,,,,,,,,,,,2,4,1,3,,,,,,,,,12,9,10,11,,,,,,,,,,,5,6,,,,,7,8,,
12,25,,,,,,,,,,,,,,,,,,,13,14,4,3,1,2,,,,,,,,,,,,,5,6,7,8,,,,,,,9,10,,,,,11,12,,
12,26,,,1,,,,,,,,,,,,,,,,,,1,,,,,,,,2,,,,3,,,,4,,,,5,,6,,7,,8,,,,,,,,,
12,27,,,,,,,,,,,,,,,,,,,,,2,3,1,4,,,,,,,,,9,7,10,8,,,,,,,,,,,5,6,,,,,,,11,12
12,28,,,,,,,,,,,,,,,,,11,,,,12,1,2,3,,,,,,,,10,,,,,4,5,,,,,,,,,8,9,,,,,6,7,,
12,29,,,,,,,,,,,,,,,,,,,,,,1,2,7,,,,,,,3,6,8,9,10,11,4,5,,,12,,,,,,,,,,,,,,,
12,30,,,,,,,,,,,,,,,,,9,10,15,16,31,32,33,34,35,36,38,37,20,19,25,26,21,22,23,24,29,30,18,17,1,2,7,8,3,4,27,28,39,40,5,6,11,12,13,14
12,31,,,,,,,,,,,,,,,,,13,14,23,24,31,32,33,34,35,36,37,38,15,16,11,12,19,20,21,22,29,30,25,26,1,2,9,10,5,6,17,18,39,40,3,4,7,8,27,28
12,32,,,,,,,,,,,,,,,,,,,,,,,,,,,,,,,,,5,6,7,8,,,9,10,1,2,11,12,,,,,,,,,3,4,,
12,33,,,,,,,,,,,,,,,,,,,9,10,,,,,,,,,7,8,,,,11,12,,,,13,14,1,2,,,,,5,6,,,,,3,4,,
12,34,,,,,,,,,,,2,,,,,1,,,,,,,,,,,,,,,,,9,10,11,12,,,,,,,3,4,5,6,,,,,,,1,2,7,8
12,35,,,,,,5,,2,4,3,,,6,,,1,,,,,,,,,,,,,11,12,,,,,,,3,4,5,6,,,9,10,,8,7,,,,,,1,2,,
12,36,,,,,,,,,,,,,,,,,,,9,,13,,,,12,,,,,,4,,3,,,,5,,6,,,,2,,7,,8,,11,,10,,1,,,
12,37,,,,,,,,,,,,,,,,,,,,,11,,,,,,,,,,,,7,5,8,6,,,,,3,4,9,10,,,12,,,,,,1,2,,
12,38,,,,,,,,,,,,,,,,,,,,,7,,,,,8,,6,,,5,,,,,9,4,,10,,,,,,,,2,3,,,11,,1,12,,
12,39,,,,,,,,5,4,,,3,6,2,1,,,,,,,,,,,,,,,,,,,,,,,,,,,,,,,,,,,,,,,,,
12,40,,,,,4,5,,3,,,,2,6,,1,,,,,,,,,,,,,,,,,,,,,,,,,,,,,,,,,,,,,,,,,
12,41,,,5,6,,,,4,,,2,,,,1,3,,,,,,,,,,,,,,,,,,,,,,,,,,,,,,,,,,,,,,,,
12,42,,,,,,,,4,5,6,3,,2,,,1,,,,,,,,,,,,,,,,,,,,,,,,,,,,,,,,,,,,,,,,
12,43,,6,5,4,,,,,3,,2,,,,,1,,,,,,,,,,,,,,,,,,,,,,,,,,,,,,,,,,,,,,,,
12,44,,,,,6,,4,,,,3,5,2,,,1,,,,,,,,,,,,,,,,,,,,,,,,,,,,,,,,,,,,,,,,
12,45,,,,,4,2,1,3,6,,,5,,,,,5,6,,,,,,,,,,,,,,,1,2,3,4,,,,,11,12,,,7,8,9,10,,,,,,,,
12,46,,,,2,,,,,3,,,,6,1,5,4,,,,,,,,,3,4,5,6,,,,,,,,,,,7,8,,,,,,,9,,1,2,12,,10,11,,
12,47,,,,,,,,,,,,,,,,,11,12,9,10,31,32,33,34,4,3,5,6,7,8,13,14,37,40,39,38,25,26,23,24,27,28,15,16,21,22,29,30,1,2,17,18,35,36,19,20
12,48,,,,,,,,,,,,,,,,,,,,,,,,,,,,,,8,4,3,,,,,,,10,7,9,11,12,5,13,14,,6,15,16,,,,,2,1
12,49,,,,,,,,,,,,,,,,,,,,,,,,,3,4,5,6,,,,,,,,,,,,,,,,,,,11,12,1,2,9,10,,,7,8
12,50,,,,,,,,,,,,,,,,,,,,,,,,,5,6,7,8,11,12,9,10,,,,,,,,,,,3,4,,,,,1,2,,,,,,
13,1,,,1,,,,,3,6,,5,,,,2,4,,,,,,,,,,,,,,,,,,,,,,,,,,,,,,,,,,,,,,,,
13,2,,,1,,6,3,,,,,2,,,4,5,,,,,,,,,,,,,,,,,,,,,,,,,,,,,,,,,,,,,,,,,
13,3,,,1,,,4,,2,,,,,5,,6,3,,,,,,,,,,,,,,,,,,,,,,,,,,,,,,,,,,,,,,,,
13,4,,,1,,,3,4,,,,,,5,6,,2,,,,,,,,,,,,,,,,,,,,,,,,,,,,,,,,,,,,,,,,
13,5,,,1,,,,,2,3,,,6,,4,,5,,,,,,,,,,,,,,,,,,,,,,,,,,,,,,,,,,,,,,,,
13,6,,,1,,,,,2,3,4,,5,6,,,,,,,,,,,,,,,,,,,,,,,,,,,,,,,,,,,,,,,,,,,
13,7,,,1,,,,,5,4,6,,,2,,,3,,,,,,,,,,,,,,,,,,,,,,,,,,,,,,,,,,,,,,,,
13,8,5,,1,,,6,,2,,,,,4,,,3,,,,,,,,,,,,,,,,,,,,,,,,,,,,,,,,,,,,,,,,
13,9,,,1,,5,4,2,3,,,6,,,,,,,,,,,,,,,,,,,,,,,,,,,,,,,,,,,,,,,,,,,,,
13,10,,,1,,,6,,2,,,,,3,5,,4,,,,,,,,,,,,,,,,,,,,,,,,,,,,,,,,,,,,,,,,
13,11,,,1,,2,,3,4,,,,,6,,,5,,,,,,,,,,,,,,,,,,,,,,,,,,,,,,,,,,,,,,,,
13,12,5,,1,,,6,,2,,,,,4,,,3,,,,,,,,,,,,,,,,,,,,,,,,,,,,,,,,,,,,,,,,
13,13,,,1,,,,,,3,,2,,4,5,,6,,,,,,,,,,,,,,,,,,,,,,,,,,,,,,,,,,,,,,,,
13,14,,,1,,,,6,4,,,,,2,3,,5,,,,,,,,,,,,,,,,,,,,,,,,,,,,,,,,,,,,,,,,
13,15,,8,7,9,6,10,2,3,4,12,1,5,,,,,,,,,,,,,,,,,,,,,,,,,,,,,,,,,,,,,,,,,,,,
13,16,5,,1,6,,6,,2,,,,,4,,,3,,,,,,,,,,,,,,,,,,,,,,,,,,,,,,,,,,,,,,,,
13,17,,,1,,,2,6,3,,,,,5,,,4,,,,,,,,,,,,,,,,,,,,,,,,,,,,,,,,,,,,,,,,
13,18,,,1,,,,6,2,3,,5,,4,,,,,,,,,,,,,,,,,,,,,,,,,,,,,,,,,,,,,,,,,,,
13,19,,,1,,,,2,3,,,,6,4,,,5,,,,,,,,,,,,,,,,,,,,,,,,,,,,,,,,,,,,,,,,
13,20,4,,1,5,6,,,3,,,2,,,,,,,,,,,,,,,,,,,,,,,,,,,,,,,,,,,,,,,,,,,,,
13,21,5,,1,,,6,,2,,,,,4,,,3,,,,,,,,,,,,,,,,,,,,,,,,,,,,,,,,,,,,,,,,
13,22,5,,1,,,6,,2,,,,,4,,,3,,,,,,,,,,,,,,,,,,,,,,,,,,,,,,,,,,,,,,,,
13,23,,,1,,,6,,2,,,,,4,,,3,,,,,,,,,,,,,,,,,,,,,,,,,,,,,,,,,,,,,,,,
13,24,,,1,,6,6,,2,,,,,4,,,3,,,,,,,,,,,,,,,,,,,,,,,,,,,,,,,,,,,,,,,,
13,25,,,1,,,3,,5,,,4,,3,,,2,,,,,,,,,,,,,,,,,,,,,,,,,,,,,,,,,,,,,,,,
13,26,,,1,6,,,4,5,,,,,,3,,2,,,,,,,,,,,,,,,,,,,,,,,,,,,,,,,,,,,,,,,,
13,27,,,1,,3,,,6,2,,4,,,5,,,,,,,,,,,,,,,,,,,,,,,,,,,,,,,,,,,,,,,,,,
13,28,5,3,1,2,4,6,,,,,,,,,,,,,,,,,,,,,,,,,,,,,,,,,,,,,,,,,,,,,,,,,,
13,29,,,1,,,5,,6,,,4,,3,,,2,,,,,,,,,,,,,,,,,,,,,,,,,,,,,,,,,,,,,,,,
13,30,5,,1,,,6,,2,,,,,4,,,3,,,,,,,,,,,,,,,,,,,,,,,,,,,,,,,,,,,,,,,,
13,31,,,1,,,6,,2,,,,,4,,,3,,,,,,,,,,,,,,,,,,,,,,,,,,,,,,,,,,,,,,,,
13,32,,,1,6,,,5,3,,,,,4,,,2,,,,,,,,,,,,,,,,,,,,,,,,,,,,,,,,,,,,,,,,
13,33,,,1,,6,,5,2,,,,,4,,,3,,,,,,,,,,,,,,,,,,,,,,,,,,,,,,,,,,,,,,,,
13,34,,,1,,,,,2,3,,,4,5,6,,,,,,,,,,,,,,,,,,,,,,,,,,,,,,,,,,,,,,,,,,
13,35,,,1,,,,,2,5,,,6,3,4,,,,,,,,,,,,,,,,,,,,,,,,,,,,,,,,,,,,,,,,,,
13,36,,,1,,,6,,2,,,,,4,,,3,,,,,,,,,,,,,,,,,,,,,,,,,,,,,,,,,,,,,,,,
13,37,,,1,,,,,,4,,2,,,3,,,,,,,,,,,,,,,,,,,,,,,,,,,,,,,,,,,,,,,,,,
13,38,,,1,,,,6,3,4,,,,5,,,2,,,,,,,,,,,,,,,,,,,,,,,,,,,,,,,,,,,,,,,,
13,39,,,1,,,4,3,,,,2,,,,6,5,,,,,,,,,,,,,,,,,,,,,,,,,,,,,,,,,,,,,,,,
13,40,5,,1,,,6,,2,,,,,4,,,3,,,,,,,,,,,,,,,,,,,,,,,,,,,,,,,,,,,,,,,,
13,41,,,1,,,,,,,,2,6,3,,5,4,,,,,,,,,,,,,,,,,,,,,,,,,,,,,,,,,,,,,,,,
13,42,,,1,,2,,,,3,,4,,5,6,,,,,,,,,,,,,,,,,,,,,,,,,,,,,,,,,,,,,,,,,,
13,43,5,,1,,,6,,2,,,,,4,,,3,,,,,,,,,,,,,,,,,,,,,,,,,,,,,,,,,,,,,,,,
13,44,,,1,3,,,,2,,,4,6,5,,,,,,,,,,,,,,,,,,,,,,,,,,,,,,,,,,,,,,,,,,,
13,45,5,,1,,,6,,2,,,,,4,,,3,,,,,,,,,,,,,,,,,,,,,,,,,,,,,,,,,,,,,,,,
13,46,,,1,5,,6,4,2,,,,,,,,3,,,,,,,,,,,,,,,,,,,,,,,,,,,,,,,,,,,,,,,,
13,47,5,,1,6,,,,,,,2,,3,,4,,,,,,,,,,,,,,,,,,,,,,,,,,,,,,,,,,,,,,,,,
13,48,6,,1,11,,4,,3,5,10,,,7,8,9,2,,,,,,,,,,,,,,,,,,,,,,,,,,,,,,,,,,,,,,,,
13,49,,6,1,,5,,,2,7,8,4,,,9,10,3,,,,,,,,,,,,,,,,,,,,,,,,,,,,,,,,,,,,,,,,
13,50,,,1,,,5,,4,,,,6,2,,,3,,,,,,,,,,,,,,,,,,,,,,,,,,,,,,,,,,,,,,,,
14,1,,,1,,6,4,2,5,,,,,,,,3,,,,,,,,,,,,,,,,,,,,,,,,,,,,,,,,,,,,,,,,
14,2,14,13,1,15,12,4,5,2,11,10,6,7,8,16,9,3,,,,,,,,,,,,,,,,,,,,,,,,,,,,,,,,,,,,,,,,
14,3,,,1,,,,2,3,,,5,,6,,,4,,,,,,,,,,,,,,,,,,,,,,,,,,,,,,,,,,,,,,,,
14,4,,,1,,,,4,2,,,,5,6,,,3,,,,,,,,,,,,,,,,,,,,,,,,,,,,,,,,,,,,,,,,
14,5,5,,1,,,6,,2,,,,,4,,,3,,,,,,,,,,,,,,,,,,,,,,,,,,,,,,,,,,,,,,,,
14,6,,,1,6,,,,,4,,,5,2,,,3,,,,,,,,,,,,,,,,,,,,,,,,,,,,,,,,,,,,,,,,
14,7,,,1,2,,,,3,6,,,,4,5,,,,,,,,,,,,,,,,,,,,,,,,,,,,,,,,,,,,,,,,,,
14,8,1,,2,,,,5,6,,,4,,,,,3,,,,,,,,,,,,,,,,,,,,,,,,,,,,,,,,,,,,,,,,
14,9,,5,1,,2,,,,,6,,,3,4,,,,,,,,,,,,,,,,,,,,,,,,,,,,,,,,,,,,,,,,,,
14,10,5,,1,,,6,,2,,,,,4,,,3,,,,,,,,,,,,,,,,,,,,,,,,,,,,,,,,,,,,,,,,
14,11,9,,1,8,,,,2,,10,,7,3,4,6,5,,,,,,,,,,,,,,,,,,,,,,,,,,,,,,,,,,,,,,,,
14,12,,,1,,,6,,2,,,,,4,,,3,,,,,,,,,,,,,,,,,,,,,,,,,,,,,,,,,,,,,,,,
14,13,,,1,,,6,,5,,,4,3,2,,,,,,,,,,,,,,,,,,,,,,,,,,,,,,,,,,,,,,,,,,,
14,14,,,1,4,,5,,2,,,,,3,6,,,,,,,,,,,,,,,,,,,,,,,,,,,,,,,,,,,,,,,,,,
14,15,3,,1,,6,,,2,5,,,,4,,,,,,,,,,,,,,,,,,,,,,,,,,,,,,,,,,,,,,,,,,,
14,16,5,,1,,,6,,2,,,3,,,4,,,,,,,,,,,,,,,,,,,,,,,,,,,,,,,,,,,,,,,,,,
14,17,,,1,,,4,6,2,,,,,5,,,3,,,,,,,,,,,,,,,,,,,,,,,,,,,,,,,,,,,,,,,,
14,18,,,1,,,2,5,4,,,3,,6,,,,,,,,,,,,,,,,,,,,,,,,,,,,,,,,,,,,,,,,,,,
14,19,,,1,,,3,4,,,,,5,6,,,2,,,,,,,,,,,,,,,,,,,,,,,,,,,,,,,,,,,,,,,,
14,20,,,1,,,6,,,5,,2,,3,4,,,,,,,,,,,,,,,,,,,,,,,,,,,,,,,,,,,,,,,,,,
14,21,5,,1,,,6,,2,,,,,4,,,3,,,,,,,,,,,,,,,,,,,,,,,,,,,,,,,,,,,,,,,,
14,22,,,1,,,,,2,6,,5,,4,,,3,,,,,,,,,,,,,,,,,,,,,,,,,,,,,,,,,,,,,,,,
14,23,6,5,1,2,3,4,7,8,9,11,10,12,13,14,15,16,,,,,,,,,,,,,,,,,,,,,,,,,,,,,,,,,,,,,,,,
14,24,5,,1,,,6,,2,,,,,4,,,3,,,,,,,,,,,,,,,,,,,,,,,,,,,,,,,,,,,,,,,,
14,25,,2,1,,3,4,,5,,6,,,,,,,,,,,,,,,,,,,,,,,,,,,,,,,,,,,,,,,,,,,,,,
14,26,,,1,,,2,,3,6,,,,,4,,5,,,,,,,,,,,,,,,,,,,,,,,,,,,,,,,,,,,,,,,,
14,27,,,1,,,,,2,3,,,,4,5,,6,,,,,,,,,,,,,,,,,,,,,,,,,,,,,,,,,,,,,,,,
14,28,,,1,,4,,,,,,2,6,,5,,3,,,,,,,,,,,,,,,,,,,,,,,,,,,,,,,,,,,,,,,,
14,29,5,,1,,,6,,2,,,,,4,,,3,,,,,,,,,,,,,,,,,,,,,,,,,,,,,,,,,,,,,,,,
14,30,,,1,,,,5,4,7,,3,,6,,,2,,,,,,,,,,,,,,,,,,,,,,,,,,,,,,,,,,,,,,,,
14,31,5,,1,,,6,,2,,,,,4,,,3,,,,,,,,,,,,,,,,,,,,,,,,,,,,,,,,,,,,,,,,
14,32,2,,1,,,,,,6,,,5,4,,,3,,,,,,,,,,,,,,,,,,,,,,,,,,,,,,,,,,,,,,,,
14,33,,,1,6,,2,,,3,,,,4,,,5,,,,,,,,,,,,,,,,,,,,,,,,,,,,,,,,,,,,,,,,
14,34,,,1,,,6,,2,,,,,4,,,3,,,,,,,,,,,,,,,,,,,,,,,,,,,,,,,,,,,,,,,,
14,35,,,1,,6,,5,,3,,,,2,4,,,,,,,,,,,,,,,,,,,,,,,,,,,,,,,,,,,,,,,,,,
14,36,,,1,,,4,6,2,,5,,,3,,,,,,,,,,,,,,,,,,,,,,,,,,,,,,,,,,,,,,,,,,,
14,37,,,1,,6,,5,,,,,,2,4,,3,,,,,,,,,,,,,,,,,,,,,,,,,,,,,,,,,,,,,,,,
14,38,,,1,2,,3,,4,,,,,,5,,6,,,,,,,,,,,,,,,,,,,,,,,,,,,,,,,,,,,,,,,,
14,39,,,1,,3,,,,,,6,,4,2,5,,,,,,,,,,,,,,,,,,,,,,,,,,,,,,,,,,,,,,,,,
14,40,5,,1,,,,,2,,,,,4,,,3,,,,,,,,,,,,,,,,,,,,,,,,,,,,,,,,,,,,,,,,
14,41,5,8,1,7,4,14,16,6,9,13,12,11,10,2,3,15,,,,,,,,,,,,,,,,,,,,,,,,,,,,,,,,,,,,,,,,
14,42,,,1,6,2,4,3,,,,,,,,,,,,,,,,,,,,,,,,,,,,,,,,,,,,,,,,,,,,,,,,,
14,43,,,1,,,,6,5,,,,,4,3,,2,,,,,,,,,,,,,,,,,,,,,,,,,,,,,,,,,,,,,,,,
14,44,5,,1,,,6,,2,,,,,4,,,3,,,,,,,,,,,,,,,,,,,,,,,,,,,,,,,,,,,,,,,,
14,45,,,1,,2,3,,,,,4,,,5,,6,,,,,,,,,,,,,,,,,,,,,,,,,,,,,,,,,,,,,,,,
14,46,,,2,5,,1,,,4,,,,,3,,6,,,,,,,,,,,,,,,,,,,,,,,,,,,,,,,,,,,,,,,,
14,47,,2,1,,,6,5,4,3,,,,,,,,,,,,,,,,,,,,,,,,,,,,,,,,,,,,,,,,,,,,,,,
14,48,5,,1,,,6,,2,,,,,4,,,3,,,,,,,,,,,,,,,,,,,,,,,,,,,,,,,,,,,,,,,,
14,49,,,1,,4,,,,,,2,5,6,3,,7,,,,,,,,,,,,,,,,,,,,,,,,,,,,,,,,,,,,,,,,
14,50,,,1,6,,5,,2,,,,,3,4,,,,,,,,,,,,,,,,,,,,,,,,,,,,,,,,,,,,,,,,,,
15,1,,5,,1,,,,,,6,3,,,2,4,,,,,,,,,,,,,,,,,,,,,,,,,,,,,,,,,,,,,,,,,
15,2,,,,1,2,,3,,4,,,5,,6,,,,,,,,,,,,,,,,,,,,,,,,,,,,,,,,,,,,,,,,,,
15,3,,,2,1,,4,,,3,,,,5,6,,,,,,,,,,,,,,,,,,,,,,,,,,,,,,,,,,,,,,,,,,
15,4,,3,,1,,4,,,,,6,,,2,5,,,,,,,,,,,,,,,,,,,,,,,,,,,,,,,,,,,,,,,,,
15,5,,6,,1,5,3,,,,,4,,,2,,,,,,,,,,,,,,,,,,,,,,,,,,,,,,,,,,,,,,,,,,
15,6,,,,1,,,,,3,,5,,4,,6,2,,,,,,,,,,,,,,,,,,,,,,,,,,,,,,,,,,,,,,,,
15,7,,6,,1,5,3,,,,,4,,,2,,,,,,,,,,,,,,,,,,,,,,,,,,,,,,,,,,,,,,,,,,
15,8,,,,1,6,,,,,,4,,,2,3,,,,,,,,,,,,,,,,,,,,,,,,,,,,,,,,,,,,,,,,,
15,9,,,3,1,,,,,6,,,4,,2,,5,,,,,,,,,,,,,,,,,,,,,,,,,,,,,,,,,,,,,,,,
15,10,,,,1,,6,,2,5,,,3,,4,,,,,,,,,,,,,,,,,,,,,,,,,,,,,,,,,,,,,,,,,,
15,11,,6,,1,5,3,,,,,4,,,2,,,,,,,,,,,,,,,,,,,,,,,,,,,,,,,,,,,,,,,,,,
15,12,,,,1,6,,5,,,,,3,,4,2,,,,,,,,,,,,,,,,,,,,,,,,,,,,,,,,,,,,,,,,,
15,13,,,2,1,,,,6,5,,,,3,4,,,,,,,,,,,,,,,,,,,,,,,,,,,,,,,,,,,,,,,,,,
15,14,3,,,1,,2,,5,4,,6,,,,,,5,6,,,,,,,1,2,,,,,3,4,,,,,9,10,7,8,,,11,12,,,,,,,,,,,,
15,15,,6,,1,5,3,,,,,4,,,2,,,,,,,,,,,,,,,,,,,,,,,,,,,,,,,,,,,,,,,,,,
15,16,3,,4,1,5,6,7,,8,,9,,,2,,,,,,,,,,,,,,,,,,,,,,,,,,,,,,,,,,,,,,,,,,
15,17,,,,1,,6,,,5,,4,,,2,,3,,,,,,,,,,,,,,,,,,,,,,,,,,,,,,,,,,,,,,,,
15,18,,,,1,3,4,,,6,,,,,2,,5,,,,,,,,,,,,,,,,,,,,,,,,,,,,,,,,,,,,,,,,
15,19,,6,,1,5,3,,,,,4,,,2,,,,,,,,,,,,,,,,,,,,,,,,,,,,,,,,,,,,,,,,,,
15,20,,,7,1,12,6,2,5,8,,,9,10,3,11,4,,,,,,,,,,,,,,,,,,,,,,,,,,,,,,,,,,,,,,,,
15,21,,,,1,,2,,3,4,,,,5,6,,,,,,,,,,,,,,,,,,,,,,,,,,,,,,,,,,,,,,,,,,
15,22,,6,,1,5,3,,,,,4,,,2,,,,,,,,,,,,,,,,,,,,,,,,,,,,,,,,,,,,,,,,,,
15,23,,,3,1,,,,6,,,4,5,,2,,,,,,,,,,,,,,,,,,,,,,,,,,,,,,,,,,,,,,,,,,
15,24,,,2,1,,6,,3,4,,,,5,,,,,,,,,,,,,,,,,,,,,,,,,,,,,,,,,,,,,,,,,,,
15,25,,6,,1,5,3,,,,,4,,,2,,,,,,,,,,,,,,,,,,,,,,,,,,,,,,,,,,,,,,,,,,
15,26,14,,13,1,2,7,16,11,12,6,3,10,9,4,5,8,,,,,,,,,,,,,,,,,,,,,,,,,,,,,,,,,,,,,,,,
15,27,,,4,1,,5,,2,,,,6,3,,,,,,,,,,,,,,,,,,,,,,,,,,,,,,,,,,,,,,,,,,,
15,28,,,,1,,,6,,,,2,4,3,,,5,,,,,,,,,,,,,,,,,,,,,,,,,,,,,,,,,,,,,,,,
15,29,,,,1,,,,,,,,,,2,,,,,,,,,,,,,,,,,,,,,,,,,,,,,,,,,,,,,,,,,,
15,30,,,6,1,,,,4,3,,,6,5,2,,,,,,,,,,,,,,,,,,,,,,,,,,,,,,,,,,,,,,,,,,
15,31,,,,1,2,,,6,,,3,,5,4,,,,,,,,,,,,,,,,,,,,,,,,,,,,,,,,,,,,,,,,,,
15,32,,6,,1,5,3,,,,,4,,,2,,,,,,,,,,,,,,,,,,,,,,,,,,,,,,,,,,,,,,,,,,
15,33,,6,,1,5,3,,,,,4,,,2,,,,,,,,,,,,,,,,,,,,,,,,,,,,,,,,,,,,,,,,,,
15,34,,6,,1,5,3,,,,,4,,,2,,,,,,,,,,,,,,,,,,,,,,,,,,,,,,,,,,,,,,,,,,
15,35,2,11,6,1,3,10,4,5,7,15,13,9,8,12,16,14,,,,,,,,,,,,,,,,,,,,,,,,,,,,,,,,,,,,,,,,
15,36,,6,,1,5,3,,,,,,,,,,,,,,,,,,,,,,,,,,,,,,,,,,,,,,,,,,,,,,,,,,
15,37,,,,1,,,2,3,4,5,6,,,,,,,,,,,,,,,,,,,,,,,,,,,,,,,,,,,,,,,,,,,,,
15,38,,,,1,,5,4,3,,,,,6,,,2,,,,,,,,,,,,,,,,,,,,,,,,,,,,,,,,,,,,,,,,
15,39,,,,1,,6,,5,,,,3,2,,4,,,,,,,,,,,,,,,,,,,,,,,,,,,,,,,,,,,,,,,,,
15,40,,6,,1,5,3,,,,,4,,,2,,,,,,,,,,,,,,,,,,,,,,,,,,,,,,,,,,,,,,,,,,
15,41,2,3,4,1,5,6,7,8,,9,10,11,12,13,14,,,,,,,,,,,,,,,,,,,,,,,,,,,,,,,,,,,,,,,,,
15,42,,,,1,,4,5,,,,,,,2,6,3,,,,,,,,,,,,,,,,,,,,,,,,,,,,,,,,,,,,,,,,
15,43,,,5,1,4,,,,,,3,,,2,6,,,,,,,,,,,,,,,,,,,,,,,,,,,,,,,,,,,,,,,,,
15,44,,,,1,,,,,,,,,,,,,,,,,,,,,,,,,,,,,,,,,,,,,,,,,,,,,,,,,,,,
15,45,,,,1,,2,6,,,5,,,,4,,3,,,,,,,,,,,,,,,,,,,,,,,,,,,,,,,,,,,,,,,,
15,46,,,3,1,,5,6,4,,,,,,2,,,,,,,,,,,,,,,,,,,,,,,,,,,,,,,,,,,,,,,,,,
15,47,,,,1,6,5,,,4,,,,,2,3,,,,,,,,,,,,,,,,,,,,,,,,,,,,,,,,,,,,,,,,,
15,48,,,5,1,,2,,3,4,,,,6,,,,,,,,,,,,,,,,,,,,,,,,,,,,,,,,,,,,,,,,,,,
15,49,,6,,1,5,3,,,,,4,,,2,,,,,,,,,,,,,,,,,,,,,,,,,,,,,,,,,,,,,,,,,,
15,50,,6,,1,5,3,,,,,4,,,2,,,,,,,,,,,,,,,,,,,,,,,,,,,,,,,,,,,,,,,,,,
16,1,,,1,,,6,,2,5,,,,4,,,3,,,,,,,,,,,,,,,,,,,,,,,,,,,,,,,,,,,,,,,,
16,2,5,,1,,,,,4,,,,,4,,,3,,,,,,,,,,,,,,,,,,,,,,,,,,,,,,,,,,,,,,,,
16,3,,,1,,,,,2,3,,,,4,5,,6,,,,,,,,,,,,,,,,,,,,,,,,,,,,,,,,,,,,,,,,
16,4,,,1,,,,6,2,,,5,,4,,,3,,,,,,,,,,,,,,,,,,,,,,,,,,,,,,,,,,,,,,,,
16,5,5,,1,,,6,,2,,,,,4,,,3,,,,,,,,,,,,,,,,,,,,,,,,,,,,,,,,,,,,,,,,
16,6,,,1,5,2,,6,3,4,,,7,8,9,,,,,,,,,,,,,,,,,,,,,,,,,,,,,,,,,,,,,,,,,,
16,7,3,2,1,6,4,5,,,,,,,,,,,,,,,,,,,,,,,,,,,,,,,,,,,,,,,,,,,,,,,,,,
16,8,,6,1,,5,,,,4,,,,3,2,,,,,,,,,,,,,,,,,,,,,,,,,,,,,,,,,,,,,,,,,,
16,9,,,1,2,,,,,,6,,,3,4,,5,,,,,,,,,,,,,,,,,,,,,,,,,,,,,,,,,,,,,,,,
16,10,14,13,1,,8,9,2,,6,7,12,4,5,11,10,3,,,,,,,,,,,,,,,,,,,,,,,,,,,,,,,,,,,,,,,,
16,11,,4,1,,2,,,,5,,,,3,,6,,,,,,,,,,,,,,,,,,,,,,,,,,,,,,,,,,,,,,,,,
16,12,,,1,8,7,,,2,6,,,,4,5,,3,,,,,1,2,3,4,,,,,,,,,,,,,,,,,,,,,,,,,,,,,,,,
16,13,5,,1,,,6,,2,,,,,4,,,3,,,,,,,,,,,,,,,,,,,,,,,,,,,,,,,,,,,,,,,,
16,14,,,1,,,6,,2,,,,,4,,,3,,,,,,,,,,,,,,,,,,,,,,,,,,,,,,,,,,,,,,,,
16,15,,,1,,,3,4,5,,,,,,6,,2,,,,,,,,,,,,,,,,,,,,,,,,,,,,,,,,,,,,,,,,
16,16,4,,1,3,2,5,,6,,,,,,,,,,,,,,,,,,,,,,,,,,,,,,,,,,,,,,,,,,,,,,,,
16,17,,,1,,,6,,2,,,,,4,,,3,,,,,,,,,,,,,,,,,,,,,,,,,,,,,,,,,,,,,,,,
16,18,5,7,1,,,6,,2,,,,,4,,,3,,,,,,,,,,,,,,,,,,,,,,,,,,,,,,,,,,,,,,,,
16,19,5,,1,,,6,,2,,,,,4,,,3,,,,,,,,,,,,,,,,,,,,,,,,,,,,,,,,,,,,,,,,
16,20,,,1,2,4,3,5,6,,,,,,,,,,,,,,,,,,,,,,,,,,,,,,,,,,,,,,,,,,,,,,,,
16,21,,,1,,,,,,,,,6,5,4,3,2,,,,,,,,,,,,,,,,,,,,,,,,,,,,,,,,,,,,,,,,
16,22,,,1,2,,,,3,6,,,,,4,5,,,,,,,,,,,,,,,,,,,,,,,,,,,,,,,,,,,,,,,,,
16,23,5,,1,,,6,,2,,,,,4,,,3,,,,,,,,,,,,,,,,,,,,,,,,,,,,,,,,,,,,,,,,
16,24,,,1,3,,,,2,6,,,,4,,,5,,,,,,,,,,,,,,,,,,,,,,,,,,,,,,,,,,,,,,,,
16,25,,,1,6,4,5,,,3,,2,,,,,,,,,,,,,,,,,,,,,,,,,,,,,,,,,,,,,,,,,,,,,
16,26,5,,1,,,6,,2,,,,,3,,,4,,,,,,,,,,,,,,,,,,,,,,,,,,,,,,,,,,,,,,,,
16,27,,,1,4,,3,,2,,,,,5,,,6,,,,,,,,,,,,,,,,,,,,,,,,,,,,,,,,,,,,,,,,
16,28,,,1,4,,7,,2,,,,,3,6,,5,,,,,,,,,,,,,,,,,,,,,,,,,,,,,,,,,,,,,,,,
16,29,,,1,,2,6,,5,,,3,,4,,,,,,,,,,,,,,,,,,,,,,,,,,,,,,,,,,,,,,,,,,,
16,30,5,,1,,,6,,2,,,,,4,,,3,,,,,,,,,,,,,,,,,,,,,,,,,,,,,,,,,,,,,,,,
16,31,5,,1,,,6,,2,,,,,4,,,3,,,,,,,,,,,,,,,,,,,,,,,,,,,,,,,,,,,,,,,,
16,32,,,1,2,,4,,3,,,,,,5,,6,,,,,,,,,,,,,,,,,,,,,,,,,,,,,,,,,,,,,,,,
16,33,,,1,,,6,,2,,,,,4,,,3,,,,,,,,,,,,,,,,,,,,,,,,,,,,,,,,,,,,,,,,
16,34,,,1,,,,,,,,4,,3,5,6,2,,,,,,,,,,,,,,,,,,,,,,,,,,,,,,,,,,,,,,,,
16,35,5,,1,,,6,,2,,,,,4,,,3,,,,,,,,,,,,,,,,,,,,,,,,,,,,,,,,,,,,,,,,
16,36,,,1,2,,,,,6,,5,,4,3,,,,,,,,,,,,,,,,,,,,,,,,,,,,,,,,,,,,,,,,,,
16,37,5,,1,,,6,,2,,,,,4,,,3,,,,,,,,,,,,,,,,,,,,,,,,,,,,,,,,,,,,,,,,
16,39,6,,1,,,4,,2,,,,,5,,,3,,,,,,,,,,,,,,,,,,,,,,,,,,,,,,,,,,,,,,,,
16,40,5,,1,,,6,,2,,,,,4,,,3,,,,,,,,,,,,,,,,,,,,,,,,,,,,,,,,,,,,,,,,
16,41,,,1,,,,,2,5,,6,,4,,,3,,,,,,,,,,,,,,,,,,,,,,,,,,,,,,,,,,,,,,,,
16,42,,,1,3,,,,2,,,,,4,5,,6,,,,,,,,,,,,,,,,,,,,,,,,,,,,,,,,,,,,,,,,
16,43,,,1,,,,,6,,,,,5,3,4,2,,,,,,,,,,,,,,,,,,,,,,,,,,,,,,,,,,,,,,,,
16,44,5,,1,,,6,,2,,,,,4,,,3,,,,,,,,,,,,,,,,,,,,,,,,,,,,,,,,,,,,,,,,
16,45,,,1,2,,,,,,,,,,3,4,5,,,,,,,,,,,,,,,,,,,,,,,,,,,,,,,,,,,,,,,,
16,46,,,1,,,5,,2,,,3,,,6,,4,,,,,,,,,,,,,,,,,,,,,,,,,,,,,,,,,,,,,,,,
16,47,,6,1,,,2,,,,,5,,,,4,3,,,,,,,,,,,,,,,,,,,,,,,,,,,,,,,,,,,,,,,,
16,48,,,1,6,2,,,4,,,,,3,,,5,,,,,,,,,,,,,,,,,,,,,,,,,,,,,,,,,,,,,,,,
16,49,,,1,,,2,,5,,,3,6,,,,4,,,,,,,,,,,,,,,,,,,,,,,,,,,,,,,,,,,,,,,,
16,50,,,1,,2,,,3,,6,,5,4,,,,,,,,,,,,,,,,,,,,,,,,,,,,,,,,,,,,,,,,,,,
17,1,,,,1,5,,,,4,,2,,3,6,,,,,,,,,,,,,,,,,,,,,,,,,,,,,,,,,,,,,,,,,,
17,2,,,4,1,,,,,6,,3,,2,,,5,,,,,,,,,,,,,,,,,,,,,,,,,,,,,,,,,,,,,,,,
17,3,,6,,1,5,3,,,,,4,,,2,,,,,,,,,,,,,,,,,,,,,,,,,,,,,,,,,,,,,,,,,,
17,4,,,,1,2,3,,,,,4,6,,5,,,,,,,,,,,,,,,,,,,,,,,,,,,,,,,,,,,,,,,,,,
17,5,,,5,1,,,,2,6,,,3,,4,,,,,,,,,,,,,,,,,,,,,,,,,,,,,,,,,,,,,,,,,,
17,6,,,,1,5,3,,4,6,,,,,2,,,,,,,,,,,,,,,,,,,,,,,,,,,,,,,,,,,,,,,,,,
17,7,,,,1,2,,,,5,,3,,4,6,,,,,,,,,,,,,,,,,,,,,,,,,,,,,,,,,,,,,,,,,,
17,8,,,,1,6,,,,4,,2,,3,,,5,,,,,,,,,,,,,,,,,,,,,,,,,,,,,,,,,,,,,,,,
17,9,,,,1,2,,,,4,,3,5,6,,,,,,,,,,,,,,,,,,,,,,,,,,,,,,,,,,,,,,,,,,,
17,10,,,6,1,3,,,,,,2,,,4,5,,,,,,,,,,,,,,,,,,,,,,,,,,,,,,,,,,,,,,,,,
17,11,,,2,1,,,,5,6,,,,4,3,,,,,,,,,,,,,,,,,,,,,,,,,,,,,,,,,,,,,,,,,,
17,12,,,4,1,,3,6,5,,,,,,,,2,,,,,,,,,,,,,,,,,,,,,,,,,,,,,,,,,,,,,,,,
17,13,,,,1,2,,,,3,,4,6,5,,,,,,,,,,,,,,,,,,,,,,,,,,,,,,,,,,,,,,,,,,,
17,14,,,4,1,,,,3,,,,,6,2,5,,,,,,,,,,,,,,,,,,,,,,,,,,,,,,,,,,,,,,,,,
17,15,,,4,1,,,,5,6,,,,3,2,,,,,,,,,,,,,,,,,,,,,,,,,,,,,,,,,,,,,,,,,,
17,16,,6,,1,,,,,,,2,,4,3,,5,,,,,,,,,,,,,,,,,,,,,,,,,,,,,,,,,,,,,,,,
17,17,,,6,1,,,,,3,,2,,5,4,,,,,,,,,,,,,,,,,,,,,,,,,,,,,,,,,,,,,,,,,,
17,18,12,13,2,1,7,5,16,6,9,14,3,10,11,4,8,15,,,,,,,,,,,,,,,,,,,,,,,,,,,,,,,,,,,,,,,,
17,19,,,2,1,,,,,,,6,5,3,4,,,,,,,,,,,,,,,,,,,,,,,,,,,,,,,,,,,,,,,,,,
17,20,,6,,1,,,,,,,2,,4,3,,5,,,,,,,,,,,,,,,,,,,,,,,,,,,,,,,,,,,,,,,,
17,21,,,6,1,,3,,5,,,4,,,2,,,,,,,,,,,,,,,,,,,,,,,,,,,,,,,,,,,,,,,,,,
17,22,,,2,1,,,,3,4,,,5,,6,,,,,,,,,,,,,,,,,,,,,,,,,,,,,,,,,,,,,,,,,,
17,23,,,2,1,,4,3,,,,,,,6,,5,,,,,,,,,,,,,,,,,,,,,,,,,,,,,,,,,,,,,,,,
17,24,,,,1,,,6,,,2,3,,,4,5,,,,,,,,,,,,,,,,,,,,,,,,,,,,,,,,,,,,,,,,,
17,25,,5,,1,6,,,,,,4,,,2,3,,,,,,,,,,,,,,,,,,,,,,,,,,,,,,,,,,,,,,,,,
17,26,,5,,1,,4,,2,,,,,8,3,6,7,,,,,,,,,,,,,,,,,,,,,,,,,,,,,,,,,,,,,,,,
17,27,,,5,1,,6,,,4,,,,2,,,3,,,,,,,,,,,,,,,,,,,,,,,,,,,,,,,,,,,,,,,,
17,28,,,2,1,6,,,3,5,,,,4,,,,,,,,,,,,,,,,,,,,,,,,,,,,,,,,,,,,,,,,,,,
17,29,,,2,1,,,3,6,,,,,5,4,,,,,,,,,,,,,,,,,,,,,,,,,,,,,,,,,,,,,,,,,,
17,30,,,,1,,6,,2,,,5,,4,,,3,,,,,,,,,,,,,,,,,,,,,,,,,,,,,,,,,,,,,,,,
17,31,,,4,1,6,,,3,,,,,,2,5,,,,,,,,,,,,,,,,,,,,,,,,,,,,,,,,,,,,,,,,,
17,32,,,,1,,,,6,5,,4,,3,2,,,,,,,,,,,,,,,,,,,,,,,,,,,,,,,,,,,,,,,,,,
17,33,,,2,1,,3,,,6,,,,,4,5,,,,,,,,,,,,,,,,,,,,,,,,,,,,,,,,,,,,,,,,,
17,34,,,,1,,,,2,,,,5,4,,,,,,,,,,,,,,,,,,,,,,,,,,,,,,,,,,,,,,,,,,,
17,35,,,,1,2,,,,,,4,,5,3,,6,,,,,,,,,,,,,,,,,,,,,,,,,,,,,,,,,,,,,,,,
17,36,,,3,1,2,4,,5,6,7,8,9,10,11,12,13,,,,,,,,,,,,,,,,,,,,,,,,,,,,,,,,,,,,,,,,
17,37,,,,1,2,,,,3,5,2,4,6,,,,,,,,,,,,,,,,,,,,,,,,,,,,,,,,,,,,,,,,,,,
17,38,,,,1,4,,,,,5,,,2,3,,6,,,,,,,,,,,,,,,,,,,,,,,,,,,,,,,,,,,,,,,,
17,39,,6,,1,5,3,,,,,4,,,2,,,,,,,,,,,,,,,,,,,,,,,,,,,,,,,,,,,,,,,,,,
17,40,,,,1,,,6,,,,2,,3,4,5,,,,,,,,,,,,,,,,,,,,,,,,,,,,,,,,,,,,,,,,,
17,41,,,,1,2,,,,3,,4,,,5,,6,,,,,,,,,,,,,,,,,,,,,,,,,,,,,,,,,,,,,,,,
17,42,,,,1,,2,,,,6,,,5,3,,4,,,,,,,,,,,,,,,,,,,,,,,,,,,,,,,,,,,,,,,,
17,43,,3,,1,2,,,,4,5,6,7,8,9,,,,,,,,,,,,,,,,,,,,,,,,,,,,,,,,,,,,,,,,,,
17,44,,,,1,,2,,3,,,,6,4,,5,,,,,,,,,,,,,,,,,,,,,,,,,,,,,,,,,,,,,,,,,
17,45,,4,,1,5,,,,3,,,,,2,6,,,,,,,,,,,,,,,,,,,,,,,,,,,,,,,,,,,,,,,,,
17,46,5,,4,1,6,,,,,,2,,3,,,,,,,,,,,,,,,,,,,,,,,,,,,,,,,,,,,,,,,,,,,
17,47,,,,1,4,3,6,,,,,,,2,,5,,,,,,,,,,,,,,,,,,,,,,,,,,,,,,,,,,,,,,,,
17,48,,,,1,,,,,6,4,,5,,3,,2,,,,,,,,,,,,,,,,,,,,,,,,,,,,,,,,,,,,,,,,
17,49,,,2,1,,,,,,,4,,3,6,,5,,,,,,,,,,,,,,,,,,,,,,,,,,,,,,,,,,,,,,,,
17,50,,,5,1,,2,,,,,3,,,4,,6,,,,,,,,,,,,,,,,,,,,,,,,,,,,,,,,,,,,,,,,
18,1,,,,1,,3,,,,,2,,4,,6,5,,,,,,,,,,,,,,,,,,,,,,,,,,,,,,,,,,,,,,,,
18,2,,,,1,,,3,,4,2,5,10,6,7,9,8,,,,,,,,,,,,,,,,,,,,,,,,,,,,,,,,,,,,,,,,
18,3,,6,,1,5,3,,,,,4,,,2,,,,,,,,,,,,,,,,,,,,,,,,,,,,,,,,,,,,,,,,,,
18,4,,,,1,2,,,,6,4,,3,5,,,,,,,,,,,,,,,,,,,,,,,,,,,,,,,,,,,,,,,,,,,
18,5,,,2,1,,,6,5,,,,,3,4,,,,,,,,,,,,,,,,,,,,,,,,,,,,,,,,,,,,,,,,,,
18,6,,2,6,1,3,,,,,4,5,,,,,,,,8,,9,7,,,1,12,5,,9,,,2,,3,,,,,,,10,11,,6,,,,,,,,,,,,
18,7,,,,1,,,,,,,,,,,,,,,,,,,,,,,,,,,,,,,,,,,,,,,,,,,,,,,,,,,,
18,8,,6,,1,5,3,,,,,4,,,2,,,,,,,,,,,,,,,,,,,,,,,,,,,,,,,,,,,,,,,,,,
18,9,,,,1,,4,,3,,,,,6,2,5,,,,,,,,,,,,,,,,,,,,,,,,,,,,,,,,,,,,,,,,,
18,10,,,,1,,,,2,,,3,,6,4,,5,,,,,,,,,,,,,,,,,,,,,,,,,,,,,,,,,,,,,,,,
18,11,,,,1,,2,,,5,,4,,,,6,3,,,,,,,,,,,,,,,,,,,,,,,,,,,,,,,,,,,,,,,,
18,12,,7,5,1,,2,,3,,6,,,,4,,,,,,,,,,,,,,,,,,,,,,,,,,,,,,,,,,,,,,,,,,
18,13,,5,,1,6,4,,,,,2,,,,,3,,,,,,,,,,,,,,,,,,,,,,,,,,,,,,,,,,,,,,,,
18,14,11,2,10,1,4,3,15,8,7,9,16,13,12,5,6,14,,,,,,,,,,,,,,,,,,,,,,,,,,,,,,,,,,,,,,,,
18,15,,6,2,1,,,5,4,,,,,,3,,,,,,,,,,,,,,,,,,,,,,,,,,,,,,,,,,,,,,,,,,
18,16,,,,1,6,,,,,,4,,5,2,3,,,,,,,,,,,,,,,,,,,,,,,,,,,,,,,,,,,,,,,,,
18,17,,,6,1,,2,,,5,,,,4,,,3,,,,,,,,,,,,,,,,,,,,,,,,,,,,,,,,,,,,,,,,
18,18,,,2,1,,,,6,,,,,5,4,,3,,,,,,,,,,,,,,,,,,,,,,,,,,,,,,,,,,,,,,,,
18,19,2,,,1,,,,5,6,,4,,,,,3,,,,,,,,,,,,,,,,,,,,,,,,,,,,,,,,,,,,,,,,
18,20,,,,1,6,2,,,3,,,,4,5,,,,,,,,,,,,,,,,,,,,,,,,,,,,,,,,,,,,,,,,,,
18,21,,,,1,,2,,6,5,,,4,,3,,,,,,,,,,,,,,,,,,,,,,,,,,,,,,,,,,,,,,,,,,
18,22,,,4,1,,3,,2,,,,,5,,,6,,,,,,,,,,,,,,,,,,,,,,,,,,,,,,,,,,,,,,,,
18,23,,,5,1,,6,,3,,,,,,2,,4,,,,,,,,,,,,,,,,,,,,,,,,,,,,,,,,,,,,,,,,
18,24,,2,,1,3,,4,,5,,,6,,,,,,,,,,,,,,,,,,,,,,,,,,,,,,,,,,,,,,,,,,,,
18,25,,5,,1,,4,,,,,6,,,2,3,,,,,,,,,,,,,,,,,,,,,,,,,,,,,,,,,,,,,,,,,
18,26,,,,1,,6,,,5,,2,3,4,,,,,,,,,,,,,,,,,,,,,,,,,,,,,,,,,,,,,,,,,,,
18,27,,6,,1,5,3,,,,,4,,,2,,,,,,,,,,,,,,,,,,,,,,,,,,,,,,,,,,,,,,,,,,
18,28,,,3,1,,,,2,6,,,,5,4,,,,,,,,,,,,,,,,,,,,,,,,,,,,,,,,,,,,,,,,,,
18,29,,5,,1,4,,,,,,2,,3,6,,,,,,,,,,,,,,,,,,,,,,,,,,,,,,,,,,,,,,,,,,
18,30,,,,1,3,2,,6,,4,5,,,,,,,,,,,,,,,,,,,,,,,,,,,,,,,,,,,,,,,,,,,,,
18,31,,2,6,1,,3,,,4,,,5,,,,,,,,,,,,,,,,,,,,,,,,,,,,,,,,,,,,,,,,,,,,
18,32,,,,1,4,5,,6,,,,,3,2,,,,,,,,,,,,,,,,,,,,,,,,,,,,,,,,,,,,,,,,,,
18,33,,5,,1,,,,,4,,,6,,2,3,,,,,,,,,,,,,,,,,,,,,,,,,,,,,,,,,,,,,,,,,
18,34,,4,3,1,5,,,6,,,,,,2,,,,,,,,,,,,,,,,,,,,,,,,,,,,,,,,,,,,,,,,,,
18,35,,,,1,,2,,,,,,,,3,4,5,,,,,,,,,,,,,,,,,,,,,,,,,,,,,,,,,,,,,,,,
18,36,15,14,2,1,11,10,5,4,9,8,,7,6,12,13,3,,,,,,,,,,,,,,,,,,,,,,,,,,,,,,,,,,,,,,,,
18,37,,6,,1,5,3,,,4,,,2,,,,,,,,,,,,,,,,,,,,,,,,,,,,,,,,,,,,,,,,,,,,
18,38,,,3,1,,5,,4,,6,,,2,,,,,,,,,,,,,,,,,,,,,,,,,,,,,,,,,,,,,,,,,,,
18,39,,,,1,,2,,,3,,5,6,,4,,,,,,,,,,,,,,,,,,,,,,,,,,,,,,,,,,,,,,,,,,
18,40,,6,,1,5,3,,,,,4,,,2,,,,,,,,,,,,,,,,,,,,,,,,,,,,,,,,,,,,,,,,,,
18,41,,,,1,2,,,,3,,4,,,5,6,,,,,,,,,,,,,,,,,,,,,,,,,,,,,,,,,,,,,,,,,
18,42,,,,1,,3,,,,,5,6,4,2,,,,,,,,,,,,,,,,,,,,,,,,,,,,,,,,,,,,,,,,,,
18,43,,6,,1,4,5,,,,,,,,2,3,,,,,,,,,,,,,,,,,,,,,,,,,,,,,,,,,,,,,,,,,
18,44,5,,,1,2,,,,,,6,,,3,4,,,,,,,,,,,,,,,,,,,,,,,,,,,,,,,,,,,,,,,,,
18,45,,,,1,2,,,3,4,,,6,,5,,,,,,,,,,,,,,,,,,,,,,,,,,,,,,,,,,,,,,,,,,
18,46,,,2,1,,3,6,4,5,,,,,,,,,,,,,,,,,,,,,,,,,,,,,,,,,,,,,,,,,,,,,,,
18,47,4,,,1,,2,3,,,,,,6,5,,,,,7,,,,,,,8,,,,,,,,,,,9,,,,10,,,,11,,12,,,,,,,,,
18,48,,,6,1,5,3,3,4,2,,,,,,,,,,,,,,,,,,,,,,,,,,,,,,,,,,,,,,,,,,,,,,,
18,49,,6,,1,5,3,,,,,4,,,2,,,,,,,,,,,,,,,,,,,,,,,,,,,,,,,,,,,,,,,,,,
18,50,,,3,1,6,,5,,,,4,,,2,,,,,,,,,,,,,,,,,,,,,,,,,,,,,,,,,,,,,,,,,,
19,1,,,,,6,5,4,3,2,1,,,,,,,,,,,,,,,,,,,,,,,,,,,,,,,,,,,,,,,,,,,,,,
19,2,,,,,6,,,,,1,4,5,3,,,2,,,,,,,,,,,,,,,,,,,,,,,,,,,,,,,,,,,,,,,,
19,3,4,,6,,,,,,,1,2,,5,,,3,,,,,,,,,,,,,,,,,,,,,,,,,,,,,,,,,,,,,,,,
19,4,3,,6,,,,4,,,1,,,2,,,5,,,,,,,,,,,,,,,,,,,,,,,,,,,,,,,,,,,,,,,,
19,5,3,,,,,6,4,,,1,,,2,,,5,,,,,,,,,,,,,,,,,,,,,,,,,,,,,,,,,,,,,,,,
19,6,3,,6,,,,4,,,1,,,2,,,5,,,,,,,,,,,,,,,,,,,,,,,,,,,,,,,,,,,,,,,,
19,7,5,6,14,13,7,15,4,12,8,1,2,9,11,16,3,10,,,,,,,,,,,,,,,,,,,,,,,,,,,,,,,,,,,,,,,,
19,8,3,,,,,6,4,,,1,,,2,,,5,,,,,,,,,,,,,,,,,,,,,,,,,,,,,,,,,,,,,,,,
19,9,,,3,,,6,4,,,1,,,2,,,5,,,,,,,,,,,,,,,,,,,,,,,,,,,,,,,,,,,,,,,,
19,10,,5,,,,,2,,6,1,,,4,,,3,,,,,,,,,,,,,,,,,,,,,,,,,,,,,,,,,,,,,,,,
19,11,3,,,,,6,4,,,1,,,2,,,5,,,,,,,,,,,,,,,,,,,,,,,,,,,,,,,,,,,,,,,,
19,12,2,15,6,11,8,10,4,7,13,1,14,5,4,12,9,3,,,,,,,,,,,,,,,,,,,,,,,,,,,,,,,,,,,,,,,,
19,13,,,5,6,,,,,2,1,3,,4,,,,,,,,,,,,,,,,,,,,,,,,,,,,,,,,,,,,,,,,,,,
19,14,3,,2,,,,6,,,1,,,5,,,4,,,,,,,,,,,,,,,,,,,,,,,,,,,,,,,,,,,,,,,,
19,15,,,4,,,,5,,,1,3,,2,,,6,,,,,,,,,,,,,,,,,,,,,,,,,,,,,,,,,,,,,,,,
19,16,,,5,,,,6,4,,1,,,3,,,2,,,,,,,,,,,,,,,,,,,,,,,,,,,,,,,,,,,,,,,,
19,17,,,,,,6,,5,1,,,,2,3,,4,,,,,,,,,,,,,,,,,,,,,,,,,,,,,,,,,,,,,,,,
19,18,,,,5,7,6,,11,1,8,9,3,2,4,10,,,,,,,,,,,,,,,,,,,,,,,,,,,,,,,,,,,,,,,,,
19,19,,,5,6,4,3,,,1,,,,,2,,,,,,,,,,,,,,,,,,,,,,,,,,,,,,,,,,,,,,,,,,
19,20,,,,,3,,,2,1,5,,6,4,,,,,,,,,,,,,,,,,,,,,,,,,,,,,,,,,,,,,,,,,,,
19,21,,,,,,,2,,1,,3,,4,5,6,,,,,,,,,,,,,,,,,,,,,,,,,,,,,,,,,,,,,,,,,
19,22,,,,,3,4,,5,1,,,6,2,,,,,,,,,,,,,,,,,,,,,,,,,,,,,,,,,,,,,,,,,,,
19,23,,,,,,,,1,2,6,,,3,4,6,5,,,,,,,,,,,,,,,,,,,,,,,,,,,,,,,,,,,,,,,,
19,24,4,3,2,5,6,7,8,1,9,10,11,14,12,13,15,16,,,,,,,,,,,,,,,,,,,,,,,,,,,,,,,,,,,,,,,,
19,25,,,2,,,3,,1,,6,,,5,,,4,,,,,,,,,,,,,,,,,,,,,,,,,,,,,,,,,,,,,,,,
19,26,,,3,2,,,,1,5,,,,4,6,,,,,,,,,,,,,,,,,,,,,,,,,,,,,,,,,,,,,,,,,,
19,27,,,4,6,,3,,1,,,2,,5,,,,,,,,,,,,,,,,,,,,,,,,,,,,,,,,,,,,,,,,,,,
19,28,,,2,,,3,,1,,6,,,5,,,4,,,,,,,,,,,,,,,,,,,,,,,,,,,,,,,,,,,,,,,,
19,29,,,,6,,,4,1,5,,,,2,,7,3,,,,,,,,,,,,,,,,,,,,,,,,,,,,,,,,,,,,,,,,
19,30,,,,4,2,,,,6,,3,,,1,5,,,,,,,,,,,,,,,,,,,,,,,,,,,,,,,,,,,,,,,,,
19,31,,4,3,6,5,,,,,,2,,,1,,,,,,,,,,,,,,,,,,,,,,,,,,,,,,,,,,,,,,,,,,
19,32,5,,4,6,,3,2,1,,,,,,,,,,,,,,,,,,,,,,,,,,,,,,,,,,,,,,,,,,,,,,,,
19,33,,,,,1,4,,,,,,6,5,,3,2,,,,,,,,,,,,,,,,,,,,,,,,,,,,,,,,,,,,,,,,
19,34,,,,2,6,5,,,,,4,,,1,3,,,,,,,,,,,,,,,,,,,,,,,,,,,,,,,,,,,,,,,,,
19,35,,,,,1,,,,,5,3,,2,,4,6,,,,,,,,,,,,,,,,,,,,,,,,,,,,,,,,,,,,,,,,
19,36,,,,,1,,,,,,2,,3,6,5,4,,,,,,,,,,,,,,,,,,,,,,,,,,,,,,,,,,,,,,,,
19,37,,4,,,1,3,,,,,5,,6,2,,,,,,,,,,,,,,,,,,,,,,,,,,,,,,,,,,,,,,,,,,
19,38,,,,,1,,6,5,2,,,4,3,,,,,,,,,,,,,,,,,,,,,,,,,,,,,,,,,,,,,,,,,,,
19,39,,,,6,1,,,,,,,,2,3,5,4,,,,,,,,,,,,,,,,,,,,,,,,,,,,,,,,,,,,,,,,
19,40,,,5,6,1,,,4,2,,,,3,,,,,,,,,,,,,,,,,,,,,,,,,,,,,,,,,,,,,,,,,,,
19,41,,,,,1,2,,,5,,4,6,3,,,,,,,,,,,,,,,,,,,,,,,,,,,,,,,,,,,,,,,,,,,
19,42,,,,,1,,,6,2,,,3,4,,5,,,,,,,,,,,,,,,,,,,,,,,,,,,,,,,,,,,,,,,,,
19,43,,,,,1,,,6,,5,,,2,,4,3,,,,,,,,,,,,,,,,,,,,,,,,,,,,,,,,,,,,,,,,
19,44,,3,,4,1,2,,,,,,6,,,5,,,,,,,,,,,,,,,,,,,,,,,,,,,,,,,,,,,,,,,,,
19,45,,,,,1,2,,,5,,4,,3,,,6,,,,,,,,,,,,,,,,,,,,,,,,,,,,,,,,,,,,,,,,
19,46,,,,3,1,,,6,4,,3,5,2,,,,,,,,,,,,,,,,,,,,,,,,,,,,,,,,,,,,,,,,,,,
19,47,,,2,6,1,3,,,5,,,,4,,,,,,,,,,,,,,,,,,,,,,,,,,,,,,,,,,,,,,,,,,,
19,48,,6,5,,1,,,,,,,4,2,,3,,,,,,,,,,,,,,,,,,,,,,,,,,,,,,,,,,,,,,,,,
19,49,6,1,5,3,4,2,,,,,,,,,,,,,,,,,,,,,,,,,,,,,,,,,,,,,,,,,,,,,,,,,,
19,50,5,1,6,2,4,3,,,,,,,,,,,,,,,,,,,,,,,,,,,,,,,,,,,,,,,,,,,,,,,,,,
20,1,,,6,1,,2,,5,,,,,4,3,,,,,,,,,,,,,,,,,,,,,,,,,,,,,,,,,,,,,,,,,,
20,2,,5,,1,4,3,,,,,6,,,2,,,,,,,,,,,,,,,,,,,,,,,,,,,,,,,,,,,,,,,,,,
20,3,,6,,1,5,3,,,,,4,,,2,,,,,,,,,,,,,,,,,,,,,,,,,,,,,,,,,,,,,,,,,,
20,4,,,2,1,,,,6,,,3,,4,5,,,,,,,,,,,,,,,,,,,,,,,,,,,,,,,,,,,,,,,,,,
20,5,,6,,1,5,3,,,,,4,,,2,,,,,,,,,,,,,,,,,,,,,,,,,,,,,,,,,,,,,,,,,,
20,6,,,,1,,3,,4,,,,,6,2,,,,,,,,,,,,,,,,,,,,,,,,,,,,,,,,,,,,,,,,,,
20,7,,,,1,,2,,5,4,,,,3,,,6,,,,,,,,,1,,,,,,,,,,,,,,,,,,,,,,,,,,,,,,,
20,8,,4,,1,2,3,5,7,6,8,9,10,,,,,,,,,,,,,,,,,,,,,,,,,,,,,,,,,,,,,,,,,,,,
20,9,,,2,1,6,3,,5,,4,,,,,,,,,,,,,,,,,,,,,,,,,,,,,,,,,,,,,,,,,,,,,,
20,10,,,,1,4,,,,5,,2,,3,6,,,,,,,,,,,,,,,,,,,,,,,,,,,,,,,,,,,,,,,,,,
20,11,,,,1,3,2,,4,,,5,,,,6,,,,,,,,,,,,,,,,,,,,,,,,,,,,,,,,,,,,,,,,,
20,12,5,,,1,2,,4,3,,,6,,,,,,,,,,,,,,,,,,,,,,,,,,,,,,,,,,,,,,,,,,,,,
20,13,,6,,1,5,3,,,,,4,,,2,,,,,,,,,,,,,,,,,,,,,,,,,,,,,,,,,,,,,,,,,,
20,14,,,,1,,,2,,4,6,,,3,,5,,,,,,,,,,,,,,,,,,,,,,,,,,,,,,,,,,,,,,,,,
20,15,11,12,6,1,10,2,14,3,5,13,15,16,7,8,9,4,,,,,,,,,,,,,,,,,,,,,,,,,,,,,,,,,,,,,,,,
20,16,,,,1,4,,2,6,,,,,3,,5,,,,,,,,,,,,,,,,,,,,,,,,,,,,,,,,,,,,,,,,,
20,17,,,6,1,,2,,3,,,,,4,,5,,,,,,,,,,,,,,,,,,,,,,,,,,,,,,,,,,,,,,,,,
20,18,,3,,1,4,5,,,,6,,,,2,,,,,,,,,,,,,,,,,,,,,,,,,,,,,,,,,,,,,,,,,,
20,19,,5,,1,2,,,,6,,4,,,3,,,,,,,,,,,,,,,,,,,,,,,,,,,,,,,,,,,,,,,,,,
20,20,,6,,1,5,3,,,,,4,,,2,,,,,,,,,,,,,,,,,,,,,,,,,,,,,,,,,,,,,,,,,,
20,21,,,,1,5,4,,6,,,2,,,,,3,,,,,,,,,,,,,,,,,,,,,,,,,,,,,,,,,,,,,,,,
20,22,,,3,1,,,,4,2,,,,6,5,,,,,,,,,,,,,,,,,,,,,,,,,,,,,,,,,,,,,,,,,,
20,23,,,,1,,2,,,,,3,,3,4,6,,,,,,,,,,,,,,,,,,,,,,,,,,,,,,,,,,,,,,,,,
20,24,,,,1,5,2,,,6,,,,4,,,3,,,,,,,,,,,,,,,,,,,,,,,,,,,,,,,,,,,,,,,,
20,25,,,8,1,7,6,4,5,3,9,2,10,12,11,13,14,,,,,,,,,,,,,,,,,,,,,,,,,,,,,,,,,,,,,,,,
20,26,,6,3,1,5,,,4,,,,,,2,,,,,,,,,,,,,,,,,,,,,,,,,,,,,,,,,,,,,,,,,,
20,27,,6,,1,5,3,,,,,4,,,2,,,,,,,,,,,,,,,,,,,,,,,,,,,,,,,,,,,,,,,,,,
20,28,6,,2,1,,,,3,5,,,,,,,4,,,,,,,,,,,,,,,,,,,,,,,,,,,,,,,,,,,,,,,,
20,29,,,,1,,6,,4,,,5,,3,2,,,,,,,,,,,,,,,,,,,,,,,,,,,,,,,,,,,,,,,,,,
20,30,,,,1,,,,2,6,3,,,,4,5,,,,,,,,,,,,,,,,,,,,,,,,,,,,,,,,,,,,,,,,,
20,31,,,,1,,2,3,,4,,5,6,,,,,,,,,,,,,,,,,,,,,,,,,,,,,,,,,,,,,,,,,,,,
20,32,,,4,1,,,,3,5,,,,,2,6,,,,,,,,,,,,,,,,,,,,,,,,,,,,,,,,,,,,,,,,,
20,33,,6,,1,5,3,,,,,4,,,2,,,,,,,,,,,,,,,,,,,,,,,,,,,,,,,,,,,,,,,,,,
20,34,,,6,1,5,4,,2,,,4,,,,,,,,,,,,,,,,,,,,,,,,,,,,,,,,,,,,,,,,,,,,,
20,35,14,13,12,1,11,2,9,10,3,15,16,4,5,6,7,8,,,,,,,,,,,,,,,,,,,,,,,,,,,,,,,,,,,,,,,,
20,36,,,,1,4,,,,2,,,,,6,5,,,,,,,,,,,,,,,,,,,,,,,,,,,,,,,,,,,,,,,,,
20,37,,,,1,,,,,5,6,2,,3,,,4,,,,,,,,,,,,,,,,,,,,,,,,,,,,,,,,,,,,,,,,
20,38,,,,1,5,2,,6,4,,3,,,,,,,,,,,,,,,,,,,,,,,,,,,,,,,,,,,,,,,,,,,,,
20,39,,6,,1,5,3,,,,,4,,,2,,,,,,,,,,,,,,,,,,,,,,,,,,,,,,,,,,,,,,,,,,
20,40,,,2,1,4,3,5,,6,,,,,,,,,,,,,,,,,,,,,,,,,,,,,,,,,,,,,,,,,,,,,,,
20,41,3,2,4,1,,,8,5,7,6,,,,,,,,,,,,,,,,,,,,,,,,,,,,,,,,,,,,,,,,,,,,,,
20,42,,,5,1,,3,,,,,2,,4,,,6,,,,,,,,,,,,,,,,,,,,,,,,,,,,,,,,,,,,,,,,
20,43,,6,,1,5,3,,,,,4,,,2,,,,,,,,,,,,,,,,,,,,,,,,,,,,,,,,,,,,,,,,,,
20,44,,,,1,5,,,,6,,2,,,3,4,,,,,,,,,,,,,,,,,,,,,,,,,,,,,,,,,,,,,,,,,
20,45,,,4,1,,,,3,,,2,,6,5,,,,,,,,,,,,,,,,,,,,,,,,,,,,,,,,,,,,,,,,,,
20,46,,6,,1,5,3,,,,,4,,,2,,,,,,,,,,,,,,,,,,,,,,,,,,,,,,,,,,,,,,,,,,
20,47,,,2,1,,3,,6,,,,,5,4,,7,,,,,,,,,,,,,,,,,,,,,,,,,,,,,,,,,,,,,,,,
20,48,,5,,1,2,,,,6,,4,,,3,,,,,9,10,,,,,1,4,2,3,5,6,,,,,,,,,11,12,,,7,8,,,,,,,,,,,,
20,49,13,6,14,1,,2,3,5,4,,7,8,9,10,11,12,,,,,,,,,1,,,,,,,,,2,,,,,,,,,,,,,,,3,,5,,4,,6,
20,50,,,2,1,3,4,,,,,,,,,,,,,,,,,,,,,,,,,,,,,,,,,,,,,,,,,,,,,,,,,,
22,1,3,,2,1,,,,6,4,,,,5,,,,,,,,,,,,,,,,,,,,,,,,,,,,,,,,,,,,,,,,,,,
22,2,,,,1,,2,6,3,4,,,,5,,,,,,,,,,,,,,,,,,,,,,,,,,,,,,,,,,,,,,,,,,,
22,3,,,6,1,,,3,,,,,,4,2,,5,,,,,,,,,,,,,,,,,,,,,,,,,,,,,,,,,,,,,,,,
22,4,,3,4,1,2,,,,,,,,,5,6,,,,,,,,,,,,,,,,,,,,,,,,,,,,,,,,,,,,,,,,,
22,5,,,6,1,5,,,,,,,,4,2,3,,,,,,,,,,,,,,,,,,,,,,,,,,,,,,,,,,,,,,,,,
22,6,,,5,1,,4,3,,2,,,,,6,,,,,,,,,,,,,,,,,,,,,,,,,,,,,,,,,,,,,,,,,,
22,7,,,2,1,,4,,5,,,,,,3,6,,,,,,,,,,,,,,,,,,,,,,,,,,,,,,,,,,,,,,,,,
22,8,,,2,1,,3,,4,5,6,,,,,,,,,,,,,,,,,,,,,,,,,,,,,,,,,,,,,,,,,,,,,,
22,9,,,6,1,,4,,3,,,,,,2,,5,,,,,,,,,,,,,,,,,,,,,,,,,,,,,,,,,,,,,,,,
22,10,,6,,1,5,3,,,,,4,,,2,,,,,,,,,,,,,,,,,,,,,,,,,,,,,,,,,,,,,,,,,,
22,11,,4,,1,6,3,,,,,,,,2,5,,,,,,,,,,,,,,,,,,,,,,,,,,,,,,,,,,,,,,,,,
22,12,,,,1,,,3,,,6,2,,5,,,4,,,,,,,,,,,,,,,,,,,,,,,,,,,,,,,,,,,,,,,,
22,13,,,,1,,2,,5,,,,6,4,3,,,,,,,,,,,,,,,,,,,,,,,,,,,,,,,,,,,,,,,,,,
22,15,,6,,1,5,3,,,,,4,,,2,,,,,,,,,,,,,,,,,,,,,,,,,,,,,,,,,,,,,,,,,,
22,16,,,2,1,,,,3,,,4,,5,6,,,,,,,,,,,,,,,,,,,,,,,,,,,,,,,,,,,,,,,,,,
22,17,,,,1,,2,,5,4,,,6,3,,,,,,,,,,,,,,,,,,,,,,,,,,,,,,,,,,,,,,,,,,,
22,18,,,,1,,,,5,6,,4,,2,3,,,,,,,,,,,,,,,,,,,,,,,,,,,,,,,,,,,,,,,,,,
22,19,6,,,1,,,,,,,3,5,4,2,,,,,,,,,,,,,,,,,,,,,,,,,,,,,,,,,,,,,,,,,,
22,20,,,,1,,2,,,6,,3,,4,,,5,,,,,,,,,,,,,,,,,,,,,,,,,,,,,,,,,,,,,,,,
22,21,,,,1,4,2,,,5,,,6,,3,,,,,,,,,,,,,,,,,,,,,,,,,,,,,,,,,,,,,,,,,,
22,22,,,,1,5,2,4,,,,,,6,3,,,,,,,,,,,,,,,,,,,,,,,,,,,,,,,,,,,,,,,,,,
22,23,5,,4,1,,2,,3,,,,,,6,,,,,,,,,,,,,,,,,,,,,,,,,,,,,,,,,,,,,,,,,,
22,24,,,6,1,,,,2,5,3,,,,4,,,,,,,,,,,,,,,,,,,,,,,,,,,,,,,,,,,,,,,,,,
22,25,,6,7,1,5,3,,,,,4,,,2,,,,,,,,,,,,,,,,,,,,,,,,,,,,,,,,,,,,,,,,,,
22,26,,,,1,4,3,,,6,,5,,,2,,,,,,,,,,,,,,,,,,,,,,,,,,,,,,,,,,,,,,,,,,
22,27,,,,1,,,2,,,,,6,,3,5,4,,,,,,,,,,,,,,,,,,,,,,,,,,,,,,,,,,,,,,,,
22,28,,6,,1,5,3,,,,,4,,,2,,,,,,,,,,,,,,,,,,,,,,,,,,,,,,,,,,,,,,,,,,
22,29,,,4,1,,3,,6,,,,,,2,,5,,,,,,,,,,,,,,,,,,,,,,,,,,,,,,,,,,,,,,,,
22,30,,,,1,,,6,5,4,,,,2,3,,,,,,,,,,,,,,,,,,,,,,,,,,,,,,,,,,,,,,,,,,
22,31,,5,,1,6,2,,,,,7,8,3,4,,,,,,,,,,,,,,,,,,,,,,,,,,,,,,,,,,,,,,,,,,
22,32,,,,1,2,6,,,,,4,3,,,5,,,,,,,,,,,,,,,,,,,,,,,,,,,,,,,,,,,,,,,,,
22,33,,6,,1,5,,,,,,4,,,2,,,,,,,,,,,,,,,,,,,,,,,,,,,,,,,,,,,,,,,,,,
22,34,,,,1,,2,,,5,6,4,,,,,3,,,,,,,,,,,,,,,,,,,,,,,,,,,,,,,,,,,,,,,,
22,35,,,,1,,2,,3,,,,4,5,6,,,,,,,,,,,,,,,,,,,,,,,,,,,,,,,,,,,,,,,,,,
22,36,,,2,1,,,,3,,,4,5,6,,,,,,,,,,,,,,,,,,,,,,,,,,,,,,,,,,,,,,,,,,,
22,37,,5,4,1,,2,,6,,,,,3,,,,,,,,,,,,,,,,,,,,,,,,,,,,,,,,,,,,,,,,,,,
22,38,,6,,1,5,3,,,,,4,,,2,,,,,,,,,,,,,,,,,,,,,,,,,,,,,,,,,,,,,,,,,,
22,39,,,,1,,3,6,,,,,,4,5,,2,,,,,,,,,,,,,,,,,,,,,,,,,,,,,,,,,,,,,,,,
22,40,,6,,1,5,3,,,,,4,,,2,,,,,,,,,,,,,,,,,,,,,,,,,,,,,,,,,,,,,,,,,,
22,41,,,6,1,4,,,2,3,5,6,,,,,,,,,,,,,,,,,,,,,,,,,,,,,,,,,,,,,,,,,,,,,
22,42,,,2,1,,,,3,,,4,6,,5,,,,,,,,,,,,,,,,,,,,,,,,,,,,,,,,,,,,,,,,,,
22,43,,,2,1,4,3,5,,6,,,,,,,,,,,,,,,,,,,,,,,,,,,,,,,,,,,,,,,,,,,,,,,
22,44,,,3,1,6,4,,2,,,,,5,,,,,,,,,,,,,,,,,,,,,,,,,,,,,,,,,,,,,,,,,,,
22,45,,,5,1,,,,,4,,,,3,2,6,,,,,,,,,,,,,,,,,,,,,,,,,,,,,,,,,,,,,,,,,
22,46,,6,,1,5,3,,,,,4,,,2,,,,,,,,,,,,,,,,,,,,,,,,,,,,,,,,,,,,,,,,,,
22,47,,6,,1,5,3,,,,,4,,,2,,,,,,,,,,,,,,,,,,,,,,,,,,,,,,,,,,,,,,,,,,
22,48,,,,1,5,4,3,,,,2,,,,,6,,,,,,,,,,,,,,,,,,,,,,,,,,,,,,,,,,,,,,,,
22,49,,,,1,,6,,,3,,4,,5,,,2,,,,,,,,,,,,,,,,,,,,,,,,,,,,,,,,,,,,,,,,
22,50,,5,6,1,2,3,,,,,,,,4,,,,,,,,,,,,,,,,,,,,,,,,,,,,,,,,,,,,,,,,,,
23,14,,,,5,4,,,3,6,,,,2,1,,,,,,,,,,,,,,,,,,,,,,,,,,,,,,,,,,,,,,,,,,
23,15,,,,1,,,,,,,,,,,,,,,,,,,,,,,,,,,,,,,,,,,,,,,,,,,,,,,,,,,,
23,16,,,,1,,,,,,,,,,,,,,,,,,,,,,,,,,,,,,,,,,,,,,,,,,,,,,,,,,,,
23,17,,,,,,,,,,,1,,,,,,,,,,,,,,,,,,,,,,,,,,,,,,,,,,,,,,,,,,,,,
23,18,,,,1,,,,,,,,,,,,,,,,,,,,,,,,,,,,,,,,,,,,,,,,,,,,,,,,,,,,
23,19,,,1,,,,,,,,,,,,,,,,,,,,,,,,,,,,,,,,,,,,,,,,,,,,,,,,,,,,,
23,20,,,,,,,,,,,,,1,,,,,,,,,,,,,,,,,,,,,,,,,,,,,,,,,,1,,,,,,,,,
23,21,,,,1,,,,,,,,,,,,,,,,,,,,,,,,,,,,,,,,,,,,,,,,,,,,,,,,,,,,
23,22,,,,,,,,,,,,,,,,1,,,,,,,,,,,,,,,,,,,,,,,,,,,,,,,,,,,,,,,,
23,23,,,,1,,,,,,,,,,,,,,,,,,,,,,,,,,,,,,,,,,,,,,,,,,,,,,,,,,,,
23,24,,,1,,,6,,2,,,,,4,,,3,,,,,,,,,,,,,,,,,,,,,,,,,,,,,,,,,,,,,,,,
23,25,,,,,,,,,,,,,1,,,,,,,,,,,,,,,,,,,,,,,,,,,,,,,,,,,,,,,,,,,
23,26,,,,,3,2,,,,,1,,4,5,6,,,,,,,,,,,,,,,,,,,,,,,,,,,,,,,,,,,,,,,,,
23,27,,,6,,5,4,,,3,,,,2,,,1,,,,,,,,,,,,,,,,,,,,,,,,,,,,,,,,,,,,,,,,
23,28,,,1,,,,,,,,,,,,,,,,,,,,,,,,,,,,,,,,,,,,,,,,,,,,,,,,,,,,,
23,29,,,,,,,,,,,,,,,,1,,,,,,,,,,,,,,,,,,,,,,,,,,,,,,,,,,,,,1,,,
23,30,4,3,2,1,2,5,6,8,,,,,,,,,,,,,,,,,,,,,,,,,,,,,,,,,,,,,,,,,,,,,,,,
23,31,,,1,,6,3,,2,5,,,,,,,4,,,,,,,,,,,,,,,,,,,,,,,,,,,,,,,,,,,,,,,,
23,32,,,1,,,,,,,,,,,,,,,,,,,,,,,,,,,,,,,,,,,,,,,,,,,,,,,,,,,,,
23,33,,,,,,,,,,,,,,1,,,1,,,,,,,,,,,,,,,,,,,,,,,,,,,,,,,,,,,,,,,
