Booth,Paper,A:Sustainable Australia Party - Universal Basic Income,B:Liberal,C:Trumpet of Patriots,D:Legalise Cannabis Party,E:Animal Justice Party,F:The Greens,G:Jacqui Lambie Network,H:Libertarian,I:Pauline Hanson's One Nation,J:Citizens Party,K:Australian Labor Party,"L:Shooters, Fishers and Farmers Party",A:BILIC Dennis,A:RICHARDSON Pierre,B:CHANDLER Claire,B:COLBECK Richard Mansell,B:MARTIN Jacki,C:MOORE Wayne Leslie,C:KELLY Matt,C:SMITH Greg,D:OWEN Matt,D:HESTER Gail,E:DAVIES Casey,E:LUCAS Kate Elizabeth,F:McKIM Nick,F:BLEYER Vanessa,F:JORDAN Scott,F:HOARE Trenton,G:LAMBIE Jacqui,G:HANNAN Christine,H:ABRAHAM Chrysten,H:ARMSTRONG Nicole,I:HANSON Lee,I:DUNN James,J:STAGGARD Daryl,J:WILLIAMS Ray,K:BROWN Carol,K:DOWLING Richard,K:FALLS Bailey,K:O'DONNELL Saxon,K:LUCKMAN Greg,K:MEYERS Amelia Louise,L:BIGG Phillip,L:ROACH Melanie,UG:EDWARDS Fenella
1,1,,,,,,,,,,,,,1,3,,,,,,,,,,,2,4,5,6,,,,,,,,,7,8,9,10,11,12,,,
1,2,,,,,,,,,,,,,1,2,22,23,24,25,26,27,7,8,9,10,3,4,5,6,11,12,28,29,30,31,13,14,15,18,17,19,20,16,32,33,21
1,3,,,,,,,,,,,,,1,2,,,,,,,3,4,5,6,11,12,,,9,10,7,8,13,14,,,,,,,,,,,
1,4,,,,,,,,,,,,,1,2,,,,,,,,,,,3,4,5,6,,,,,,,,,7,8,9,10,11,12,,,
1,5,,,,,,,,,,,,,2,1,22,20,21,,33,32,12,11,7,8,6,5,4,3,10,9,24,25,31,30,27,26,18,15,14,16,17,13,29,28,19
1,6,,,,,,,,,,,,,,,,12,1,,,,,,,,10,,,9,8,,,,,,,,2,3,4,5,6,7,,,11
1,7,,,,,,,,,,,,,,,1,2,3,,,,,,,,,,,,6,7,,,4,5,14,15,8,9,10,11,12,13,,,16
1,8,,,,,,,,,,,,,,,3,1,2,,,,,,,,13,16,15,14,4,12,,,,,,,5,6,7,8,11,9,17,10,
1,9,,,,,,,,,,,,,,,1,2,3,,,,,,,,11,,,,12,,,,,,10,,4,5,6,7,8,9,,,
1,10,,,,,,,,,,,,,12,,3,1,5,,,,,,,,,,,,7,8,,,13,,,,2,4,6,9,10,11,,,
1,11,,,,,,,,,,,,,,,1,2,3,10,11,12,,,8,9,,,,,,,,,4,5,,,,,,,,,6,7,
1,12,,,,,,,,,,,,,,,1,2,3,,,,,,10,11,,,,,12,,,,,,,,4,5,6,7,8,9,,,
1,13,,,,,,,,,,,,,,,1,2,3,6,7,8,,,,,11,12,,,4,5,,,9,10,,,,,,,,,,,
1,14,,,,,,,,,,,,,4,5,1,2,3,23,24,25,21,22,16,17,29,28,27,26,12,13,14,15,32,33,30,31,6,7,8,9,10,11,18,19,20
1,15,,,,,,,,,,,,,,,2,1,3,,,,,,,,,,,,,,,,4,5,,,6,7,8,9,10,11,,,12
1,16,,,,,,,,,,,,,,,2,1,5,,,,,,,,4,13,12,14,3,,,,,,,,7,6,9,10,8,11,,,
1,17,,1,2,3,,4,5,,,,,,,,1,2,3,4,5,6,7,8,,,9,10,11,12,,,,,,,,,,,,,,,,,
1,18,,,,,,,,,,,,,,,1,2,3,6,7,8,,,,,,,,,,,,,4,5,11,12,,,,,,,9,10,
1,19,,,,,,,,,,,,,,,1,,,,,,12,13,,,2,3,4,5,,,,,,,,,6,7,8,9,10,11,,,
1,20,,,,,,,,,,,,,11,12,1,2,3,13,14,15,28,29,16,17,33,32,31,30,18,19,20,21,22,23,24,25,4,5,6,7,8,9,26,27,10
1,21,,,,,,,,,,,,,12,13,3,1,2,14,15,16,4,5,17,18,19,20,21,22,23,24,25,26,27,28,29,30,6,7,8,9,10,11,31,32,33
1,22,,1,,,,,,,,,,,10,22,1,3,2,28,27,26,30,29,20,21,33,25,24,23,32,31,19,18,17,16,15,14,4,9,8,7,6,5,12,13,11
1,23,,,,,,,,,,,,,,,3,2,1,,,,,,,,,10,11,12,,,,,,,,,9,8,7,6,5,4,,,
1,24,,,,,,,,,,,,,,,1,2,9,,,,,,,,,,,,,,,,,,,,3,5,6,7,8,4,12,10,11
1,25,,,,,,,,,,,,,,,3,2,1,,,,,,,,,,,,13,14,5,4,12,,,,11,10,9,8,7,6,,,
1,26,,,,,,,,,,,,,,,2,1,3,6,7,8,,,,,,,,,,,,,4,5,,,11,12,,,,,9,10,
1,27,,,,,,,,,,,,,,,2,1,3,,,,,,,,,,,,,,,,10,11,,,4,5,6,7,8,9,,,12
1,28,,,,,,,,,,,,,4,5,2,1,3,,,,,,,,,,,,,,,,6,7,,,8,10,11,9,12,,,,
1,29,,,,,,,,,,,,,,,1,2,3,,,,,,,,,,,,,,4,5,,,,,7,8,9,10,11,12,,,6
1,30,,,,,,,,,,,,,,,1,3,4,,,,,,,,12,13,,,2,11,,,,,,,5,6,7,8,9,10,,,
1,31,,,,,,,,,,,,,,,1,2,3,6,7,8,,,9,10,,,,,,,11,12,4,5,15,16,,,,,,,13,14,
1,32,,,,,,,,,,,,,,,2,1,3,,,,,,,,,,,,12,,,,,,,,4,5,6,7,8,9,10,11,
1,33,,,,,,,,,,,,,11,12,26,27,28,29,30,31,13,14,15,16,1,2,3,4,17,18,19,20,32,33,21,22,5,6,7,8,9,10,23,24,25
1,34,,,,,,,,,,,,,,,1,2,3,12,,,10,11,,,,,,,6,7,,,4,5,8,9,,,,,,,,,
1,35,,,,,,,,,,,,,,,1,3,4,6,7,8,,,,,,,,,,,11,12,2,5,,,,,,,,,9,10,
1,36,,,,,,,,,,,,,,,2,1,3,,,,,,,,4,5,6,7,10,11,,,,,,,12,,,,,,9,8,
1,38,,,,,,,,,,,,,15,16,2,1,3,23,24,25,19,20,10,11,4,5,6,7,8,9,21,22,32,33,17,18,26,27,28,29,30,31,12,13,14
1,39,,,,,,,,,,,,,,,1,3,4,,,,,,,,14,,,,2,11,,,,,,,6,5,7,8,9,10,12,13,
1,40,,,,,,,,,,,,,,,4,5,6,1,2,3,,,,,,,,,,,7,8,9,10,11,12,,,,,,,,,
1,41,,,,,,,,,,,,,,,6,4,2,5,3,1,,,,,,,,,7,8,13,14,11,12,10,9,,,,,,,,,
1,42,2,6,,1,4,5,,,,,3,,3,4,10,11,12,,,,1,2,8,9,,,,,,,,,,,,,,6,,7,5,,,,
1,43,,,,,,,,,,,,,8,7,,17,18,,,,1,6,,,14,11,3,12,13,2,,,,,,,16,15,10,9,5,4,,,
1,44,,,,,,,,,,,,,11,12,,,,,,,1,2,,,,,,,,,,,,,,,3,4,5,6,7,8,9,,10
1,45,4,,,1,,3,,,,6,5,2,11,10,,,,,,,1,2,,,3,4,5,6,,,,,,,,,,,,9,,,7,8,12
1,47,,,,,,,,,,,,,7,8,,,,,,,9,10,1,6,2,3,4,5,,,,,,,,,,,,,11,12,,,
1,48,,,,,,,,,,,,,,,,,,,,5,,,1,2,,,6,7,3,4,,,9,8,,,,,,13,12,11,,,10
1,49,,,,,,,,,,,,,10,11,,,,,,,13,14,1,2,3,4,5,6,7,8,,,,,9,12,20,19,18,17,15,16,,,
1,50,,,,,,,,,,,,,11,12,23,22,21,33,32,31,16,15,20,19,1,4,5,7,13,14,25,24,30,29,18,17,2,3,6,8,9,10,28,27,26
2,1,5,12,10,8,4,2,6,1,11,9,3,7,,,,,,,,,,,,,,,,,,,,,,,,,,,,,,,,,
2,2,,4,,,5,,,1,,2,6,3,,,,,,,,,,,,,,,,,,,,,,,,,,,,,,,,,
2,3,,6,5,4,,,,1,2,,,3,,,,,,,,,,,,,,,,,,,,,,,,,,,,,,,,,
2,4,,5,4,,,,,1,2,,6,3,,,,,,,,,,,,,,,,,,,,,,,,,,,,,,,,,
2,5,,,5,4,6,,,1,,,2,3,,,,,,,,,,,,,,,,,,,,,,,,,,,,,,,,,
2,6,,6,,,,5,,1,,3,4,2,,,,,,,,,,,,,,,,,,,,,,,,,,,,,,,,,
2,7,11,5,4,7,10,12,8,1,2,9,6,3,,,,,,,,,,,,,,,,,,,,,,,,,,,,,,,,,
2,8,,,3,,,,2,5,4,,,1,,,,,,,,,,,,,,,,,,,,,,,,,,,,,,,,,
2,9,,6,,,,,3,4,,2,5,1,,,,,,,,,,,,,,,,,,,,,,,,,,,,,,,,,
2,10,4,2,,,,5,6,,,,3,1,,,,,,,,,,,,,,,,,,,,,,,,,,,,,,,,,
2,11,,5,,4,,,3,2,,6,,1,,,,,,,,,,,,,,,,,,,,,,,,,,,,,,,,,
2,12,5,12,10,2,6,4,7,8,11,9,3,1,,,,,,,,,,,,,,,,,,,,,,,,,,,,,,,,,
2,13,8,3,10,12,9,2,6,4,11,7,5,1,,,,,,,,,,,,,,,,,,,,,,,,,,,,,,,,,
2,14,,4,,6,2,5,,,,,3,1,,,,,,,,,,,,,,,,,,,,,,,,,,,,,,,,,
2,15,,,,2,3,1,4,,,,5,6,,,,,,,,,,,,,,,,,,,,,,,,,,,,,,,,,
2,16,6,5,,,4,1,3,,,,2,,,,,,,,,,,,,,,,,,,,,,,,,,,,,,,,,,
2,17,6,,,5,3,1,4,,,,2,,,,,,,,,,,,,,,,,,,,,,,,,,,,,,,,,,
2,18,8,7,12,4,5,1,3,9,11,10,2,6,,,,,,,,,,,,,,,,,,,,,,,,,,,,,,,,,
2,19,2,10,11,5,6,1,3,7,12,8,4,9,,,,,,,,,,,,,,,,,,,,,,,,,,,,,,,,,
2,20,2,,,3,4,1,5,,,,6,,,,,,,,,,,,,,,,,,,,,,,,,,,,,,,,,,
2,21,,5,,,4,1,2,,,,3,6,,,,,,,,,,,,,,,,,,,,,,,,,,,,,,,,,
2,22,,5,,6,4,1,3,,,,2,,,,,,,,,,,,,,,,,,,,,,,,,,,,,,,,,,
2,23,6,,,2,3,1,5,,,,4,,,,,,,,,,,,,,,,,,,,,,,,,,,,,,,,,,
2,24,6,,,2,3,1,4,,,,5,,,,,,,,,,,,,,,,,,,,,,,,,,,,,,,,,,
2,25,,4,,6,,2,1,5,,,3,,,,,,,,,,,,,,,,,,,,,,,,,,,,,,,,,,
2,26,,6,,5,4,3,1,,,,2,,,,,,,,,,,,,,,,,,,,,,,,,,,,,,,,,,
2,27,,,,,,,1,4,6,3,2,5,,,,,,,,,,,,,,,,,,,,,,,,,,,,,,,,,
2,28,3,6,,2,4,,1,,,,5,,,,,,,,,,,,,,,,,,,,,,,,,,,,,,,,,,
2,29,4,,,5,,3,1,,2,,6,,,,,,,,,,,,,,,,,,,,,,,,,,,,,,,,,,
2,30,3,,,,5,4,1,,,6,2,,,,,,,,,,,,,,,,,,,,,,,,,,,,,,,,,,
2,31,,6,,,,5,1,3,4,,2,,,,,,,,,,,,,,,,,,,,,,,,,,,,,,,,,,
2,32,5,,4,,6,3,1,,7,,2,,,,,,,,,,,,,,,,,,,,,,,,,,,,,,,,,,
2,33,6,12,10,4,3,2,1,9,11,8,5,7,,,,,,,,,,,,,,,,,,,,,,,,,,,,,,,,,
2,34,,,,6,2,3,1,,,,4,5,,,,,,,,,,,,,,,,,,,,,,,,,,,,,,,,,
2,35,,2,,,,5,1,,3,6,4,,,,,,,,,,,,,,,,,,,,,,,,,,,,,,,,,,
2,36,,5,,,6,2,1,,4,,3,,,,,,,,,,,,,,,,,,,,,,,,,,,,,,,,,,
2,37,,,,4,5,3,1,6,,,2,,,,,,,,,,,,,,,,,,,,,,,,,,,,,,,,,,
2,38,2,,,3,,,1,6,,5,,4,,,,,,,,,,,,,,,,,,,,,,,,,,,,,,,,,
2,39,,2,5,,6,,1,,4,,3,,,,,,,,,,,,,,,,,,,,,,,,,,,,,,,,,,
2,40,4,5,12,7,9,6,1,10,11,3,2,8,,,,,,,,,,,,,,,,,,,,,,,,,,,,,,,,,
2,41,,5,6,,,2,1,,4,,3,,,,,,,,,,,,,,,,,,,,,,,,,,,,,,,,,,
2,42,,4,6,,,5,1,,3,,2,,,,,,,,,,,,,,,,,,,,,,,,,,,,,,,,,,
2,43,5,6,,,,2,1,,,3,4,,,,,,,,,,,,,,,,,,,,,,,,,,,,,,,,,,
2,44,,5,2,,6,4,1,,,,3,,,,,,,,,,,,,,,,,,,,,,,,,,,,,,,,,,
2,45,4,3,,5,,,1,6,2,,,,,,,,,,,,,,,,,,,,,,,,,,,,,,,,,,,,
2,46,,,,,3,2,1,4,,5,6,,,,,,,,,,,,,,,,,,,,,,,,,,,,,,,,,,
2,47,,4,,,6,2,1,,,,3,5,,,,,,,,,,,,,,,,,,,,,,,,,,,,,,,,,
2,48,,2,,3,,,1,6,,5,4,,,,,,,,,,,,,,,,,,,,,,,,,,,,,,,,,,
2,49,5,6,,,2,4,1,,,,3,,,,,,,,,,,,,,,,,,,,,,,,,,,,,,,,,,
2,50,,3,,,,2,1,,5,6,4,,,,,,,,,,,,,,,,,,,,,,,,,,,,,,,,,,
3,1,,,,3,4,1,6,,,,2,5,,,,,,,,,,,,,,,,,,,,,,,,,,,,,,,,,
3,2,5,4,,,,1,2,,,6,3,,,,,,,,,,,,,,,,,,,,,,,,,,,,,,,,,,
3,3,2,9,10,8,11,1,6,5,,4,3,7,,,,,,,,,,,,,,,,,,,,,,,,,,,,,,,,,
3,4,6,3,,,5,1,,,,,2,4,,,,,,,,,,,,,,,,,,,,,,,,,,,,,,,,,
3,5,2,,,5,3,1,,,,6,4,,,,,,,,,,,,,,,,,,,,,,,,,,,,,,,,,,
3,6,,4,6,,,1,,,5,3,2,,,,,,,,,,,,,,,,,,,,,,,,,,,,,,,,,,
3,7,,6,,3,5,1,2,,,,4,,,,,,,,,,,,,,,,,,,,,,,,,,,,,,,,,,
3,8,6,,,2,3,1,4,,,,5,,,,,,,,,,,,,,,,,,,,,,,,,,,,,,,,,,
3,9,6,4,,5,3,1,,,,,2,,,,,,,,,,,,,,,,,,,,,,,,,,,,,,,,,,
3,10,,3,,,4,1,5,,6,,2,,,,,,,,,,,,,,,,,,,,,,,,,,,,,,,,,,
3,11,,,,4,5,1,6,3,,,2,,,,,,,,,,,,,,,,,,,,,,,,,,,,,,,,,,
3,12,,6,5,,,1,3,,4,,2,,,,,,,,,,,,,,,,,,,,,,,,,,,,,,,,,,
3,13,,6,,,4,1,3,5,,,2,,,,,,,,,,,,,,,,,,,,,,,,,,,,,,,,,,
3,14,2,,,3,4,1,,5,,,6,,,,,,,,,,,,,,,,,,,,,,,,,,,,,,,,,,
3,15,6,,,3,5,1,,,,,2,4,,,,,,,,,,,,,,,,,,,,,,,,,,,,,,,,,
3,16,4,,,6,,1,2,,3,,,5,,,,,,,,,,,,,,,,,,,,,,,,,,,,,,,,,
3,17,5,6,,,,1,,,4,3,2,,,,,,,,,,,,,,,,,,,,,,,,,,,,,,,,,,
3,18,,4,,6,5,1,3,,,,2,,,,,,,,,,,,,,,,,,,,,,,,,,,,,,,,,,
3,19,,2,,,5,1,4,6,,,3,,,,,,,,,,,,,,,,,,,,,,,,,,,,,,,,,,
3,20,6,,,2,3,1,4,,,,5,,,,,,,,,,,,,,,,,,,,,,,,,,,,,,,,,,
3,21,,4,,6,,1,3,,,,2,5,,,,,,,,,,,,,,,,,,,,,,,,,,,,,,,,,
3,22,2,6,,,5,1,4,,,,3,,,,,,,,,,,,,,,,,,,,,,,,,,,,,,,,,,
3,23,6,,,2,3,1,4,,,,5,,,,,,,,,,,,,,,,,,,,,,,,,,,,,,,,,,
3,24,3,4,,,,1,5,,,,2,6,,,,,,,,,,,,,,,,,,,,,,,,,,,,,,,,,
3,25,6,,,2,3,1,4,,,,5,,,,,,,,,,,,,,,,,,,,,,,,,,,,,,,,,,
3,26,4,,,,6,1,3,,,,2,5,,,,,,,,,,,,,,,,,,,,,,,,,,,,,,,,,
3,27,4,,,5,2,1,,,,6,,3,,,,,,,,,,,,,,,,,,,,,,,,,,,,,,,,,
3,28,,,,2,5,1,,,,4,6,3,,,,,,,,,,,,,,,,,,,,,,,,,,,,,,,,,
3,29,6,,,2,5,1,,,,,3,4,,,,,,,,,,,,,,,,,,,,,,,,,,,,,,,,,
3,30,6,,,2,4,1,5,,,,3,,,,,,,,,,,,,,,,,,,,,,,,,,,,,,,,,,
3,31,3,7,8,2,10,1,4,9,6,11,5,12,,,,,,,,,,,,,,,,,,,,,,,,,,,,,,,,,
3,32,,,,2,3,1,4,,,6,5,,,,,,,,,,,,,,,,,,,,,,,,,,,,,,,,,,
3,33,5,,,2,3,1,,,,6,4,,,,,,,,,,,,,,,,,,,,,,,,,,,,,,,,,,
3,34,2,,,,6,1,4,,,3,5,,,,,,,,,,,,,,,,,,,,,,,,,,,,,,,,,,
3,35,4,3,,,,1,,6,,5,2,,,,,,,,,,,,,,,,,,,,,,,,,,,,,,,,,,
3,36,6,,,2,3,1,4,,,,5,,,,,,,,,,,,,,,,,,,,,,,,,,,,,,,,,,
3,37,5,6,,2,3,1,,,,,4,,,,,,,,,,,,,,,,,,,,,,,,,,,,,,,,,,
3,38,,6,,5,3,1,4,,,,2,,,,,,,,,,,,,,,,,,,,,,,,,,,,,,,,,,
3,39,3,,,6,5,1,4,,,,2,,,,,,,,,,,,,,,,,,,,,,,,,,,,,,,,,,
3,40,6,,,2,3,1,4,,,,5,,,,,,,,,,,,,,,,,,,,,,,,,,,,,,,,,,
3,41,,,,4,2,1,5,,,,6,3,,,,,,,,,,,,,,,,,,,,,,,,,,,,,,,,,
3,42,6,5,4,,,1,3,,,,2,,,,,,,,,,,,,,,,,,,,,,,,,,,,,,,,,,
3,43,3,,,,2,1,5,,,6,4,,,,,,,,,,,,,,,,,,,,,,,,,,,,,,,,,,
3,44,10,3,12,4,9,1,5,8,11,7,2,6,,,,,,,,,,,,,,,,,,,,,,,,,,,,,,,,,
3,45,4,5,,,,1,2,6,,,3,,,,,,,,,,,,,,,,,,,,,,,,,,,,,,,,,,
3,46,,,,5,2,1,6,3,,,4,,,,,,,,,,,,,,,,,,,,,,,,,,,,,,,,,,
3,47,4,,,,5,1,2,6,,,3,,,,,,,,,,,,,,,,,,,,,,,,,,,,,,,,,,
3,48,6,,,2,3,1,4,,,,5,,,,,,,,,,,,,,,,,,,,,,,,,,,,,,,,,,
3,49,4,6,12,9,3,1,10,5,11,2,7,8,,,,,,,,,,,,,,,,,,,,,,,,,,,,,,,,,
3,50,3,,,6,4,1,2,,,,5,,,,,,,,,,,,,,,,,,,,,,,,,,,,,,,,,,
4,1,5,3,,,,1,4,,6,,2,,,,,,,,,,,,,,,,,,,,,,,,,,,,,,,,,,
4,2,,4,,,3,1,5,6,,,2,,,,,,,,,,,,,,,,,,,,,,,,,,,,,,,,,,
4,3,3,,,,4,1,6,,,5,2,,,,,,,,,,,,,,,,,,,,,,,,,,,,,,,,,,
4,4,5,,,6,2,1,4,,,,3,,,,,,,,,,,,,,,,,,,,,,,,,,,,,,,,,,
4,5,4,6,,,5,1,3,,,,2,,,,,,,,,,,,,,,,,,,,,,,,,,,,,,,,,,
4,6,8,4,12,7,5,1,3,6,11,10,2,9,,,,,,,,,,,,,,,,,,,,,,,,,,,,,,,,,
4,7,3,10,11,4,5,1,2,7,12,8,6,9,,,,,,,,,,,,,,,,,,,,,,,,,,,,,,,,,
4,8,2,7,12,5,4,1,3,10,11,9,6,8,,,,,,,,,,,,,,,,,,,,,,,,,,,,,,,,,
4,9,,4,,5,2,1,,6,,,3,,,,,,,,,,,,,,,,,,,,,,,,,,,,,,,,,,
4,10,3,,,2,,1,5,,,,6,4,,,,,,,,,,,,,,,,,,,,,,,,,,,,,,,,,
4,11,5,6,12,4,3,1,8,9,11,10,2,7,,,,,,,,,,,,,,,,,,,,,,,,,,,,,,,,,
4,12,2,,,3,4,1,5,,,,6,,,,,,,,,,,,,,,,,,,,,,,,,,,,,,,,,,
4,13,5,,,3,6,1,2,,,,4,,,,,,,,,,,,,,,,,,,,,,,,,,,,,,,,,,
4,14,3,7,12,6,4,1,11,10,9,5,2,8,,,,,,,,,,,,,,,,,,,,,,,,,,,,,,,,,
4,15,5,,,,6,1,3,,,4,2,,,,,,,,,,,,,,,,,,,,,,,,,,,,,,,,,,
4,16,3,,,2,4,1,,,5,,6,,,,,,,,,,,,,,,,,,,,,,,,,,,,,,,,,,
4,17,2,,,3,4,1,5,,,,6,,,,,,,,,,,,,,,,,,,,,,,,,,,,,,,,,,
4,18,6,,,5,3,1,4,,,,2,,,,,,,,,,,,,,,,,,,,,,,,,,,,,,,,,,
4,19,5,,,,4,1,3,,,6,2,,,,,,,,,,,,,,,,,,,,,,,,,,,,,,,,,,
4,20,6,,,5,4,1,3,,,,2,,,,,,,,,,,,,,,,,,,,,,,,,,,,,,,,,,
4,21,3,10,11,4,2,1,7,9,12,8,5,6,,,,,,,,,,,,,,,,,,,,,,,,,,,,,,,,,
4,22,3,,,,4,1,7,,,5,2,6,,,,,,,,,,,,,,,,,,,,,,,,,,,,,,,,,
4,23,4,6,,,5,1,2,,,,3,,,,,,,,,,,,,,,,,,,,,,,,,,,,,,,,,,
4,24,4,,,,3,1,2,5,,6,,,,,,,,,,,,,,,,,,,,,,,,,,,,,,,,,,,
4,25,3,,,2,4,1,,,,5,6,,,,,,,,,,,,,,,,,,,,,,,,,,,,,,,,,,
4,26,3,6,,5,4,1,,,,,2,,,,,,,,,,,,,,,,,,,,,,,,,,,,,,,,,,
4,27,3,5,,,6,1,4,,,,2,,,,,,,,,,,,,,,,,,,,,,,,,,,,,,,,,,
4,28,,3,,,5,1,4,6,,,2,,,,,,,,,,,,,,,,,,,,,,,,,,,,,,,,,,
4,29,3,,,,,1,5,,4,6,2,,,,,,,,,,,,,,,,,,,,,,,,,,,,,,,,,,
4,30,6,,,4,2,1,,,,5,3,,,,,,,,,,,,,,,,,,,,,,,,,,,,,,,,,,
4,31,2,,,,,1,,4,5,3,,6,,,,,,,,,,,,,,,,,,,,,,,,,,,,,,,,,
4,32,5,4,,,,1,2,6,,,3,,,,,,,,,,,,,,,,,,,,,,,,,,,,,,,,,,
4,33,6,,,2,3,1,4,,,,5,,,,,,,,,,,,,,,,,,,,,,,,,,,,,,,,,,
4,34,6,,,3,4,1,5,,,,2,,,,,,,,,,,,,,,,,,,,,,,,,,,,,,,,,,
4,35,5,11,10,12,6,1,4,9,3,7,2,8,,,,,,,,,,,,,,,,,,,,,,,,,,,,,,,,,
4,36,9,11,10,7,4,1,3,6,12,5,2,8,,,,,,,,,,,,,,,,,,,,,,,,,,,,,,,,,
4,37,6,,,2,4,1,3,,,,5,,,,,,,,,,,,,,,,,,,,,,,,,,,,,,,,,,
4,38,,,,4,3,1,2,,,6,5,,,,,,,,,,,,,,,,,,,,,,,,,,,,,,,,,,
4,39,,,6,,,1,3,,5,,2,4,,,,,,,,,,,,,,,,,,,,,,,,,,,,,,,,,
4,40,6,,,2,3,1,4,,,,5,,,,,,,,,,,,,,,,,,,,,,,,,,,,,,,,,,
4,41,3,6,,2,5,1,,,,,4,,,,,,,,,,,,,,,,,,,,,,,,,,,,,,,,,,
4,42,6,,,,5,1,2,,3,4,,,,,,,,,,,,,,,,,,,,,,,,,,,,,,,,,,,
4,43,,3,,,,1,4,6,,5,2,,,,,,,,,,,,,,,,,,,,,,,,,,,,,,,,,,
4,44,3,,,6,,1,4,,,,2,5,,,,,,,,,,,,,,,,,,,,,,,,,,,,,,,,,
4,45,3,,,5,4,1,2,,,,6,,,,,,,,,,,,,,,,,,,,,,,,,,,,,,,,,,
4,46,5,3,,,6,1,4,,,,2,,,,,,,,,,,,,,,,,,,,,,,,,,,,,,,,,,
4,47,,,,3,4,1,5,,,,2,6,,,,,,,,,,,,,,,,,,,,,,,,,,,,,,,,,
4,48,3,10,12,5,4,1,6,7,11,9,2,8,,,,,,,,,,,,,,,,,,,,,,,,,,,,,,,,,
4,49,,,,4,5,1,3,,,,2,6,,,,,,,,,,,,,,,,,,,,,,,,,,,,,,,,,
4,50,,7,,4,5,1,3,,,6,2,,,,,,,,,,,,,,,,,,,,,,,,,,,,,,,,,,
5,1,5,3,,6,,1,4,,,,2,,,,,,,,,,,,,,,,,,,,,,,,,,,,,,,,,,
5,2,4,10,11,5,2,1,8,9,,6,3,7,,,,,,,,,,,,,,,,,,,,,,,,,,,,,,,,,
5,3,6,,,4,3,1,,,,5,2,,,,,,,,,,,,,,,,,,,,,,,,,,,,,,,,,,
5,4,6,4,,,,1,5,,,,2,3,,,,,,,,,,,,,,,,,,,,,,,,,,,,,,,,,
5,5,6,,,3,2,1,4,,,,5,,,,,,,,,,,,,,,,,,,,,,,,,,,,,,,,,,
5,6,6,,,3,5,1,2,,,,4,,,,,,,,,,,,,,,,,,,,,,,,,,,,,,,,,,
5,7,4,,,,3,1,,5,,2,6,,,,,,,,,,,,,,,,,,,,,,,,,,,,,,,,,,
5,8,,,,2,3,1,4,,,6,5,,,,,,,,,,,,,,,,,,,,,,,,,,,,,,,,,,
5,9,,,,2,3,1,4,,,,5,,,,,,,,,,,,,,,,,,,,,,,,,,,,,,,,,,
5,10,,4,,5,,1,3,,,,2,6,,,,,,,,,,,,,,,,,,,,,,,,,,,,,,,,,
5,11,4,,,,3,1,,5,,2,,,,,,,,,,,,,,,,,,,,,,,,,,,,,,,,,,,
5,12,6,5,,,,1,3,,,,2,4,,,,,,,,,,,,,,,,,,,,,,,,,,,,,,,,,
5,13,6,,,3,2,1,4,,,,5,,,,,,,,,,,,,,,,,,,,,,,,,,,,,,,,,,
5,14,5,,,4,3,1,,,,6,2,,,,,,,,,,,,,,,,,,,,,,,,,,,,,,,,,,
5,15,6,,,2,3,1,4,,,,5,,,,,,,,,,,,,,,,,,,,,,,,,,,,,,,,,,
5,16,8,4,12,10,7,1,2,6,11,5,3,9,,,,,,,,,,,,,,,,,,,,,,,,,,,,,,,,,
5,17,4,,,,2,1,6,,,5,3,,,,,,,,,,,,,,,,,,,,,,,,,,,,,,,,,,
5,18,10,3,11,8,7,1,4,9,12,6,2,5,,,,,,,,,,,,,,,,,,,,,,,,,,,,,,,,,
5,19,7,8,12,2,3,1,6,11,9,10,5,4,,,,,,,,,,,,,,,,,,,,,,,,,,,,,,,,,
5,20,3,,,,4,1,,5,,6,2,,,,,,,,,,,,,,,,,,,,,,,,,,,,,,,,,,
5,21,6,,,4,5,1,2,,,,3,,,,,,,,,,,,,,,,,,,,,,,,,,,,,,,,,,
5,22,6,,,2,3,1,4,,,,5,,,,,,,,,,,,,,,,,,,,,,,,,,,,,,,,,,
5,23,2,,,,3,1,5,,,,4,6,,,,,,,,,,,,,,,,,,,,,,,,,,,,,,,,,
5,24,6,,,2,3,1,4,,,,5,,,,,,,,,,,,,,,,,,,,,,,,,,,,,,,,,,
5,25,4,10,9,5,3,1,6,7,12,8,2,11,,,,,,,,,,,,,,,,,,,,,,,,,,,,,,,,,
5,26,3,6,,,5,1,4,,,,2,,,,,,,,,,,,,,,,,,,,,,,,,,,,,,,,,,
5,27,7,6,11,4,3,1,5,8,12,9,2,10,,,,,,,,,,,,,,,,,,,,,,,,,,,,,,,,,
5,28,4,6,,5,,1,,2,,,3,,,,,,,,,,,,,,,,,,,,,,,,,,,,,,,,,,
5,29,4,,,,5,1,2,,,,3,6,,,,,,,,,,,,,,,,,,,,,,,,,,,,,,,,,
5,30,,,,3,4,1,6,,,,2,5,,,,,,,,,,,,,,,,,,,,,,,,,,,,,,,,,
5,31,,,,6,4,1,3,,,,2,5,,,,,,,,,,,,,,,,,,,,,,,,,,,,,,,,,
5,32,,6,,4,5,1,3,,,,2,,,,,,,,,,,,,,,,,,,,,,,,,,,,,,,,,,
5,33,5,,,6,3,1,4,,,,2,,,,,,,,,,,,,,,,,,,,,,,,,,,,,,,,,,
5,34,,,,2,3,1,4,,,,5,,,,,,,,,,,,,,,,,,,,,,,,,,,,,,,,,,
5,35,6,,,4,5,1,3,,,,2,,,,,,,,,,,,,,,,,,,,,,,,,,,,,,,,,,
5,36,4,,,6,5,1,2,,,,3,,,,,,,,,,,,,,,,,,,,,,,,,,,,,,,,,,
5,37,6,,,4,2,1,5,,,,3,,,,,,,,,,,,,,,,,,,,,,,,,,,,,,,,,,
5,38,,,,4,3,1,6,,,5,2,,,,,,,,,,,,,,,,,,,,,,,,,,,,,,,,,,
5,39,5,6,10,4,3,1,11,7,12,8,2,9,,,,,,,,,,,,,,,,,,,,,,,,,,,,,,,,,
5,40,3,5,4,,6,1,,,,6,2,,,,,,,,,,,,,,,,,,,,,,,,,,,,,,,,,,
5,41,4,11,10,9,3,1,5,7,,6,2,8,,,,,,,,,,,,,,,,,,,,,,,,,,,,,,,,,
5,42,,4,,,6,1,3,,,5,2,,,,,,,,,,,,,,,,,,,,,,,,,,,,,,,,,,
5,43,7,,,,6,1,2,,,4,3,5,,,,,,,,,,,,,,,,,,,,,,,,,,,,,,,,,
5,44,4,,,3,2,1,6,,,,5,,,,,,,,,,,,,,,,,,,,,,,,,,,,,,,,,,
5,45,4,,,5,3,1,6,,,8,2,7,,,,,,,,,,,,,,,,,,,,,,,,,,,,,,,,,
5,46,,3,,,,1,4,,,,2,,,,,,,,,,,,,,,,,,,,,,,,,,,,,,,,,,
5,47,4,,,2,6,1,5,,,,3,,,,,,,,,,,,,,,,,,,,,,,,,,,,,,,,,,
5,48,4,,,6,5,1,3,,,,2,,,,,,,,,,,,,,,,,,,,,,,,,,,,,,,,,,
5,49,10,5,12,3,9,1,4,8,11,7,2,6,,,,,,,,,,,,,,,,,,,,,,,,,,,,,,,,,
5,50,4,10,11,2,3,1,7,9,12,8,5,6,,,,,,,,,,,,,,,,,,,,,,,,,,,,,,,,,
6,1,,,,5,3,1,,6,,4,2,,,,,,,,,,,,,,,,,,,,,,,,,,,,,,,,,,
6,2,6,,,2,3,1,4,,,,5,,,,,,,,,,,,,,,,,,,,,,,,,,,,,,,,,,
6,3,6,,,5,3,1,4,,,,2,,,,,,,,,,,,,,,,,,,,,,,,,,,,,,,,,,
6,4,6,,,2,3,1,4,,,,5,,,,,,,,,,,,,,,,,,,,,,,,,,,,,,,,,,
6,5,3,,,6,,1,5,,,,2,4,,,,,,,,,,,,,,,,,,,,,,,,,,,,,,,,,
6,6,5,,,6,,1,3,,,4,2,,,,,,,,,,,,,,,,,,,,,,,,,,,,,,,,,,
6,7,8,6,11,4,7,1,3,10,12,5,2,9,,,,,,,,,,,,,,,,,,,,,,,,,,,,,,,,,
6,8,3,,,4,5,1,6,,,,2,,,,,,,,,,,,,,,,,,,,,,,,,,,,,,,,,,
6,9,6,2,,,,1,3,4,,,5,,,,,,,,,,,,,,,,,,,,,,,,,,,,,,,,,,
6,10,6,7,12,3,4,1,10,5,11,8,2,9,,,,,,,,,,,,,,,,,,,,,,,,,,,,,,,,,
6,11,4,,,,5,1,2,6,,,3,,,,,,,,,,,,,,,,,,,,,,,,,,,,,,,,,,
6,12,3,4,,,5,1,,,,6,2,,,,,,,,,,,,,,,,,,,,,,,,,,,,,,,,,,
6,13,6,10,12,2,4,1,5,9,11,8,3,7,,,,,,,,,,,,,,,,,,,,,,,,,,,,,,,,,
6,14,,,6,,,1,,4,,5,2,3,,,,,,,,,,,,,,,,,,,,,,,,,,,,,,,,,
6,15,6,,,2,4,1,5,,,,3,,,,,,,,,,,,,,,,,,,,,,,,,,,,,,,,,,
6,16,6,,,3,,1,5,4,,,2,,,,,,,,,,,,,,,,,,,,,,,,,,,,,,,,,,
6,17,5,2,,,,1,4,,,6,3,,,,,,,,,,,,,,,,,,,,,,,,,,,,,,,,,,
6,18,4,6,,3,2,1,5,,,,,,,,,,,,,,,,,,,,,,,,,,,,,,,,,,,,,,
6,19,3,6,,4,,1,5,,,,2,,,,,,,,,,,,,,,,,,,,,,,,,,,,,,,,,,
6,20,,,,4,2,1,5,,,6,3,,,,,,,,,,,,,,,,,,,,,,,,,,,,,,,,,,
6,21,2,7,,,5,1,3,,,,4,6,,,,,,,,,,,,,,,,,,,,,,,,,,,,,,,,,
6,22,3,,,5,,1,6,,,4,2,,,,,,,,,,,,,,,,,,,,,,,,,,,,,,,,,,
6,23,3,,,4,5,1,,,,6,2,,,,,,,,,,,,,,,,,,,,,,,,,,,,,,,,,,
6,24,6,5,,3,,1,2,,,,4,,,,,,,,,,,,,,,,,,,,,,,,,,,,,,,,,,
6,25,3,5,,2,4,1,,,,,6,,,,,,,,,,,,,,,,,,,,,,,,,,,,,,,,,,
6,26,5,,,2,3,1,4,,,,6,,,,,,,,,,,,,,,,,,,,,,,,,,,,,,,,,,
6,27,2,,,5,4,1,,,,3,6,,,,,,,,,,,,,,,,,,,,,,,,,,,,,,,,,,
6,28,2,,,5,4,1,,,,,3,6,,,,,,,,,,,,,,,,,,,,,,,,,,,,,,,,,
6,29,4,7,,,3,1,,6,,2,5,,,,,,,,,,,,,,,,,,,,,,,,,,,,,,,,,,
6,30,3,,,4,5,1,6,,,,2,,,,,,,,,,,,,,,,,,,,,,,,,,,,,,,,,,
6,31,,,5,,6,1,4,,,3,2,,,,,,,,,,,,,,,,,,,,,,,,,,,,,,,,,,
6,32,6,12,11,9,4,1,3,7,10,5,2,8,,,,,,,,,,,,,,,,,,,,,,,,,,,,,,,,,
6,33,5,,,3,2,1,6,,,,4,,,,,,,,,,,,,,,,,,,,,,,,,,,,,,,,,,
6,34,4,,,,,1,3,,5,6,2,,,,,,,,,,,,,,,,,,,,,,,,,,,,,,,,,,
6,35,4,2,12,11,10,1,8,9,7,5,3,6,,,,,,,,,,,,,,,,,,,,,,,,,,,,,,,,,
6,36,,4,,2,5,1,6,,,,3,,,,,,,,,,,,,,,,,,,,,,,,,,,,,,,,,,
6,37,6,,,2,4,1,5,,,,3,,,,,,,,,,,,,,,,,,,,,,,,,,,,,,,,,,
6,38,2,9,10,3,4,1,7,11,12,5,6,8,,,,,,,,,,,,,,,,,,,,,,,,,,,,,,,,,
6,39,5,,,3,2,1,4,,,,6,,,,,,,,,,,,,,,,,,,,,,,,,,,,,,,,,,
6,40,4,5,,,,1,2,,,6,3,,,,,,,,,,,,,,,,,,,,,,,,,,,,,,,,,,
6,41,,2,,,4,1,6,,,5,3,,,,,,,,,,,,,,,,,,,,,,,,,,,,,,,,,,
6,42,5,,,3,6,1,2,,,,4,,,,,,,,,,,,,,,,,,,,,,,,,,,,,,,,,,
6,43,3,11,12,5,2,1,6,7,10,8,4,9,,,,,,,,,,,,,,,,,,,,,,,,,,,,,,,,,
6,44,6,11,12,4,5,1,9,10,3,7,2,8,,,,,,,,,,,,,,,,,,,,,,,,,,,,,,,,,
6,45,3,7,12,11,2,1,5,10,9,6,4,8,,,,,,,,,,,,,,,,,,,,,,,,,,,,,,,,,
6,46,3,4,,,6,1,5,,,,2,,,,,,,,,,,,,,,,,,,,,,,,,,,,,,,,,,
6,47,5,2,4,,6,1,3,,,,,,,,,,,,,,,,,,,,,,,,,,,,,,,,,,,,,,
6,48,6,,,2,3,1,4,,,,5,,,,,,,,,,,,,,,,,,,,,,,,,,,,,,,,,,
6,49,3,11,9,4,7,1,5,8,,10,2,6,,,,,,,,,,,,,,,,,,,,,,,,,,,,,,,,,
6,50,,6,,3,4,1,5,,,,2,,,,,,,,,,,,,,,,,,,,,,,,,,,,,,,,,,
7,1,2,3,,,,1,,6,,5,4,,,,,,,,,,,,,,,,,,,,,,,,,,,,,,,,,,
7,2,2,,,,4,1,5,,,6,3,,,,,,,,,,,,,,,,,,,,,,,,,,,,,,,,,,
7,3,,4,,,5,1,2,,,6,3,,,,,,,,,,,,,,,,,,,,,,,,,,,,,,,,,,
7,4,,,,3,5,1,4,,,,2,6,,,,,,,,,,,,,,,,,,,,,,,,,,,,,,,,,
7,5,5,3,,6,,1,,,,,2,4,,,,,,,,,,,,,,,,,,,,,,,,,,,,,,,,,
7,6,3,,,4,5,1,6,,,,2,,,,,,,,,,,,,,,,,,,,,,,,,,,,,,,,,,
7,7,3,6,12,7,8,1,5,9,11,10,2,4,,,,,,,,,,,,,,,,,,,,,,,,,,,,,,,,,
7,8,6,,,2,3,1,4,,,,5,,,,,,,,,,,,,,,,,,,,,,,,,,,,,,,,,,
7,9,4,6,,3,,1,,,5,,2,,,,,,,,,,,,,,,,,,,,,,,,,,,,,,,,,,
7,10,4,5,,6,3,1,,,,,2,,,,,,,,,,,,,,,,,,,,,,,,,,,,,,,,,,
7,11,6,5,,,,1,3,,,4,2,,,,,,,,,,,,,,,,,,,,,,,,,,,,,,,,,,
7,12,,,,3,4,1,5,,,6,2,,,,,,,,,,,,,,,,,,,,,,,,,,,,,,,,,,
7,13,6,,,2,3,1,4,,,,5,,,,,,,,,,,,,,,,,,,,,,,,,,,,,,,,,,
7,14,6,4,,,5,1,3,,,,2,,,,,,,,,,,,,,,,,,,,,,,,,,,,,,,,,,
7,15,4,10,12,5,6,1,7,3,11,8,2,9,,,,,,,,,,,,,,,,,,,,,,,,,,,,,,,,,
7,16,3,5,,,6,1,,,,,2,4,,,,,,,,,,,,,,,,,,,,,,,,,,,,,,,,,
7,17,,,,3,,1,,,5,4,2,6,,,,,,,,,,,,,,,,,,,,,,,,,,,,,,,,,
7,18,3,11,12,5,4,1,9,7,10,6,2,8,,,,,,,,,,,,,,,,,,,,,,,,,,,,,,,,,
7,19,6,,,2,3,1,4,,,,5,,,,,,,,,,,,,,,,,,,,,,,,,,,,,,,,,,
7,20,3,,,,,1,4,,6,,2,5,,,,,,,,,,,,,,,,,,,,,,,,,,,,,,,,,
7,21,,5,,2,3,1,6,,,,4,,,,,,,,,,,,,,,,,,,,,,,,,,,,,,,,,,
7,22,4,,,,,1,,5,6,,3,2,,,,,,,,,,,,,,,,,,,,,,,,,,,,,,,,,
7,23,3,4,,,5,1,,,,6,2,,,,,,,,,,,,,,,,,,,,,,,,,,,,,,,,,,
7,24,,,,6,2,1,5,,,,4,3,,,,,,,,,,,,,,,,,,,,,,,,,,,,,,,,,
7,25,6,,,2,4,1,5,,,,3,,,,,,,,,,,,,,,,,,,,,,,,,,,,,,,,,,
7,26,6,,,5,4,1,3,,,,2,,,,,,,,,,,,,,,,,,,,,,,,,,,,,,,,,,
7,27,,,,2,3,1,4,,,,5,,,,,,,,,,,,,,,,,,,,,,,,,,,,,,,,,,
7,28,,5,4,3,2,1,,,,,6,,,,,,,,,,,,,,,,,,,,,,,,,,,,,,,,,,
7,29,2,,,,,1,4,,,5,3,6,,,,,,,,,,,,,4,2,1,3,,,,,,,6,5,12,11,10,9,13,8,,,7
7,30,3,10,11,4,6,1,5,9,12,7,2,8,,,,,,,,,,,,,,,,,,,,,,,,,,,,,,,,,
7,31,2,6,,5,3,1,,,,,4,,,,,,,,,,,,,,,,,,,,,,,,,,,,,,,,,,
7,32,4,3,,2,5,1,,,,,6,,,,,,,,,,,,,,,,,,,,,,,,,,,,,,,,,,
7,33,3,,,4,5,1,6,,,,2,,,,,,,,,,,,,,,,,,,,,,,,,,,,,,,,,,
7,34,6,,,2,3,1,4,,,,5,,,,,,,,,,,,,,,,,,,,,,,,,,,,,,,,,,
7,35,9,8,11,4,3,1,5,7,12,6,2,10,,,,,,,,,,,,,,,,,,,,,,,,,,,,,,,,,
7,36,5,6,,,3,1,2,,,,4,,,,,,,,,,,,,,,,,,,,,,,,,,,,,,,,,,
7,37,4,6,12,10,5,1,3,7,11,8,2,9,,,,,,,,,,,,,,,,,,,,,,,,,,,,,,,,,
7,38,6,10,11,2,5,1,3,7,12,8,4,9,,,,,,,,,,,,,,,,,,,,,,,,,,,,,,,,,
7,39,8,12,11,2,5,1,6,7,9,10,3,4,,,,,,,,,,,,,,,,,,,,,,,,,,,,,,,,,
7,40,4,9,12,8,6,1,3,7,11,5,2,10,,,,,,,,,,,,,,,,,,,,,,,,,,,,,,,,,
7,41,6,4,,3,,1,,,,,2,5,,,,,,,,,,,,,,,,,,,,,,,,,,,,,,,,,
7,42,4,,,6,3,1,5,,,,2,,,,,,,,,,,,,,,,,,,,,,,,,,,,,,,,,,
7,43,3,,,4,,1,6,,,,2,5,,,,,,,,,,,,,,,,,,,,,,,,,,,,,,,,,
7,44,6,,,,4,1,3,,,,2,5,,,,,,,,,,,,,,,,,,,,,,,,,,,,,,,,,
7,45,5,,,4,6,1,3,,,,2,,,,,,,,,,5,6,,,1,2,3,4,,,,,,,,,7,8,9,10,11,12,,,
7,46,2,7,,,5,1,3,,,,4,6,,,,,,,,,,,,,,,,,,,,,,,,,,,,,,,,,
7,47,4,6,,2,3,1,5,,,,,,,,,,,,,,,,,,,,,,,,,,,,,,,,,,,,,,
7,48,6,3,,,2,1,,,,5,4,,,,,,,,,,,,,,,,,,,,,,,,,,,,,,,,,,
7,49,4,10,11,5,6,1,3,8,12,7,2,9,,,,,,,,,,,,,,,,,,,,,,,,,,,,,,,,,
7,50,,,,6,5,1,2,,,,3,4,,,,,,,,,,,,,,,,,,,,,,,,,,,,,,,,,
8,1,6,,1,,5,,,3,2,4,,7,,,,,,,,,,,,,,,,,,,,,,,,,,,,,,,,,
8,2,,,1,3,,4,2,,,6,,5,,,,,,,,,,,,,,,,,,,,,,,,,,,,,,,,,
8,3,5,2,1,,,,3,6,4,,,,,,,,,,,,,,,,,,,,,,,,,,,,,,,,,,,,
8,4,10,4,11,9,3,2,8,,5,6,1,7,,,,,,,,,,,,,,,,,,,,,,,,,,,,,,,,,
8,5,,,1,,,,3,5,2,6,,4,,,,,,,,,,,,,,,,,,,,,,,,,,,,,,,,,
8,6,1,5,,4,,2,3,,,,6,,,,,,,,,,,,,,,,,,,,,,,,,,,,,,,,,,
8,7,1,,,6,3,2,4,,,,5,,,,,,,,,,,,,,,,,,,,,,,,,,,,,,,,,,
8,8,1,,,6,5,2,,,,4,3,,,,,,,,,,,,,,,,,,,,,,,,,,,,,,,,,,
8,9,1,3,2,,5,4,,,6,,,,,,,,,,,,,,,,,,,,,,,,,,,,,,,,,,,,
8,10,10,1,4,6,5,12,2,9,3,8,7,11,,,,,,,,,,,,,,,,,,,,,,,,,,,,,,,,,
8,11,,1,,,,,5,3,2,,6,4,,,,,,,,,,,,,,,,,,,,,,,,,,,,,,,,,
8,12,3,1,,,,6,2,,4,,5,,,,,,,,,,,,,,,,,,,,,,,,,,,,,,,,,,
8,13,,1,6,,,5,2,,,,3,4,,,,,,,,,,,,,,,,,,,,,,,,,,,,,,,,,
8,14,5,1,3,,4,,,2,,,6,,,,,,,,,,,,,,,,,,,,,,,,,,,,,,,,,,
8,15,,1,10,6,5,,3,7,9,8,2,4,,,,,,,,,,,,,,,,,,,,,,,,,,,,,,,,,
8,16,10,1,3,9,11,12,8,7,2,6,4,5,,,,,,,,,,,,,,,,,,,,,,,,,,,,,,,,,
8,17,,1,,,4,2,,5,,6,3,,,,,,,,,,,,,,,,,,,,,,,,,,,,,,,,,,
8,18,,1,4,,,3,5,,6,,2,,,,,,,,,,,,,,,,,,,,,,,,,,,,,,,,,,
8,19,,1,6,,,4,2,,3,,5,,,,,,,,,,,,,,,,,,,,,,,,,,,,,,,,,,
8,20,,1,,,,6,2,4,5,,,3,,,,,,,,,,,,,,,,,,,,,,,,,,,,,,,,,
8,21,,1,2,,,,3,,4,6,,5,,,,,,,,,,,,,,,,,,,,,,,,,,,,,,,,,
8,22,,1,5,,,,2,,3,4,6,,,,1,2,3,10,11,12,,,,,,,,,4,5,,,6,7,8,9,,,,,,,,,
8,23,,1,,,,4,3,6,5,,2,,,,,,,,,,,,,,,,,,,,,,,,,,,,,,,,,,
8,24,,1,2,,,7,3,,4,,5,6,,,,,,,,,,,,,,,,,,,,,,,,,,,,,,,,,
8,25,,1,,,,,,6,5,4,2,3,,,,,,,,,,,,,,,,,,,,,,,,,,,,,,,,,
8,26,6,1,5,,4,,,3,2,,,,,,,,,,,,,,,,,,,,,,,,,,,,,,,,,,,,
8,27,,1,5,,,,3,4,2,,6,,,,,,,,,,,,,,,,,,,,,,,,,,,,,,,,,,
8,28,5,1,4,,,,2,6,3,,,,,,,,,,,,,,,,,,,,,,,,,,,,,,,,,,,,
8,29,4,1,,,9,,5,6,7,8,2,3,,,,,,,,,,,,,,,,,,,,,,,,,,,,,,,,,
8,30,6,1,3,5,,4,,,2,,,,,,,,,,,,,,,,,,,,,,,,,,,,,,,,,,,,
8,31,2,1,,,,,3,,6,5,,4,,,,,,,,,,,,,,,,,,,,,,,,,,,,,,,,,
8,32,,1,,,,5,,3,,4,2,6,,,,,,,,,,,,,,,,,,,,,,,,,,,,,,,,,
8,33,,1,,,,3,5,6,4,,2,,,,,,,,,,,,,,,,,,,,,,,,,,,,,,,,,,
8,34,,1,10,11,5,2,6,7,8,4,9,3,,,,,,,,,,,,,,,,,,,,,,,,,,,,,,,,,
8,35,5,1,,,,3,,4,,6,2,,,,,,,,,,,,,,,,,,,,,,,,,,,,,,,,,,
8,36,,1,4,,6,,3,,2,,5,,,,,,,,,,,,,,,,,,,,,,,,,,,,,,,,,,
8,37,,1,6,,,5,3,,4,,2,,,,,,,,,,,,,,,,,,,,,,,,,,,,,,,,,,
8,38,,1,,6,5,,4,,3,,,2,,,,,,,,,,,,,,,,,,,,,,,,,,,,,,,,,
8,39,4,1,5,,,,2,6,3,,,,,,,,,,,,,,,,,,,,,,,,,,,,,,,,,,,,
8,40,,1,,,6,,3,5,2,4,,,,,,,,,,,,,,,,,,,,,,,,,,,,,,,,,,,
8,41,6,1,2,,,5,4,,,,3,,,,,,,,,,,,,,,,,,,,,,,,,,,,,,,,,,
8,42,7,1,12,2,6,8,9,3,11,10,4,5,,,,,,,,,,,,,,,,,,,,,,,,,,,,,,,,,
8,43,6,1,,,,3,4,,,5,2,,,,,,,,,,,,,,,,,,,,,,,,,,,,,,,,,,
8,44,,1,2,,,,6,5,4,,,3,,,,,,,,,,,,,,,,,,,,,,,,,,,,,,,,,
8,45,,1,3,,,,4,,2,,5,6,,,,,,,,,,,,,,,,,,,,,,,,,,,,,,,,,
8,46,,1,5,,,,3,,4,,6,2,,,,,,,,,,,,,,,,,,,,,,,,,,,,,,,,,
8,47,,1,,2,6,,,,5,,4,3,,,,,,,,,,,,,,,,,,,,,,,,,,,,,,,,,
8,48,4,1,,,5,3,,,,6,2,,,,,,,,,,,,,,,,,,,,,,,,,,,,,,,,,,
8,49,2,1,,,3,6,,,,4,5,,,,,,,,,,,,,,,,,,,,,,,,,,,,,,,,,,
8,50,,1,,,,,5,3,2,,6,4,,,,,,,,,,,,,,,,,,,,,,,,,,,,,,,,,
9,1,,1,2,6,,,4,,5,7,,3,,,,,,,,,,,,,,,,,,,,,,,,,,,,,,,,,
9,2,,1,,6,,3,2,,5,,4,,,,,,,,,,,,,,,,,,,,,,,,,,,,,,,,,,
9,3,,1,,,,,2,5,3,6,4,,,,,,,,,,,,,,,,,,,,,,,,,,,,,,,,,,
9,4,,1,6,7,10,11,5,3,4,8,9,2,,,,,,,,,,,,,,,,,,,,,,,,,,,,,,,,,
9,5,,1,3,4,,,5,,,6,2,,,,,,,,,,,,,,,,,,,,,,,,,,,,,,,,,,
9,6,,1,,,,6,5,,4,,3,2,,,,,,,,,,,,,,,,,,,,,,,,,,,,,,,,,
9,7,3,1,4,,,2,5,,,,6,,,,,,,,,,,,,,,,,,,,,,,,,,,,,,,,,,
9,8,5,1,,,,2,,3,,4,,6,,,,,,,,,,,,,,,,,,,,,,,,,,,,,,,,,
9,9,8,1,7,6,12,11,3,9,5,10,4,2,,,,,,,,,,,,,,,,,,,,,,,,,,,,,,,,,
9,10,,1,4,,6,,,3,2,,,5,,,,,,,,,,,,,,,,,,,,,,,,,,,,,,,,,
9,11,3,1,,,4,5,2,,,6,,,,,,,,,,,,,,,,,,,,,,,,,,,,,,,,,,,
9,12,8,1,7,6,5,4,3,9,10,11,2,12,,,,,,,,,,,,,,,,,,,,,,,,,,,,,,,,,
9,13,6,1,3,,4,,5,,2,,,,,,,,,,,,,,,,,,,,,,,,,,,,,,,,,,,,
9,14,,1,2,,,,3,,4,,5,6,,,,,,,,,,,,,,,,,,,,,,,,,,,,,,,,,
9,15,,1,,,,,5,3,2,,6,4,,,,,,,,,,,,,,,,,,,,,,,,,,,,,,,,,
9,16,,1,2,,,,5,,3,,6,4,,,,,,,,,,,,,,,,,,,,,,,,,,,,,,,,,
9,17,,1,,,4,,,6,3,5,2,,,,,,,,,,,,,,,,,,,,,,,,,,,,,,,,,,
9,18,6,1,,4,5,3,,,,,2,,,,,,,,,,,,,,,,,,,,,,,,,,,,,,,,,,
9,19,,1,,4,,5,6,,3,,2,,,,,,,,,,,,,,,,,,,,,,,,,,,,,,,,,,
9,20,,1,3,4,,,5,,2,,,6,,,,,,,,,,,,,,,,,,,,,,,,,,,,,,,,,
9,21,6,1,,,,2,4,5,,,3,,,,,,,,,,,,,,,,,,,,,,,,,,,,,,,,,,
9,22,,1,,,5,4,3,,,,2,6,,,,,,,,,,,,,,,,,,,,,,,,,,,,,,,,,
9,23,,1,,3,,,5,,2,,6,4,,,,,,,,,,,,,,,,,,,,,,,,,,,,,,,,,
9,24,2,1,3,4,5,6,7,8,9,10,11,12,,,,,,,,,,,,,,,,,,,,,,,,,,,,,,,,,
9,25,,1,,,,,5,3,2,,6,4,,,,,,,,,,,,,,,,,,,,,,,,,,,,,,,,,
9,26,,1,3,,6,4,2,5,,,,,,,,,,,,,,,,,,,,,,,,,,,,,,,,,,,,,
9,27,,1,,,,3,4,,5,,2,6,,,,,,,,,,,,,,,,,,,,,,,,,,,,,,,,,
9,28,3,1,,5,,2,,,6,,4,,,,,,,,,,,,,,,,,,,,,,,,,,,,,,,,,,
9,29,,1,,,,,5,3,2,,6,4,,,,,,,,,,,,,,,,,,,,,,,,,,,,,,,,,
9,30,,1,,,2,,3,4,,5,,6,,,,,,,,,,,,,,,,,,,,,,,,,,,,,,,,,
9,31,,1,,5,,2,3,4,,,6,,,,,,,,,,,,,,,,,,,,,,,,,,,,,,,,,,
9,32,7,1,5,9,8,12,2,10,3,6,11,4,,,,,,,,,,,,,,,,,,,,,,,,,,,,,,,,,
9,33,6,1,,,5,3,4,,,,2,,,,,,,,,,,,,,,,,,,,,,,,,,,,,,,,,,
9,34,,1,,,,,3,,4,5,2,6,,,,,,,,,,,,,,,,,,,,,,,,,,,,,,,,,
9,35,,1,4,,,6,2,,3,,5,,,,,,,,,,,,,,,,,,,,,,,,,,,,,,,,,,
9,36,,1,4,,6,,,3,2,,,5,,,,,,,,,,,,,,,,,,,,,,,,,,,,,,,,,
9,37,12,1,11,10,9,8,7,6,5,4,3,2,,,,,,,,,,,,,,,,,,,,,,,,,,,,,,,,,
9,38,,1,2,,6,,4,,3,5,,,,,,,,,,,,,,,,,,,,,,,,,,,,,,,,,,,
9,39,,1,4,,6,,,3,2,,,5,,,,,,,,,,,,,,,,,,,,,,,,,,,,,,,,,
9,40,,1,,,3,5,2,,4,,6,,,,,,,,,,,,,,,,,,,,,,,,,,,,,,,,,,
9,41,,1,,,,,2,4,3,5,6,,,,,,,,,,,,,,,,,,,,,,,,,,,,,,,,,,
9,42,6,1,,5,10,3,2,8,4,9,11,7,,,,,,,,,,,,,,,,,,,,,,,,,,,,,,,,,
9,43,10,1,11,4,7,3,6,9,12,8,2,5,,,,,,,,,,,,,,,,,,,,,,,,,,,,,,,,,
9,44,,1,2,,4,,6,3,,5,,,,,,,,,,,,,,,,,,,,,,,,,,,,,,,,,,,
9,45,,1,5,6,,3,4,,2,,,,,,,,,,,,,,,,,,,,,,,,,,,,,,,,,,,,
9,46,,1,2,,,6,3,,5,,4,,,,,,,,,,,,,,,,,,,,,,,,,,,,,,,,,,
9,47,5,1,,,,2,,3,,4,,6,,,,,,,,,,,,,,,,,,,,,,,,,,,,,,,,,
9,48,,1,,,,2,4,,5,,3,6,,,,,,,,,,,,,,,,,,,,,,,,,,,,,,,,,
9,49,,1,4,,,6,5,,3,,2,,,,,,,,,,,,,,,,,,,,,,,,,,,,,,,,,,
9,50,11,1,3,10,5,12,9,7,2,6,4,8,,,,,,,,,,,,,,,,,,,,,,,,,,,,,,,,,
10,1,,1,,,5,6,2,,,,3,4,,,,,,,,,,,,,,,,,,,,,,,,,,,,,,,,,
10,2,,1,,,6,3,2,,4,5,,,,,,,,,,,,,,,,,,,,,,,,,,,,,,,,,,,
10,3,,1,,,,,3,,2,5,4,6,,,,,,,,,,,,,,,,,,,,,,,,,,,,,,,,,
10,4,,1,,,,3,4,,,5,2,6,,,,,,,,,,,,,,,,,,,,,,,,,,,,,,,,,
10,5,,1,,,,,5,3,2,,6,4,,,,,,,,,,,,,,,,,,,,,,,,,,,,,,,,,
10,6,,1,4,,6,,,3,2,,,5,,,,,,,,,,,,,,,,,,,,,,,,,,,,,,,,,
10,7,,1,,,3,6,2,,4,,,5,,,,,,,,,,,,,,,,,,,,,,,,,,,,,,,,,
10,8,,1,5,,6,,3,,2,,,4,,,,,,,,,,,,,,,,,,,,,,,,,,,,,,,,,
10,9,2,1,,,3,4,5,,,6,,,,,,,,,,,,,,,,,,,,,,,,,,,,,,,,,,,
10,10,6,1,9,12,7,3,4,10,8,5,2,11,,,,,,,,,,,,,,,,,,,,,,,,,,,,,,,,,
10,11,,1,5,,,,,3,2,,6,4,,,,,,,,,,,,,,,,,,,,,,,,,,,,,,,,,
10,12,,1,,,,,5,3,2,,6,4,,,,,,,,,,,,,,,,,,,,,,,,,,,,,,,,,
10,13,6,1,4,,,5,2,,,,3,,,,,,,,,,,,,,,,,,,,,,,,,,,,,,,,,,
10,14,,1,,,,5,4,6,3,,2,,,,,,,,,,,,,,,,,,,,,,,,,,,,,,,,,,
10,15,,1,,5,3,6,,,,,2,4,,,,,,,,,,,,,,,,,,,,,,,,,,,,,,,,,
10,16,,1,6,,,3,2,,5,,4,,,,,,,,,,,,,,,,,,,,,,,,,,,,,,,,,,
10,17,3,1,5,,,,2,,6,,4,,,,,,,,,,,,,,,,,,,,,,,,,,,,,,,,,,
10,18,,1,,,,6,4,,3,,5,2,,,,,,,,,,,,,,,,,,,,,,,,,,,,,,,,,
10,19,,1,4,3,6,,,2,,5,,,,,,,,,,,,,,,,,,,,,,,,,,,,,,,,,,,
10,20,,1,,6,3,4,,,,5,2,,,,,,,,,,,,,,,,,,,,,,,,,,,,,,,,,,
10,21,,1,6,,,,3,,4,,2,5,,,,,,,,,,,,,,,,,,,,,,,,,,,,,,,,,
10,22,,1,,6,,2,,3,5,,4,,,,,,,,,,,,,,,,,,,,,,,,,,,,,,,,,,
10,23,5,1,,3,4,,,,,,2,6,,,,,,,,,,,,,,,,,,,,,,,,,,,,,,,,,
10,24,6,1,,3,,,,,,5,2,4,,,,,,,,,,,,,,,,,,,,,,,,,,,,,,,,,
10,25,,1,,,5,,3,,4,6,2,,,,,,,,,,,,,,,,,,,,,,,,,,,,,,,,,,
10,26,,1,,5,4,,6,,2,,,3,,,,,,,,,,,,,,,,,,,,,,,,,,,,,,,,,
10,27,,1,5,4,,,3,,,,2,,,,,,,,,,,,,,,,,,,,,,,,,,,,,,,,,,
10,28,,1,,,,,5,3,2,,6,4,,,,,,,,,,,,,,,,,,,,,,,,,,,,,,,,,
10,29,,1,5,,,4,2,,6,,3,,,,,,,,,,,,,,,,,,,,,,,,,,,,,,,,,,
10,30,,1,5,,,6,2,,4,,3,,,,,,,,,,,,,,,,,,,,,,,,,,,,,,,,,,
10,31,,1,,,6,4,3,,,5,2,,,,,,,,,,,,,,,,,,,,,,,,,,,,,,,,,,
10,32,,1,4,3,,,5,,2,,,6,,,,,,,,,,,,,,,,,,,,,,,,,,,,,,,,,
10,33,,1,3,,,,5,,2,,6,4,,,,,,,,,,,,,,,,,,,,,,,,,,,,,,,,,
10,34,4,1,,6,,5,2,,,,3,,,,,,,,,,,,,,,,,,,,,,,,,,,,,,,,,,
10,35,7,1,6,10,11,,4,8,2,9,5,3,,,,,,,,,,,,,,,,,,,,,,,,,,,,,,,,,
10,36,,1,,,,3,5,,4,,2,6,,,,,,,,,,,,,,,,,,,,,,,,,,,,,,,,,
10,37,,1,2,3,4,5,6,,,,,,,,,,,,,,,,,,,,,,,,,,,,,,,,,,,,,,
10,38,,1,3,,5,,4,,,,2,6,,,,,,,,,,,,,,,,,,,,,,,,,,,,,,,,,
10,39,5,1,6,,,,2,3,,4,,,,,,,,,,,,,,,,,,,,,,,,,,,,,,,,,,,
10,40,6,1,12,11,5,3,4,7,9,8,2,10,,,,,,,,,,,,,,,,,,,,,,,,,,,,,,,,,
10,41,,1,,,,3,2,,6,,4,5,,,,,,,,,,,,,,,,,,,,,,,,,,,,,,,,,
10,42,,1,4,,,5,6,2,,,3,,,,,,,,,,,,,,,,,,,,,,,,,,,,,,,,,,
10,43,,1,,,,,5,3,2,,6,4,,,,,,,,,,,,,,,,,,,,,,,,,,,,,,,,,
10,44,,1,,6,5,,4,,2,,3,,,,,,,,,,,,,,,,,,,,,,,,,,,,,,,,,,
10,45,6,1,,,,4,3,,5,,2,,,,,,,,,,,,,,,,,,,,,,,,,,,,,,,,,,
10,46,5,1,6,,,,4,,3,,2,,,,,,,,,,,,,,,,,,,,,,,,,,,,,,,,,,
10,47,,1,,,,,3,6,2,,4,5,,,,,,,,,,,,,,,,,,,,,,,,,,,,,,,,,
10,48,5,1,,,4,,,6,,3,2,,,,,,,,,,,,,,,,,,,,,,,,,,,,,,,,,,
10,49,5,1,,,,,2,,3,4,,6,,,,,,,,,,,,,,,,,,,,,,,,,,,,,,,,,
10,50,,1,,,,,4,3,5,,6,2,,,,,,,,,,,,,,,,,,,,,,,,,,,,,,,,,
11,1,,,,,,,,,,,,,21,22,18,19,20,31,32,33,23,24,11,12,7,8,9,10,27,28,25,26,29,30,16,17,1,2,3,4,5,6,14,15,13
11,2,,,,,,,,,,,,,15,16,21,20,19,33,32,31,8,9,13,14,4,5,6,7,17,18,30,29,28,27,23,24,1,2,3,10,11,12,25,26,22
11,3,,,,,,,,,,,1,,,,,,,,,,,,,,,,,,,,,,,,,,5,2,1,3,4,6,,,
11,4,,,,,,,,,,,,,,,,,,,,,,,,,7,8,9,10,11,12,,,,,,,1,2,3,4,5,6,,,13
11,5,,,,,,,,,,,,,,,11,12,,,,,,,,,2,4,6,8,,,,,,,,,1,3,5,7,9,10,,,
11,6,,,,,,,,,,,,,12,,7,8,11,,,,,,,,,,,,9,,,,,,,,2,1,4,6,5,3,,,10
11,8,,,,,,,,,,,,,,,,,,,,,,,,,,,11,10,8,9,,,,,,,3,4,7,5,6,1,,12,2
11,9,7,2,5,,6,3,,,,4,1,,,,,,,,,,13,14,8,,9,10,11,12,,,,,7,,,,1,2,3,4,5,6,,,
11,10,,,,,,,,,,,,,10,11,,,,,,,12,,,,6,7,8,9,,,,,,,,,1,2,3,4,5,,,,
11,11,,,,,,,,,,,,,,,3,,,,,,6,,,,2,,,,4,,,,,,,,1,,,,,,5,,
11,12,,,,,,,,,,,,,14,13,,,,,,,,,,,8,7,9,10,,,,,,,11,12,1,3,4,5,6,2,,,
11,13,,,,,,,,,,,,,15,16,28,29,30,31,32,33,13,14,11,12,7,8,9,10,24,25,21,22,26,27,17,18,1,2,3,4,5,6,19,20,23
11,14,,,,,,,,,,,,,,,12,,,,,,,,,,3,2,7,8,,,,,,,,,1,6,10,9,5,4,,,11
11,15,,,,,,,,,,,,,,,8,9,10,,,,,,,,2,,,,,,11,12,,,,,3,1,4,5,6,7,,,
11,16,,,,,,,,,,,,,,,,,,,,,,,,,7,8,9,10,11,12,,,,,,,1,2,3,4,5,6,,,
11,17,,,,,,,,,,,,,9,10,,12,,,,,,,,,,,,,1,2,,,,,,,3,4,5,6,7,8,,,11
11,18,,,,,,,,,,,,,,,,,,,,,,,,,3,6,5,4,1,2,,,,,,,12,11,10,,9,8,,,7
11,19,,,,,,,,,,,,,,,,,,,,,,,,,10,11,12,,1,2,,,,,,,3,4,5,6,7,8,,,9
11,20,,,,,,,,,,,,,,,13,14,15,,,,,,,,3,6,11,12,1,5,,,,,,,2,4,7,8,9,10,,,
11,21,,,,,,,,,,,,,23,24,13,14,15,31,32,33,25,26,21,22,3,4,6,7,1,8,16,17,27,28,18,19,2,5,10,11,9,12,29,30,20
11,22,,,,,,,,,,,,,24,23,14,15,16,31,32,33,19,20,17,18,4,5,6,7,1,2,22,21,29,30,27,28,8,9,10,11,12,3,25,26,13
11,23,,,,,,,,,,,,,,,11,12,,,,,,,,,7,8,,,1,6,,,,,,,3,2,9,10,,,4,5,
11,24,,,,,,,,,,,,,,,4,5,6,,,,,,,,,,,,1,2,,,7,8,9,10,11,12,,,,,,,3
11,25,,,,,,,,,,,,,,,,,,,,,,,,,12,3,4,5,1,2,,,,,,,6,7,8,9,10,11,,,
11,26,,,,,,,,,,,,,3,4,21,22,23,5,6,7,17,18,15,16,30,31,32,33,19,20,1,2,13,14,8,9,24,25,26,27,28,29,10,11,12
11,27,,,,,,,,,,,,,,,,,,7,8,9,12,,,,,,,,,,6,11,1,2,3,10,,,,,,,4,5,
11,28,,,,,,,,,,,,,,,10,11,12,5,6,7,,,,,,,,,8,9,3,4,1,2,,,,,,,,,,,
11,29,,,,,,,,,,,,,,,2,3,4,8,9,10,,,,,,,,,6,7,,,1,5,,,11,12,13,14,15,16,,,
11,30,,,,,,,,,,,,,,,2,3,4,,,,,,,,,,,,5,7,,,1,6,,,12,9,10,,11,8,,,
11,31,,,,,,,,,,,,,,,3,4,5,8,7,6,,,9,10,,,,,,,,,1,2,,,,,,,11,12,,,
11,32,,,,,,,,,,,,,20,21,2,3,4,5,6,7,14,15,12,13,32,31,29,28,33,30,18,19,1,11,16,17,27,26,25,24,23,22,8,9,10
11,33,,,,,,,,,,,,,12,11,10,,,3,,4,,,,,,,,,,,2,,,,,1,5,,,,6,,7,8,9
11,34,,,,,,,,,,,,,,,8,,10,,,,11,12,,,7,,9,,,,,,,,,,1,2,3,4,5,6,,,
11,35,,,,,,,,,,,,,6,7,23,24,25,26,27,28,10,11,8,9,4,5,,,14,15,12,13,18,19,16,17,1,2,3,,,,20,21,22
11,36,,,,,,,,,,,,,12,13,,,,,,,,,,,,,,,,,,,,,10,11,2,3,4,5,6,1,8,9,7
11,37,,,,,,,,,,,,,11,12,,,,,,,,,,,7,8,9,10,,,,,,,,,1,2,3,4,5,6,,,
11,38,,,,,,,,,,,,,,,,,,,,,,,,,9,10,11,12,7,8,,,,,,,1,2,3,4,5,6,13,14,
11,39,,,,,,,,,,,,,13,14,25,24,26,29,30,31,15,16,11,12,4,9,5,10,17,18,27,28,33,32,20,21,2,1,6,7,3,8,22,23,19
11,40,,,,,,,,,,,,,27,26,21,20,19,33,32,31,17,18,11,12,10,9,8,7,13,14,25,24,22,23,30,29,2,1,6,4,5,3,15,16,28
11,42,,,,,,,,,,,,,12,11,17,18,19,31,32,33,20,21,15,16,7,8,9,10,13,14,27,28,29,30,22,23,1,2,3,4,5,6,25,26,24
11,43,,,,,,,,,,,,,,,,,,,,,7,8,9,10,,,,,11,12,,,,,,,1,4,3,5,2,6,,,
11,44,,,,,,,,,,,,,,,11,12,13,,,,,,,,7,8,9,10,,,,,,,,,1,2,3,4,5,6,,,
11,45,,,,,,,,,,,,,,,7,8,9,,,,5,6,11,10,4,,,,,,,,,,,,,3,1,2,,,,12,
11,46,,,,,,,,,,,,,13,14,15,16,17,31,32,33,7,8,9,10,18,19,20,21,11,12,22,23,24,25,26,27,1,2,3,4,5,6,28,29,30
11,47,,,,,,,,,,,,,16,15,21,22,23,24,25,26,14,13,17,18,9,10,11,12,7,8,19,20,27,28,32,33,1,2,3,4,5,6,30,31,29
11,48,,,,,,,,,,,,,11,12,,,,,,,,,,,7,8,9,10,,,,,,,,,1,2,3,4,5,6,,,
11,49,,,,,,,,,,,,,17,18,11,12,13,29,30,31,25,26,21,22,7,9,8,10,15,16,23,24,32,33,19,20,1,4,5,2,3,6,27,28,14
11,50,,,,,,,,,,,,,,,13,14,15,,,,,,16,17,2,9,10,11,3,12,,,,,,,1,5,6,7,8,4,,,
12,1,,,,6,4,3,2,,,,1,5,,,,,,,,,,,,,,,,,,,,,,,,,,,,,,,,,
12,2,,2,5,,,4,3,,,6,1,,,,,,,,,,,,,,,,,,,,,,,,,,,,,,,,,,
12,3,,4,,,6,5,2,,3,,1,,,,,,,,,,,,,,,,,,,,,,,,,,,,,,,,,,
12,4,,,,6,4,3,2,,,,1,5,,,,,,,,,,,,,,,,,,,,,,,,,,,,,,,,,
12,5,,,,3,4,2,,,,6,1,5,,,,,,,,,,,,,,,,,,,,,,,,,,,,,,,,,
12,6,,4,,,6,3,2,,,,1,5,,,,,,,,,,,,,,,,,,,,,,,,,,,,,,,,,
12,7,,,,6,4,3,2,,,,1,5,,,,,,,,,,,,,,,,,,,,,,,,,,,,,,,,,
12,8,6,,,5,,2,3,,4,,1,,,,,,,,,,,,,,,,,,,,,,,,,,,,,,,,,,
12,9,5,6,,,,2,3,,,,1,4,,,,,,,,,,,,,,,,,,,,,,,,,,,,,,,,,
12,10,,6,,,,2,3,,5,4,1,,,,,,,,,,,,,,,,,,,,,,,,,,,,,,,,,,
12,11,6,4,,,5,2,3,,8,,1,7,,,,,,,,,,,,,,,,,,,,,,,,,,,,,,,,,
12,12,,3,,,,2,4,,6,,1,5,,,,,,,,,,,,,,,,,,,,,,,,,,,,,,,,,
12,13,5,2,,,4,6,,,,,1,3,,,,,,,,,,,,,,,,,,,,,,,,,,,,,,,,,
12,14,4,7,12,8,3,2,5,6,11,10,1,9,,,,,,,,,,,,,,,,,,,,,,,,,,,,,,,,,
12,15,,3,,6,,2,5,4,,,1,,,,,,,,,,,,,,,,,,,,,,,,,,,,,,,,,,
12,16,,3,6,,5,4,,,,2,1,,,,,,,,,,,,,,,,,,,,,,,,,,,,,,,,,,
12,17,,4,,,,2,3,,,5,1,6,,,,,,,,,,,,,,,,,,,,,,,,,,,,,,,,,
12,18,5,4,,6,,3,2,,,,1,,,,,,,,,,,,,,,,,,,,,,,,,,,,,,,,,,
12,19,,6,,,,2,3,4,,5,1,,,,,,,,,,,,,,,,,,,,,,,,,,,,,,,,,,
12,20,5,2,11,10,7,3,4,9,12,6,1,8,,,,,,,,,,,,,,,,,,,,,,,,,,,,,,,,,
12,21,5,2,3,,,4,,6,,,1,,,,,,,,,,,,,,,,,,,,,,,,,,,,,,,,,,
12,22,3,,,6,5,2,4,,,,1,,,,,,,,,,,,,,,,,,,,,,,,,,,,,,,,,,
12,23,,,,6,5,,3,2,,4,1,,11,12,,,,,,,9,10,,,,,,,7,8,,,,,,,1,4,5,3,2,6,,,
12,24,,,,6,3,2,,,,5,1,4,,,,,,,,,,,,,,,,,,,,,,,,,,,,,,,,,
12,25,,,,5,4,,6,,2,7,1,3,,,,,,,,,,,,,,,,,,,,,,,,,,,,,,,,,
12,26,7,3,6,5,8,2,4,9,12,10,1,11,,,,,,,,,,,,,,,,,,,,,,,,,,,,,,,,,
12,27,6,3,12,11,9,2,4,7,10,8,1,5,,,,,,,,,,,,,,,,,,,,,,,,,,,,,,,,,
12,28,,6,,5,,4,2,,,3,1,,,,,,,,,,,,,,,,,,,,,,,,,,,,,,,,,,
12,29,,,,6,3,4,2,,,,1,5,,,,,,,,,,,,,,,,,,,,,,,,,,,,,,,,,
12,30,,,7,,4,2,3,5,6,,1,,,,,,,,,,,,,,,,,,,,,,,,,,,,,,,,,,
12,31,,4,,,5,2,3,,,,1,6,,,,,,,,,,,,,,,,,,,,,,,,,,,,,,,,,
12,32,,,,6,,2,5,,,4,1,3,,,,,,,,,,,,,,,,,,,,,,,,,,,,,,,,,
12,33,12,2,11,10,9,8,7,6,5,4,1,3,,,,,,,,,,,,,,,,,,,,,,,,,,,,,,,,,
12,34,6,4,,,5,3,2,,,,1,,,,,,,,,,,,,,,,,,,,,,,,,,,,,,,,,,
12,35,8,7,9,6,4,10,11,2,5,12,1,3,,,,,,,,,,,,,,,,,,,,,,,,,,,,,,,,,
12,36,3,,,6,2,4,,5,,,1,,,,,,,,,,,,,,,,,,,,,,,,,,,,,,,,,,
12,37,4,,,,6,2,3,,,5,1,,,,,,,,,,,,,,,,,,,,,,,,,,,,,,,,,,
12,38,,,,6,3,2,,,,5,1,4,,,,,,,,,,,,,,,,,,,,,,,,,,,,,,,,,
12,39,,,,,4,5,2,,3,,1,6,,,,,,,,,,,,,,,,,,,,,,,,,,,,,,,,,
12,40,4,,,,5,2,6,,,,1,3,,,,,,,,,,,,,,,,,,,,,,,,,,,,,,,,,
12,41,,5,,,4,3,2,,,,1,6,,,,,,,,,,,,,,,,,,,,,,,,,,,,,,,,,
12,42,6,,,,4,2,3,,,5,1,,,,,,,,,,,,,,,,,,,,,,,,,,,,,,,,,,
12,43,,5,,3,4,2,,6,,,1,,,,,,,,,,,,,,,,,,,,,,,,,,,,,,,,,,
12,44,,,,6,4,3,2,,,,1,5,,,,,,,,,,,,,,,,,,,,,,,,,,,,,,,,,
12,45,6,,,4,3,5,2,,,,1,,,,,,,,,,,,,,,,,,,,,,,,,,,,,,,,,,
12,46,6,3,,,5,2,4,,,,1,,,,,,,,,,,,,,,,,,,,,,,,,,,,,,,,,,
12,47,6,3,,,5,4,2,,,,1,,,,,,,,,,,,,,,,,,,,,,,,,,,,,,,,,,
12,48,,,,,4,3,2,,6,,1,5,,,,,,,,,,,,,,,,,,,,,,,,,,,,,,,,,
12,49,3,5,,,,2,4,,,,1,6,,,,,,,,,,,,,,,,,,,,,,,,,,,,,,,,,
12,50,,,,,6,,2,3,,4,1,5,,,,,,,,,,,,,,,,,,,,,,,,,,,,,,,,,
13,1,,,,,,,,,,,,,,,,,,,,,,,,,3,4,5,6,1,2,,,,,,,7,8,9,10,11,12,,,
13,2,,,,,,,,,,,,,,,,,,,,,,,,,3,4,5,6,1,,,,,,,,2,7,8,9,10,11,,,12
13,3,,,,,,,,,,,,,,,2,4,6,,,,,,,,8,9,10,11,1,,,,,,,,3,5,7,,,,,,12
13,4,,,,,,,,,,,,,3,4,23,22,21,29,30,31,7,8,13,14,12,11,10,9,2,1,5,6,27,28,25,26,20,19,18,17,16,15,32,33,24
13,5,,,,,,,,,,,,,11,12,,,,,,,,,,,2,1,3,4,,,,,,,,,5,7,9,10,8,6,,,
13,6,,,,,,,,,,,,,12,11,14,13,15,33,32,31,25,26,23,24,1,2,5,6,27,28,21,22,30,29,20,19,3,4,8,7,9,10,18,17,16
13,7,,,,,,,,,,,,,9,8,,,,,,,,,,,2,1,4,3,6,7,,,,,,,10,,12,,,11,,,5
13,8,,,,,,,,,,,,,,,,,,,,,,,,,1,3,12,11,6,12,,,,,,,2,4,5,7,8,9,,,
13,9,,,,,,,,,,,,,13,14,,,,,,,,,11,12,1,2,3,4,,,,,,,15,16,5,6,7,8,9,10,,,
13,10,,,,,,,,,,,,,,,,,,,,,,,,,1,4,6,7,3,8,,,,,,,2,5,9,10,11,12,,,
13,11,,,,,,,,,,,,,13,14,22,23,24,31,32,33,29,30,11,12,1,2,3,4,27,28,15,16,25,26,20,21,5,6,7,8,9,10,18,19,17
13,12,,,,,,,,,,,,,15,16,26,25,24,29,30,31,7,8,22,23,2,1,3,4,5,6,19,20,33,32,27,28,14,13,12,11,10,9,17,18,21
13,13,,,,,,,,,,,,,,,,,,,,,8,,,,1,3,2,4,9,12,,,,,,,5,6,,,11,10,,,7
13,14,,,,,,,,,,,,,11,12,31,32,33,27,26,28,15,16,14,13,1,2,4,3,17,18,24,25,29,30,20,21,5,9,7,10,8,6,22,23,19
13,15,,,,,,,,,,,,,5,6,26,27,28,31,32,33,7,8,16,17,1,23,24,25,2,18,3,4,29,30,21,22,10,11,12,13,14,15,19,20,9
13,16,,,,,,,,,,,,,16,17,26,27,28,,,,18,19,13,14,1,2,3,4,11,12,24,25,,,22,23,5,6,7,8,9,10,20,21,15
13,17,,,,,,,,,,,,,10,11,26,27,28,31,32,33,8,9,6,7,1,2,3,4,18,19,22,23,29,30,20,21,12,13,14,15,16,17,24,25,5
13,18,,,,,,,,,,,,,,,,,,,,,,,6,5,4,3,2,1,,,,,,,,,12,11,10,9,8,7,,,
13,19,,,,,,,,,,,,,,,,,,,,,,,,,1,2,11,12,9,10,,,,,,,3,4,5,6,7,8,,,
13,20,,,,,,,,,,,,,18,19,26,27,28,31,32,33,5,6,7,8,1,2,3,4,9,10,22,23,29,30,24,25,11,12,13,14,15,16,20,21,17
13,21,,,,,,,,,,,,,7,8,27,28,29,30,31,33,14,15,2,4,1,3,5,6,22,23,12,13,25,26,10,11,16,17,18,19,20,21,24,25,9
13,22,,,,,,,,,,,,,10,11,,,,,,,9,8,7,6,1,2,4,3,18,19,,,,,20,21,12,17,14,15,16,13,23,22,5
13,23,,,,,,,,,,,,,11,12,28,27,26,33,32,30,24,25,13,14,1,2,3,4,5,8,22,23,29,31,6,7,15,16,17,18,19,20,9,10,21
13,24,,,,,,,,,,,,,,,13,14,15,,,,,,,,1,3,4,6,11,12,,,,,,,9,2,7,5,10,8,,,
13,25,5,3,10,11,7,1,4,6,12,8,2,9,,,11,12,,,,,,,,,1,2,3,4,,,,,,,,,5,6,7,8,9,10,,,
13,26,,,,,,,,,,,,,19,20,25,26,27,30,31,32,17,18,15,16,1,3,4,5,11,28,21,22,33,29,13,14,10,2,9,8,7,6,23,24,12
13,27,3,,,,2,1,,5,6,,,4,7,8,,,,,,,,,5,6,1,2,3,4,,,9,,10,,,,,,,,,,11,12,
13,28,,,,,,,,,,,,,18,19,,,,,,,5,6,7,8,1,2,3,4,10,11,,,,,,,12,13,14,15,16,17,,,9
13,29,,,,,,,,,,,,,6,8,28,29,30,31,32,33,26,27,14,15,1,2,4,3,7,9,22,23,24,25,12,13,16,17,18,19,21,20,11,10,5
13,30,,,,,,,,,,,,,,,,,,,,,7,8,5,6,1,2,3,4,,,,,,,,,9,10,11,12,,,,,
13,31,,,,,,,,,,,,,5,6,28,27,26,33,32,31,9,10,7,8,1,2,3,4,22,23,24,25,30,29,20,21,16,15,14,13,11,12,17,18,19
13,32,,,,,,,,,,,,,,,,,,,,,5,6,,,1,3,8,10,,,,,,,,,2,4,7,9,11,12,,,
13,33,,,,,,,,,,,,,,,,,,,,,,,12,,1,3,7,9,11,,,,,,,,2,4,5,8,10,6,,,
13,34,,,,,,,,,,,,,,,,,,,,,,,,,1,2,6,7,3,10,,,,,,,4,8,9,12,11,5,,,
13,35,,,,,,,,,,,,,17,18,23,24,25,29,30,31,5,6,7,8,2,1,4,3,9,10,27,28,32,33,21,22,11,12,13,14,15,16,19,20,26
13,36,,,,,,,,,,,,,27,28,17,18,19,31,32,33,15,16,13,14,1,3,4,5,2,6,29,30,22,23,24,25,12,11,10,9,8,7,20,21,26
13,37,,,,,,,,,,,,,,,8,5,9,,,,,,,,2,10,,,1,12,,,6,,,,3,4,11,,,7,,,
13,38,,,,,,,,,,,,,,,,,,,,,,,5,12,2,3,6,11,1,7,,,,,,,4,8,9,10,,,,,
13,39,,,,,,,,,,,,,12,11,10,2,9,,,,,,,,3,,,,1,5,,6,,,,,,,4,,7,,,,8
13,40,,,,,,,,,,,,,,,,,,,,,12,,,,2,3,4,5,1,,,,,,,,6,7,8,9,10,11,,,13
13,41,,,,,,,,,,,,,,,,,4,,,,,3,,11,,10,,,1,2,,12,9,,,,5,,,,,6,,7,8
13,42,,,,,,,,,,,,,13,14,10,3,11,23,24,25,21,22,19,20,33,32,31,30,1,9,28,29,26,27,17,18,2,4,7,8,6,5,15,16,12
13,43,,,,,,,,,,,,,23,22,33,4,9,28,29,30,16,15,14,13,2,3,11,10,1,12,21,20,32,31,19,18,26,5,6,7,24,8,27,25,17
13,44,,,,,,,,,,,,,,,,,,,,,,,,,3,4,5,6,1,2,,,,,,,7,8,9,10,11,12,,,
13,45,,,,,,,,,,,,,,,,,,,,,,,,,11,12,,,1,2,,,,,,,3,4,5,6,7,8,9,10,
13,46,,,,,,,,,,,,,,,13,14,15,,,,,,,,2,9,10,11,1,,,,,,,,3,4,5,6,7,8,,,12
13,47,,,,,,,,,,,,,,,,,,,,,,,,,2,3,4,5,1,6,,,,,,,7,8,9,10,11,12,,,
13,48,,,,,,,,,,,,,,,,,,,,,,,,,2,3,4,5,1,6,,,,,,,7,8,9,10,11,12,,,
13,49,,,,,,,,,,,,,12,,,,,,,,,,,,2,7,4,3,1,10,,,,,,,5,9,11,6,,8,,,
13,50,,,,,,,,,,,,,6,5,,,,,,,7,2,3,4,,10,9,,8,1,,,,,,,15,13,,11,12,14,,,
14,1,6,,,5,,4,,,,2,1,3,,,,,,,,,,,,,,,,,,,,,,,,,,,,,,,,,
14,2,6,,,3,4,2,,,,5,1,,,,,,,,,,,,,,,,,,,,,,,,,,,,,,,,,,
14,3,,2,6,,,3,4,,,,1,5,,,,,,,,,,,,,,,,,,,,,,,,,,,,,,,,,
14,4,5,3,6,,,4,2,,,,1,,,,,,,,,,,,,,,,,,,,,,,,,,,,,,,,,,
14,5,,,,,5,6,,3,2,,1,,,,,,,,,,,,,,,,,,,,,,,,,,,,,,,,,,
14,6,5,3,,,,2,,,6,4,1,,,,,,,,,,,,,,,,,,,,,,,,,,,,,,,,,,
14,7,6,2,,,,3,4,,5,,1,,,,,,,,,,,,,,,,,,,,,,,,,,,,,,,,,,
14,8,3,5,,4,6,2,,,,,1,,,,,,,,,,,,,,,,,,,,,,,,,,,,,,,,,,
14,9,,,,,2,6,3,,5,4,1,,,,,,,,,,,,,,,,,,,,,,,,,,,,,,,,,,
14,10,,2,,5,4,3,,,,,1,6,,,,,,,,,,,,,,,,,,,,,,,,,,,,,,,,,
14,11,5,3,,6,,2,4,,,,1,,,,,,,,,,,,,,,,,,,,,,,,,,,,,,,,,,
14,12,11,3,12,8,7,2,4,9,10,5,1,6,,,,,,,,,,,,,,,,,,,,,,,,,,,,,,,,,
14,13,,,,,6,3,2,,,4,1,5,,,,,,,,,,,,,,,,,,,,,,,,,,,,,,,,,
14,14,,2,,,6,5,,,,3,1,4,,,,,,,,,,,,,,,,,,,,,,,,,,,,,,,,,
14,15,5,4,,,6,2,,,,3,1,,,,,,,,,,,,,,,,,,,,,,,,,,,,,,,,,,
14,16,5,4,,,3,2,,,,6,1,,,,,,,,,,,,,,,,,,,,,,,,,,,,,,,,,,
14,17,3,,,,6,2,4,,,,1,5,,,,,,,,,,,,,,,,,,,,,,,,,,,,,,,,,
14,18,2,,,4,5,3,6,,,,1,,,,,,,,,,,,,,,,,,,,,,,,,,,,,,,,,,
14,19,2,,,5,4,3,6,,,,1,,,,,,,,,,,,,,,,,,,,,,,,,,,,,,,,,,
14,20,,3,,6,,2,4,,,,1,5,,,,,,,,,,,,,,,,,,,,,,,,,,,,,,,,,
14,21,,4,,6,5,2,3,,,,1,,,,,,,,,,,,,,,,,,,,,,,,,,,,,,,,,,
14,22,,,,6,4,3,2,,,,1,5,,,,,,,,,,,,,,,,,,,,,,,,,,,,,,,,,
14,23,6,4,,,5,2,3,,,,1,,,,,,,,,,,,,,,,,,,,,,,,,,,,,,,,,,
14,24,6,,,5,2,3,4,,,,1,,,,,,,,,,,,,,,,,,,,,,,,,,,,,,,,,,
14,25,3,8,12,7,4,10,9,6,11,5,1,2,,,,,,,,,,,,,,,,,,,,,,,,,,,,,,,,,
14,26,3,,,6,5,2,4,,,,1,,,,,,,,,,,,,,,,,,,,,,,,,,,,,,,,,,
14,27,6,,,,4,3,2,,,,1,5,,,,,,,,,,,,,,,,,,,,,,,,,,,,,,,,,
14,28,,,,6,4,3,2,,,,1,5,,,,,,,,,,,,,,,,,,,,,,,,,,,,,,,,,
14,29,,3,,,,2,,5,,4,1,6,,,,,,,,,,,,,,,,,,,,,,,,,,,,,,,,,
14,30,,3,,,,4,2,6,5,,1,,,,,,,,,,,,,,,,,,,,,,,,,,,,,,,,,,
14,31,3,6,,,,2,,5,,4,1,,,,,,,,,,,,,,,,,,,,,,,,,,,,,,,,,,
14,32,6,5,,,,4,3,,,,1,2,,,,,,,,,,,,,,,,,,,,,,,,,,,,,,,,,
14,33,4,,2,,,3,6,5,,,1,,,,,,,,,,,,,,,,,,,,,,,,,,,,,,,,,,
14,34,10,11,9,3,4,2,8,7,,5,1,6,,,,,,,,,,,,,,,,,,,,,,,,,,,,,,,,,
14,35,6,2,5,,,3,,,4,,1,,,,,,,,,,,,,,,,,,,,,,,,,,,,,,,,,,
14,36,,,,6,4,3,2,,,,1,5,,,,,,,,,,,,,,,,,,,,,,,,,,,,,,,,,
14,37,,3,5,4,,2,,,,,1,6,,,,,,,,,,,,,,,,,,,,,,,,,,,,,,,,,
14,38,,6,,5,,2,3,,4,,1,,,,,,,,,,,,,,,,,,,,,,,,,,,,,,,,,,
14,39,,,,6,4,3,2,,,,1,5,,,,,,,,,,,,,,,,,,,,,,,,,,,,,,,,,
14,40,2,5,,6,,4,3,,,,1,,,,,,,,,,,,,,,,,,,,,,,,,,,,,,,,,,
14,41,,4,,,6,2,3,,,,1,5,,,,,,,,,,,,,,,,,,,,,,,,,,,,,,,,,
14,42,3,,,5,6,2,,,,,1,4,,,,,,,,,,,,,,,,,,,,,,,,,,,,,,,,,
14,43,7,4,11,8,5,3,2,6,12,9,1,10,,,,,,,,,,,,,,,,,,,,,,,,,,,,,,,,,
14,44,,5,,3,,2,4,,,6,1,,,,,,,,,,,,,,,,,,,,,,,,,,,,,,,,,,
14,45,,5,6,,4,2,3,,,,1,,,,,,,,,,,,,,,,,,,,,,,,,,,,,,,,,,
14,46,6,,,,4,,2,,3,5,1,,,,,,,,,,,,,,,,,,,,,,,,,,,,,,,,,,
14,47,6,3,,,,2,4,,5,,1,,,,,,,,,,,,,,,,,,,,,,,,,,,,,,,,,,
14,48,4,5,6,3,7,2,8,12,9,10,1,11,,,,,,,,,,,,,,,,,,,,,,,,,,,,,,,,,
14,49,,2,3,5,,,,,4,6,1,,,,,,,,,,,,,,,,,,,,,,,,,,,,,,,,,,
14,50,5,,,3,,2,,,,6,1,4,,,,,,,,,,,,,,,,,,,,,,,,,,,,,,,,,
15,1,,,,,,,,,,,,,7,8,,,,,,,,,5,6,1,2,3,4,9,10,,,,,,,11,12,13,14,15,16,,,
15,2,,,,,,,,,,,,,12,13,22,23,24,31,32,33,29,30,20,21,1,2,3,4,18,19,16,17,25,26,14,15,5,6,7,8,9,10,27,28,11
15,3,,,,,,,,,,,,,16,17,26,27,28,29,30,31,18,19,13,14,1,2,3,4,11,12,24,25,32,33,22,23,5,6,7,8,9,10,20,21,15
15,4,,,,,,,,,,,,,13,14,24,25,26,31,32,33,27,28,15,16,1,2,3,4,11,12,17,18,29,30,22,23,5,6,7,8,9,10,19,20,21
15,5,,,,,,,,,,,,,6,7,26,27,28,33,32,31,8,5,9,10,1,2,3,4,17,18,22,23,29,30,19,20,11,12,13,14,15,16,24,25,21
15,6,,,,,,,,,,,,,24,25,26,27,28,29,30,31,22,23,13,14,1,3,2,4,5,6,17,18,33,32,15,16,7,8,9,10,11,12,19,20,21
15,7,,,,,,,,,,,,,9,10,17,18,19,31,32,33,15,16,20,21,1,2,5,6,13,14,27,28,25,26,29,30,3,7,8,11,12,4,23,24,22
15,8,,,,,,,,,,,,,,,,,,,,,,,,,1,3,2,4,11,12,,,,,,,5,6,7,8,9,10,,,
15,9,,,,,,,,,,,,,7,8,,,,,,,,,,,1,2,4,6,3,5,,,,,11,12,9,10,,,,,,,
15,10,,,,,,,,,,,,,16,17,18,27,33,26,28,32,7,8,9,10,1,2,3,4,5,6,23,24,21,22,14,15,19,20,25,29,30,31,11,12,13
15,11,,2,,,,1,,,,,3,,,,5,6,7,,,,,,,,1,2,3,4,,,,,,,,,8,9,10,11,12,,,,
15,12,,,,,,,,,,,,,,,,,,,,,,,,,2,3,1,4,,,,,,,,12,9,7,8,10,11,5,,,6
15,13,,,,,,,,,,,,,14,15,28,29,30,31,32,33,20,21,16,17,1,2,3,4,12,13,18,19,26,27,24,25,5,6,7,8,9,10,22,23,11
15,14,,,,,,,,,,,,,12,16,18,11,15,,,,,,,,1,4,8,9,5,14,,,17,,,,2,3,6,7,10,13,,,
15,15,,,,,,,,,,,,,7,8,22,23,24,27,28,29,9,10,5,6,1,2,3,4,11,12,25,26,30,31,19,20,13,14,15,16,17,18,32,33,21
15,16,,,,,,,,,,,,,5,6,26,27,28,29,30,31,15,16,17,18,1,2,3,4,32,33,20,21,24,25,22,23,9,10,11,12,13,14,7,8,19
15,17,,,,,,,,,,,,,9,10,26,28,27,30,31,32,6,5,8,7,1,2,3,4,17,18,25,24,29,28,23,22,12,15,14,13,16,11,21,20,19
15,18,,,,,,,,,,,,,5,6,28,29,30,31,32,33,9,10,7,8,1,2,3,4,22,23,24,25,26,27,20,21,11,12,13,14,15,16,17,18,19
15,19,,,,,,,,,,,,,13,14,31,32,33,28,29,30,11,12,15,16,1,2,3,4,17,18,19,20,26,27,21,22,5,6,7,8,9,10,23,24,25
15,20,,,,,,,,,,,,,,,,,,,,,,,,,1,3,5,7,11,12,,,,,,,2,4,6,8,9,10,,,
15,21,,,,,,,,,,,,,8,7,,,,,,,10,9,6,5,2,1,3,4,,,,,,,,,11,,,,,12,,,
15,22,,,,,,,,,,,,,,,,,,,,,,,,,1,2,3,4,5,6,,,,,,,7,8,9,10,11,12,,,
15,23,,,,,,,,,,,,,9,10,24,25,26,27,28,29,7,8,5,6,1,3,4,2,17,18,30,31,33,32,19,20,11,12,13,14,15,16,21,22,23
15,24,,,,,,,,,,,,,6,7,,,,,,,,,11,12,2,1,3,4,8,,,,,,,,,,,,,,9,10,5
15,25,,,,,,,,,,,,,,,,,,,,,,,,,1,2,3,4,11,12,,,,,,,5,6,7,8,9,10,,,
15,26,,,,,,,,,,,,,21,20,33,17,19,28,26,27,11,16,8,15,2,4,5,1,9,13,30,29,31,32,24,23,10,14,3,12,6,7,18,25,22
15,27,,,,,,,,,,,,,,,,,,,,,,,,,1,9,10,11,2,,,,,,,,3,4,6,7,5,8,,,12
15,28,,,,,,,,,,,,,,,5,6,7,,,,,,,,1,2,3,4,,,,,,,,,8,9,10,11,12,,,,
15,29,,,,,,,,,,,,,5,6,,,,,,,11,12,9,10,1,2,3,4,7,8,,,,,,,13,14,15,16,17,18,,,
15,30,,,,,,,,,,,,,11,12,17,18,19,31,32,33,13,14,15,16,1,2,3,4,20,21,22,23,29,30,27,28,5,6,7,8,9,10,24,25,26
15,31,,,,,,,,,,,,,7,8,,,,,,,5,6,,,1,2,3,4,,,,,,,,,9,10,11,12,13,14,,,
15,32,,,,,,,,,,,,,26,27,31,33,32,28,29,30,15,16,13,14,8,7,9,10,11,12,18,19,24,25,20,21,1,3,4,5,6,2,22,23,17
15,33,,,,,,,,,,,,,,,16,14,15,,,,11,,12,,2,1,9,10,13,,,,18,,,,5,4,7,8,3,6,17,,
15,34,,,,,,,,,,,,,,,,,,,,,11,12,13,14,1,2,3,5,15,16,,,,,,,4,7,6,8,9,10,,,
15,35,,,,,,,,,,,,,22,23,28,27,26,33,32,31,15,16,13,14,1,2,3,4,11,12,17,18,30,29,24,25,5,6,7,8,9,10,19,20,21
15,36,,,,,,,,,,,,,18,17,,,,,,,12,11,14,13,4,3,2,1,,,,,,,16,15,10,9,8,7,6,5,,,
15,37,,,,,,,,,,,,,8,9,,,,,,,6,7,10,11,1,2,3,4,5,12,,,,,,,,,,,,,13,14,
15,38,,,,,,,,,,,,,,,,,,,,,,,,,1,2,3,4,11,12,,,,,,,5,6,7,8,9,10,,,
15,39,,,,,,,,,,,,,,,8,7,6,,,,,,,,1,2,3,4,5,15,,,,,,,14,13,12,11,10,9,,,
15,40,,,,,,,,,,,,,8,9,,,,,,,7,,10,2,1,11,3,6,4,,,,,,,,5,,,,12,,,,
15,41,,,,,,,,,,,,,,,,11,12,,,,,,,,1,2,3,4,,,,,,,,,5,6,7,8,9,10,,,
15,42,,,,,,,,,,,,,10,11,,,,,,,16,17,15,18,1,3,2,4,5,14,,,,,,,6,7,9,12,13,8,,,
15,43,,,,,,,,,,,,,12,,,,,,,,10,11,8,9,1,2,3,4,5,6,,,,,,,,,,,,,,,7
15,44,,,,,,,,,,,,,7,8,,,,,,,20,21,18,19,1,2,3,4,5,6,22,23,,,,,9,10,11,12,13,14,16,17,15
15,45,,,,,,,,,,,,,8,9,,,,,,,10,,11,12,1,2,3,4,5,6,,,,,,,,,,,,,,,7
15,46,,,,,,,,,,,,,7,8,,,,,,,,,9,10,1,2,4,3,6,,,,,,,,,,,12,11,5,,,
15,47,,,,,,,,,,,,,5,6,27,28,29,30,31,32,9,10,7,8,1,2,3,4,12,13,23,24,,,14,15,17,18,19,20,21,22,25,26,11
15,48,,,,,,,,,,,,,5,6,,,,,,,,,,,1,2,3,4,,,,,,,,,9,11,10,12,13,8,,,7
15,50,,,,,,,,,,,,,5,6,28,29,30,31,32,33,9,10,7,8,1,2,3,4,12,13,22,23,26,27,14,15,19,17,18,20,21,16,24,25,11
16,1,4,,,,5,2,3,,,6,1,,,,,,,,,,,,,,,,,,,,,,,,,,,,,,,,,,
16,2,4,6,,,,2,3,,,5,1,,,,,,,,,,,,,,,,,,,,,,,,,,,,,,,,,,
16,3,6,,,,5,4,3,,,2,1,,,,,,,,,,,,,,,,,,,,,,,,,,,,,,,,,,
16,4,6,,,,5,4,3,,,2,1,,,,,,,,,,,,,,,,,,,,,,,,,,,,,,,,,,
16,5,3,2,,,6,4,,,,5,1,,,,,,,,,,,,,,,,,,,,,,,,,,,,,,,,,,
16,6,,,,3,5,2,4,,,,1,6,,,,,,,,,,,,,,,,,,,,,,,,,,,,,,,,,
16,7,3,6,,4,5,2,,,,,1,,,,,,,,,,,,,,,,,,,,,,,,,,,,,,,,,,
16,8,4,2,,,,5,3,,6,,1,,,,,,,,,,,,,,,,,,,,,,,,,,,,,,,,,,
16,9,6,3,,,,2,4,,,5,1,,,,,,,,,,,,,,,,,,,,,,,,,,,,,,,,,,
16,10,7,4,12,8,10,2,3,6,11,5,1,9,,,,,,,,,,,,,,,,,,,,,,,,,,,,,,,,,
16,11,5,,,4,3,2,,,,6,1,,,,,,,,,,,,,,,,,,,,,,,,,,,,,,,,,,
16,12,,2,,,5,3,4,,,,1,6,,,,,,,,,,,,,,,,,,,,,,,,,,,,,,,,,
16,13,3,4,,,,2,5,,,,1,6,,,,,,,,,,,,,,,,,,,,,,,,,,,,,,,,,
16,14,6,5,,,4,,3,2,,,1,,,,,,,,,,,,,,,,,,,,,,,,,,,,,,,,,,
16,15,,6,,,,4,5,2,,3,1,,,,,,,,,,,,,,,,,,,,,,,,,,,,,,,,,,
16,16,10,3,11,9,8,4,5,7,12,6,1,2,,,,,,,,,,,,,,,,,,,,,,,,,,,,,,,,,
16,17,6,3,,,5,2,4,,,,1,,,,,,,,,,,,,,,,,,,,,,,,,,,,,,,,,,
16,18,6,,,5,4,2,3,,,,1,,,,,,,,,,,,,,,,,,,,,,,,,,,,,,,,,,
16,19,,,,5,4,3,2,,,,1,6,,,,,,,,,,,,,,,,,,,,,,,,,,,,,,,,,
16,20,,,,6,4,3,2,,,,1,5,,,,,,,,,,,,,,,,,,,,,,,,,,,,,,,,,
16,21,,2,,,3,4,,6,,5,1,,,,,,,,,,,,,,,,,,,,,,,,,,,,,,,,,,
16,22,2,,,,3,4,,8,7,5,1,6,,,,,,,,,,,,,,,,,,,,,,,,,,,,,,,,,
16,23,5,6,,3,,2,4,,,,1,,,,,,,,,,,,,,,,,,,,,,,,,,,,,,,,,,
16,24,5,3,,4,,2,,,,,1,6,,,,,,,,,,,,,,,,,,,,,,,,,,,,,,,,,
16,25,,2,,5,3,,,4,,,1,6,,,,,,,,,,,,,,,,,,,,,,,,,,,,,,,,,
16,26,5,,,2,3,,,6,,,1,4,,,,,,,,,,,,,,,,,,,,,,,,,,,,,,,,,
16,27,5,2,12,4,8,3,10,7,11,6,1,9,,,,,,,,,,,,,,,,,,,,,,,,,,,,,,,,,
16,28,5,6,,,,2,4,,,,1,3,,,,,,,,,,,,,,,,,,,,,,,,,,,,,,,,,
16,29,5,4,,,6,2,3,,,,1,,,,,,,,,,,,,,,,,,,,,,,,,,,,,,,,,,
16,30,,4,,,5,2,3,,6,,1,,,,,,,,,,,,,,,,,,,,,,,,,,,,,,,,,,
16,31,,3,,10,4,2,5,9,8,6,1,7,,,,,,,,,,,,,,,,,,,,,,,,,,,,,,,,,
16,32,,2,,,,4,3,,5,6,1,,,,,,,,,,,,,,,,,,,,,,,,,,,,,,,,,,
16,33,4,3,,,8,2,7,6,,5,1,9,,,,,,,,,,,,,,,,,,,,,,,,,,,,,,,,,
16,34,10,7,11,5,3,2,4,8,12,9,1,6,,,,,,,,,,,,,,,,,,,,,,,,,,,,,,,,,
16,35,4,3,,,5,2,,,,,1,6,,,,,,,,,,,,,,,,,,,,,,,,,,,,,,,,,
16,36,8,12,7,3,6,2,4,5,11,10,1,9,,,,,,,,,,,,,,,,,,,,,,,,,,,,,,,,,
16,37,4,3,,,5,2,,,,,1,6,,,,,,,,,,,,,,,,,,,,,,,,,,,,,,,,,
16,38,6,12,3,8,7,11,2,10,4,9,1,5,,,,,,,,,,,,,,,,,,,,,,,,,,,,,,,,,
16,39,,5,,4,,2,,,,3,1,6,,,,,,,,,,,,,,,,,,,,,,,,,,,,,,,,,
16,40,4,,,,,2,3,5,,6,1,,,,,,,,,,,,,,,,,,,,,,,,,,,,,,,,,,
16,41,6,2,,,,3,4,,5,,1,,,,,,,,,,,,,,,,,,,,,,,,,,,,,,,,,,
16,42,5,3,,,,2,4,6,,,1,,,,,,,,,,,,,,,,,,,,,,,,,,,,,,,,,,
16,43,,,,4,5,3,2,6,,,1,,,,,,,,,,,,,,,,,,,,,,,,,,,,,,,,,,
16,44,4,3,,,,2,,6,,,1,5,,,,,,,,,,,,,,,,,,,,,,,,,,,,,,,,,
16,45,2,10,11,4,5,6,3,8,12,9,1,7,,,,,,,,,,,,,,,,,,,,,,,,,,,,,,,,,
16,46,,3,,,6,2,4,,,,1,5,,,,,,,,,,,,,,,,,,,,,,,,,,,,,,,,,
16,47,4,6,,2,5,3,,,,,1,,,,,,,,,,,,,,,,,,,,,,,,,,,,,,,,,,
16,48,,5,,3,,2,4,6,,7,1,,,,,,,,,,,,,,,,,,,,,,,,,,,,,,,,,,
16,49,6,4,,,5,2,3,,,,1,,,,,,,,,,,,,,,,,,,,,,,,,,,,,,,,,,
16,50,6,3,,,,2,4,,,,1,5,,,,,,,,,,,,,,,,,,,,,,,,,,,,,,,,,
17,1,,2,,6,5,,,,,4,1,3,,,,,,,,,,,,,,,,,,,,,,,,,,,,,,,,,
17,2,4,,,3,5,2,,,,6,1,,,,,,,,,,,,,,,,,,,,,,,,,,,,,,,,,,
17,3,4,5,,3,,2,,6,,,1,,,,,,,,,,,,,,,,,,,,,,,,,,,,,,,,,,
17,4,,,,6,,2,3,,,5,1,4,,,,,,,,,,,,,,,,,,,,,,,,,,,,,,,,,
17,5,6,2,4,,,3,5,,,,1,,,,,,,,,,,,,,,,,,,,,,,,,,,,,,,,,,
17,6,,2,,,6,3,5,,4,,1,,,,,,,,,,,,,,,,,,,,,,,,,,,,,,,,,,
17,7,,2,,,4,3,5,,,6,1,,,,,,,,,,,,,,,,,,,,,,,,,,,,,,,,,,
17,8,,,,6,4,3,2,,,,1,5,,,,,,,,,,,,,,,,,,,,,,,,,,,,,,,,,
17,9,,2,,,5,3,6,,4,,1,,,,,,,,,,,,,,,,,,,,,,,,,,,,,,,,,,
17,10,6,4,,,5,2,3,,,,1,,,,,,,,,,,,,,,,,,,,,,,,,,,,,,,,,,
17,11,2,,,,3,,,,6,5,1,4,,,,,,,,,,,,,,,,,,,,,,,,,,,,,,,,,
17,12,,6,,4,5,2,3,,,,1,,,,,,,,,,,,,,,,,,,,,,,,,,,,,,,,,,
17,13,,2,,,,4,3,6,,,1,5,,,,,,,,,,,,,,,,,,,,,,,,,,,,,,,,,
17,14,,5,,,4,3,2,,,6,1,,,,,,,,,,,,,,,,,,,,,,,,,,,,,,,,,,
17,15,,,,6,4,3,2,,,5,1,,,,,,,,,,,,,,,,,,,,,,,,,,,,,,,,,,
17,16,5,4,,3,2,,,,,,1,6,,,,,,,,,,,,,,,,,,,,,,,,,,,,,,,,,
17,17,,2,,,5,3,,,4,,1,6,,,,,,,,,,,,,,,,,,,,,,,,,,,,,,,,,
17,18,6,2,,,,,3,,,4,1,5,,,,,,,,,,,,,,,,,,,,,,,,,,,,,,,,,
17,19,3,4,,,6,2,,,,5,1,,,,,,,,,,,,,,,,,,,,,,,,,,,,,,,,,,
17,20,10,3,,5,6,2,4,8,11,7,1,9,,,,,,,,,,,,,,,,,,,,,,,,,,,,,,,,,
17,21,,4,,3,,6,,5,,,1,2,,,,,,,,,,,,,,,,,,,,,,,,,,,,,,,,,
17,22,,,,6,3,2,,,,4,1,5,,,,,,,,,,,,,,,,,,,,,,,,,,,,,,,,,
17,23,,3,,2,,6,,4,,,1,5,,,,,,,,,,,,,,,,,,,,,,,,,,,,,,,,,
17,24,4,,,6,5,2,3,,,,1,,,,,,,,,,,,,,,,,,,,,,,,,,,,,,,,,,
17,25,9,3,11,10,8,7,2,6,5,12,1,4,,,,,,,,,,,,,,,,,,,,,,,,,,,,,,,,,
17,26,,3,,,,2,,5,,6,1,4,,,,,,,,,,,,,,,,,,,,,,,,,,,,,,,,,
17,27,,4,5,,6,3,2,,,,1,,,,,,,,,,,,,,,,,,,,,,,,,,,,,,,,,,
17,28,,,,,6,2,4,,,5,1,3,,,,,,,,,,,,,,,,,,,,,,,,,,,,,,,,,
17,29,,3,2,,4,5,6,,,,1,,,,,,,,,,,,,,,,,,,,,,,,,,,,,,,,,,
17,30,6,4,,,,2,3,,,,1,5,,,,,,,,,,,,,,,,,,,,,,,,,,,,,,,,,
17,31,,,,5,6,3,2,,4,,1,,,,,,,,,,,,,,,,,,,,,,,,,,,,,,,,,,
17,32,,2,,3,,4,5,,6,,1,,,,,,,,,,,,,,,,,,,,,,,,,,,,,,,,,,
17,33,9,,8,2,3,7,6,,4,,1,5,,,,,,,,,,,,,,,,,,,,,,,,,,,,,,,,,
17,34,,4,,,,3,2,5,,,1,6,,,,,,,,,,,,,,,,,,,,,,,,,,,,,,,,,
17,35,5,2,,,4,3,,6,,,1,,,,,,,,,,,,,,,,,,,,,,,,,,,,,,,,,,
17,36,5,6,,,,,2,,,4,1,3,,,,,,,,,,,,,,,,,,,,,,,,,,,,,,,,,
17,37,3,5,12,7,6,2,10,4,11,8,1,9,,,,,,,,,,,,,,,,,,,,,,,,,,,,,,,,,
17,38,,3,,5,6,2,4,,,,1,,,,,,,,,,,,,,,,,,,,,,,,,,,,,,,,,,
17,39,6,3,,,4,2,5,,,,1,,,,,,,,,,,,,,,,,,,,,,,,,,,,,,,,,,
17,40,6,3,,,,2,,4,,5,1,,,,,,,,,,,,,,,,,,,,,,,,,,,,,,,,,,
17,41,,,,,,3,5,4,,2,1,,,,,,,,,,,,,,,,,,,,,,,,,,,,,,,,,,
17,42,3,,,4,5,2,6,,,,1,,,,,,,,,,,,,,,,,,,,,,,,,,,,,,,,,,
17,43,6,2,,4,,3,,,,5,1,,,,,,,,,,,,,,,,,,,,,,,,,,,,,,,,,,
17,44,10,11,12,6,9,4,3,8,7,2,1,5,,,,,,,,,,,,,,,,,,,,,,,,,,,,,,,,,
17,45,,4,3,,,7,2,6,8,5,1,,,,,,,,,,,,,,,,,,,,,,,,,,,,,,,,,,
17,46,11,12,6,2,7,5,3,8,4,9,1,10,,,,,,,,,,,,,,,,,,,,,,,,,,,,,,,,,
17,47,,3,,,,2,4,,6,,1,5,,,,,,,,,,,,,,,,,,,,,,,,,,,,,,,,,
17,48,10,11,12,7,8,2,3,9,6,5,1,4,,,,,,,,,,,,,,,,,,,,,,,,,,,,,,,,,
17,49,4,,,3,5,2,,,,,1,6,,,,,,,,,,,,,,,,,,,,,,,,,,,,,,,,,
17,50,6,,,,5,2,3,4,,,1,,,,,,,,,,,,,,,,,,,,,,,,,,,,,,,,,,
18,1,,,,,,,,,,,,,,,,,,,,,,,,,1,2,3,4,5,6,,,,,,,7,8,9,10,11,12,,,
18,2,,,,,,,,,,,,,30,29,24,23,7,33,32,31,8,9,22,21,1,2,3,4,5,6,20,19,27,28,11,10,18,13,17,14,15,16,26,25,12
18,3,,,,,,,,,,,,,14,15,22,23,24,31,32,33,16,17,12,13,1,2,3,4,9,18,27,28,29,30,25,26,5,8,6,11,7,10,20,21,19
18,4,,,,,,,,,,,,,20,19,31,33,32,28,29,30,13,14,16,15,1,4,2,3,11,12,22,21,27,26,25,24,10,9,8,7,6,5,18,17,23
18,5,,,,,,,,,,,,,,,,,,,,,13,,12,,1,2,3,4,11,,,,,,,,5,6,7,8,9,10,,,
18,6,,,,,,,,,,,,,,,,,,,,,,,,,1,2,3,4,11,12,,,,,,,5,6,7,8,9,10,,,
18,7,,,,,,,,,,,,,3,5,,,,,,,,,,,1,4,9,12,2,,,,,,,,6,7,8,10,11,,,,
18,8,,,,,,,,,,,,,,,,,,,,,,,,,9,1,10,11,8,12,,,,,,,2,3,4,5,6,7,,,
18,9,,,,,,,,,,,,,,,,,,,,,,,,,1,2,3,4,11,12,,,,,,,5,6,7,8,9,10,,,
18,10,,,,,,,,,,,,,14,13,28,30,29,31,32,33,15,16,17,18,1,3,2,4,11,12,26,27,24,25,19,20,5,8,9,10,6,7,22,23,21
18,11,,,,,,,,,,,,,,,4,11,7,,,,,,,,1,5,12,,,,,,,,,,3,8,9,6,10,2,,,
18,12,,,,,,,,,,,,,18,17,,16,,,,,12,14,11,13,1,3,4,10,15,19,,,,,,,8,6,2,7,9,5,,,
18,13,,,,,,,,,,,,,6,5,,,,,,,,,,,1,4,2,3,,,,,,,,,7,8,9,10,11,12,,,
18,14,,,,,,,,,,,,,11,12,28,30,29,31,32,33,26,27,24,25,1,2,4,3,18,19,22,23,20,21,13,14,5,6,8,7,9,10,15,16,17
18,15,,,,,,,,,,,,,5,6,,,,,,,7,8,,,1,2,3,4,,,,,,,,,9,10,11,12,13,14,,,
18,16,,,,,,,,,,,,,,,,,,,,,,,,,1,3,4,5,2,,,,,,,,6,7,8,9,10,11,,,12
18,17,,,,,,,,,,,,,5,6,,,,,,,7,8,,,1,2,3,4,,,,,,,,,9,10,11,12,,,,,
18,18,,,,,,,,,,,,,9,25,7,8,24,10,22,23,28,29,6,21,1,5,11,12,19,20,26,27,13,30,17,18,3,14,15,16,2,4,31,32,33
18,19,,,,,,,,,,,,,13,14,,,,,,,,,15,16,1,4,3,5,2,6,,,,,18,19,8,9,10,11,12,7,,,17
18,20,,,,,,,,,,,,,,,,,,,,,,,,,1,2,3,4,11,12,,,,,,,5,6,7,8,9,10,,,
18,21,,,,,,,,,,,,,14,15,20,21,22,29,30,31,16,17,6,7,1,2,3,4,18,19,27,28,32,33,25,26,5,8,9,10,11,12,23,24,13
18,22,,,,,,,,,,,,,14,13,27,26,29,32,30,31,16,15,17,18,1,6,5,4,3,25,20,19,33,28,24,23,2,11,10,8,9,7,21,22,12
18,23,,,,,,,,,,,,,12,,,,,,,,,,,,1,2,3,4,,,,,,,,,6,7,8,9,10,11,,,5
18,24,,,,,,,,,,,,,11,12,,,,,,,,,15,16,1,2,3,4,14,13,,,,,17,18,5,6,7,8,9,10,19,20,
18,25,,,,,,,,,,,,,13,14,,,,,,,5,6,7,8,1,2,3,4,9,10,,,,,,,11,12,,,,,,,
18,26,,,,,,,,,,,,,21,22,8,12,9,29,30,31,20,19,5,6,2,1,3,4,17,23,27,28,32,33,24,26,11,14,13,15,16,10,25,18,7
18,27,,,,,,,,,,,,,15,16,,,,,,,13,14,,,1,2,3,4,7,8,5,6,,,9,10,,,,,,,11,12,
18,28,,,,,,,,,,,,,15,16,28,29,30,31,32,33,17,18,13,14,1,2,3,4,5,6,26,27,19,20,23,24,7,8,9,10,11,12,21,22,25
18,29,,,,,,,,,,,,,12,,,,,,,,,,,,1,2,6,7,,,,,,,,,3,5,8,9,4,10,,,11
18,30,,,,,,,,,,,,,,,,,,,,,,,,,1,3,4,5,2,6,,,,,,,7,8,9,10,11,12,,,
18,31,,,,,,,,,,,,,15,16,31,32,33,28,29,30,11,12,13,14,1,2,3,4,17,18,24,25,26,27,21,22,5,6,7,8,9,10,19,20,23
18,32,,,,,,,,,,,,,13,14,,,,,,,11,12,15,16,1,2,3,4,,,,,,,,,5,6,7,8,9,10,,,
18,33,,,,,,,,,,,,,5,8,31,32,33,28,29,30,9,10,6,7,2,4,3,1,18,19,24,25,20,21,23,22,11,16,13,14,15,12,27,26,17
18,34,,,,,,,,,,,,,16,17,33,28,27,26,25,24,14,15,6,7,1,2,3,4,5,22,30,29,32,31,21,20,10,11,8,12,13,9,19,18,23
18,35,,,,,,,,,,,,,14,15,16,17,18,33,32,31,19,20,11,12,1,2,3,4,21,22,29,30,23,24,27,28,5,6,7,8,9,10,25,26,13
18,36,,,,,,,,,,,,,,,,,,,,,,,,,1,3,7,8,11,12,,,,,,,2,4,5,6,9,10,,,
18,37,,,,,,,,,,,,,10,12,23,24,25,29,31,33,15,17,16,18,1,3,6,8,5,19,27,28,30,32,22,21,2,4,7,9,11,13,14,26,20
18,38,,,,,,,,,,,,,5,6,26,27,28,31,32,33,7,8,22,23,1,2,3,4,9,10,19,20,29,30,17,18,11,12,13,14,15,16,24,25,21
18,39,,,,,,,,,,,,,,,,,,,,,11,12,9,10,1,2,3,4,7,8,,,,,,,6,,,,,5,,,
18,40,,,,,,,,,,,,,,,10,9,8,,,,,,,,1,12,,,11,,,,,,,,2,3,6,5,7,4,,,
18,41,,,,,,,,,,,,,8,7,,,,,,,10,9,6,5,1,2,4,3,11,12,,,,,,,13,,15,,,14,,,
18,42,,,,,,,,,,,,,11,,,,,,,,,,,,1,3,6,7,5,,,,,,,,2,4,8,9,10,,,,12
18,43,,,,,,,,,,,,,9,8,25,21,22,,,,12,13,10,11,1,2,4,5,3,16,,,,,23,24,6,7,14,15,17,18,19,20,
18,44,,,,,,,,,,,,,9,10,25,26,27,32,33,,11,12,7,8,1,2,3,4,5,6,23,24,30,31,28,29,15,16,17,18,19,20,21,22,13
18,45,,,,,,,,,,,,,,,8,9,10,,,,,,,,1,6,7,8,2,3,,,4,,,,11,,,,,12,,,5
18,46,,,,,,,,,,,,,,,,,,,,,,,,,1,2,3,4,11,12,,,,,,,5,7,8,9,10,6,,,
18,47,,,,,,,,,,,,,,,,,,,,,5,6,,,1,2,3,4,,,,,,,,,7,8,9,10,11,12,,,
18,48,,,,,,,,,,,,,,,,,,,,,,,,,1,2,3,4,11,12,,,,,,,5,6,7,8,9,10,,,
18,49,,,,,,,,,,,,,14,13,28,27,26,33,32,31,17,18,12,11,1,2,4,3,24,25,20,21,30,29,15,16,6,10,8,9,7,5,22,23,19
18,50,,,,,,,,,,,,,,,,,,,,,,,,,1,4,5,6,2,7,,,,,,,3,8,9,10,11,12,,,
19,1,,3,,,,2,,5,,6,1,4,,,,,,,,,,,,,,,,,,,,,,,,,,,,,,,,,
19,2,5,6,,,4,3,2,,,,1,,,,,,,,,,,,,,,,,,,,,,,,,,,,,,,,,,
19,3,,,,4,3,2,5,,,,1,6,,,,,,,,,,,,,,,,,,,,,,,,,,,,,,,,,
19,4,3,,,4,5,2,6,,,,1,,,,,,,,,,,,,,,,,,,,,,,,,,,,,,,,,,
19,5,,5,4,,,,,1,2,,6,3,,,,,,,,,,,,,,,,,,,,,,,,,,,,,,,,,
19,6,5,,3,6,,,,1,4,2,,,,,,,,,,,,,,,,,,,,,,,,,,,,,,,,,,,
19,7,,2,3,5,,,,,1,,,4,,,,,,,,,,,,,,,,,,,,,,,,,,,,,,,,,
19,8,,2,3,,,,4,,1,,6,5,,,,,,,,,,,,,,,,,,,,,,,,,,,,,,,,,
19,9,,,,,6,,3,5,1,4,2,,,,,,,,,,,,,,,,,,,,,,,,,,,,,,,,,,
19,10,,4,5,6,,,,3,1,,,2,,,,,,,,,,,,,,,,,,,,,,,,,,,,,,,,,
19,11,,4,6,,,,,2,1,5,,3,,,,,,,,,,,,,,,,,,,,,,,,,,,,,,,,,
19,12,,2,3,,,,6,,1,,5,4,,,,,,,,,,,,,,,,,,,,,,,,,,,,,,,,,
19,13,3,2,6,10,5,12,4,9,1,7,11,8,,,,,,,,,,,,,,,,,,,,,,,,,,,,,,,,,
19,14,,2,4,,,,6,5,1,,,3,,,,,,,,,,,,,,,,,,,,,,,,,,,,,,,,,
19,15,,,5,3,2,6,4,,1,,,,,,,,,,,,,,,,,,,,,,,,,,,,,,,,,,,,
19,16,,6,4,,,,,2,1,5,,3,,,,,,,,,,,,,,,,,,,,,,,,,,,,,,,,,
19,17,,6,2,,,,,3,1,4,,5,,,,,,,,,,,,,,,,,,,,,,,,,,,,,,,,,
19,18,,,3,6,,,,2,1,4,,5,,,,,,,,,,,,,,,,,,,,,,,,,,,,,,,,,
19,19,5,2,3,,,,4,,1,,6,,,,,,,,,,,,,,,,,,,,,,,,,,,,,,,,,,
19,20,9,4,2,5,7,8,11,10,1,6,,3,,,,,,,,,,,,,,,,,,,,,,,,,,,,,,,,,
19,21,6,2,3,8,7,12,10,11,1,4,9,5,,,,,,,,,,,,,,,,,,,,,,,,,,,,,,,,,
19,22,6,5,,,,2,3,,1,,4,,,,,,,,,,,,,,,,,,,,,,,,,,,,,,,,,,
19,24,3,,,5,1,2,6,,,,4,,,,,,,,,,,,,,,,,,,,,,,,,,,,,,,,,,
19,25,4,,,2,1,,3,,,5,,6,,,,,,,,,,,,,,,,,,,,,,,,,,,,,,,,,
19,26,,,,2,1,5,3,,,4,6,,,,,,,,,,,,,,,,,,,,,,,,,,,,,,,,,,
19,27,6,5,,4,1,2,,,,,3,,,,,,,,,,,,,,,,,,,,,,,,,,,,,,,,,,
19,28,,,,6,1,2,3,,4,,5,,,,,,,,,,,,,,,,,,,,,,,,,,,,,,,,,,
19,29,2,9,4,5,1,,11,3,8,7,10,6,,,,,,,,,,,,,,,,,,,,,,,,,,,,,,,,,
19,31,5,,6,,1,,2,,3,,4,,,,,,,,,,,,,,,,,,,,,,,,,,,,,,,,,,
19,32,5,4,12,1,2,8,9,6,11,3,7,10,,,,,,,,,,,,,,,,,,,,,,,,,,,,,,,,,
19,33,5,6,,1,,2,,,,,3,4,,,,,,,,,,,,,,,,,,,,,,,,,,,,,,,,,
19,34,4,6,,1,2,3,,,,,5,,,,,,,,,,,,,,,,,,,,,,,,,,,,,,,,,,
19,35,,4,,1,3,,6,,,,2,5,,,,,,,,,,,,,,,,,,,,,,,,,,,,,,,,,
19,36,2,9,5,1,7,10,12,6,8,4,11,3,,,,,,,,,,,,,,,,,,,,,,,,,,,,,,,,,
19,37,,3,,1,,2,5,,6,,4,,,,,,,,,,,,,,,,,,,,,,,,,,,,,,,,,,
19,38,2,10,12,1,5,3,7,8,11,6,4,9,,,,,,,,,,,,,,,,,,,,,,,,,,,,,,,,,
19,39,,4,11,1,5,2,6,7,10,8,9,3,,,,,,,,,,,,,,,,,,,,,,,,,,,,,,,,,
19,40,,,,1,5,3,6,,,,4,2,,,,,,,,,,,,,,,,,,,,,,,,,,,,,,,,,
19,41,,4,,1,,2,,5,,6,3,,,,,,,,,,,,,,,,,,,,,,,,,,,,,,,,,,
19,42,,3,1,,,,4,,2,,5,6,,,,,,,,,,,,,,,,,,,,,,,,,,,,,,,,,
19,43,,2,1,,,,4,,3,,5,6,,,,,,,,,,,,,,,,,,,,,,,,,,,,,,,,,
19,44,,5,1,,,4,2,,3,,6,,,,,,,,,,,,,,,,,,,,,,,,,,,,,,,,,,
19,45,,6,1,,,4,2,,,5,3,,,,,,,,,,,,,,,,,,,,,,,,,,,,,,,,,,
19,46,,4,1,,,,2,5,3,6,,,,,,,,,,,,,,,,,,,,,,,,,,,,,,,,,,,
19,47,,3,1,,,,4,,2,,5,6,,,,,,,,,,,,,,,,,,,,,,,,,,,,,,,,,
19,48,,4,1,,,,3,,2,,5,6,,,,,,,,,,,,,,,,,,,,,,,,,,,,,,,,,
19,49,6,5,1,,3,2,,,4,,,,,,,,,,,,,,,,,,,,,,,,,,,,,,,,,,,,
19,50,7,12,1,10,6,8,9,3,2,5,11,4,,,,,,,,,,,,,,,,,,,,,,,,,,,,,,,,,
20,1,,,,,,,,,,,,,7,9,26,31,30,28,29,27,13,10,16,18,1,3,5,4,6,8,22,23,25,24,20,21,19,17,11,15,12,14,32,33,2
20,2,,,,,,,,,,,,,5,8,31,32,33,28,29,30,9,10,6,7,2,3,4,1,18,19,24,25,20,21,23,22,11,16,13,14,15,12,27,26,17
20,3,,,,,,,,,,,,,13,14,26,27,28,29,30,31,15,16,17,18,1,2,3,4,11,12,22,23,32,33,20,21,5,6,7,8,9,10,24,25,19
20,4,,,,,,,,,,,,,9,10,31,30,29,26,27,28,5,6,7,8,1,2,3,4,18,19,24,25,32,33,22,23,12,11,13,14,15,16,20,21,17
20,5,,,,,,,,,,,,,5,6,20,21,19,31,33,32,16,15,13,14,1,2,4,3,17,18,25,24,30,29,23,22,11,7,9,10,8,12,27,28,26
20,6,,,,,,,,,,,,,5,6,18,19,20,,,,,,,,1,2,3,4,,,14,15,,,,,7,8,9,10,11,12,16,17,13
20,7,,,,,,,,,,,,,,,5,6,7,,,,,,,,1,2,3,4,8,9,,,,,,,,,,12,11,10,,,
20,9,,,,,,,,,,,,,11,12,23,22,21,33,32,31,13,14,15,16,1,3,5,7,19,20,24,25,27,26,17,18,2,4,6,8,9,10,30,29,28
20,10,,,,,,,,,,,,,5,6,24,25,26,29,30,31,13,14,15,16,1,2,3,4,17,18,27,28,32,33,22,23,7,10,12,11,9,8,19,20,21
20,11,,,,,,,,,,,,,,,,,,,,,,,,,1,2,3,4,5,12,,,,,,,6,7,8,9,10,11,,,
20,12,,,,,,,,,,,,,17,18,33,31,32,30,28,29,15,16,13,14,1,11,10,12,2,9,24,25,26,27,19,20,3,4,5,6,7,8,21,22,23
20,13,,,,,,,,,,,,,,,,,,,,,,,,,1,3,4,2,,,,,,,12,11,9,10,6,5,8,7,,,
20,15,,,,,,,,,,,,,17,18,33,32,31,30,29,28,7,8,15,16,1,2,3,4,5,6,24,25,27,26,19,20,14,13,12,11,10,9,21,22,23
20,16,,,,,,,,,,,,,5,6,33,32,31,30,29,28,10,11,8,7,2,4,3,1,18,19,23,22,27,26,20,21,12,17,14,16,13,15,24,25,9
20,17,,,,,,,,,,,,,5,6,,,,,,,9,10,7,8,1,2,3,4,,,,,,,,,12,,,,,11,,,
20,18,,,,,,,,,,,,,14,15,,,,,,,26,27,24,25,1,2,3,4,22,23,18,19,20,21,16,17,5,6,7,8,9,10,11,12,13
20,19,,,,,,,,,,,,,17,18,28,26,27,33,31,32,13,14,11,12,1,2,4,3,15,16,23,22,30,29,20,21,7,10,6,8,9,5,25,24,19
20,20,,,,,,,,,,,,,,,11,12,,,,,,,,,1,3,2,4,14,15,,,,,,,6,5,7,8,9,10,,,13
20,21,,,,,,,,,,,,,5,6,,,,,,,,,,,1,2,3,4,7,8,,,,,,,,10,11,12,,9,,,
20,22,,,,,,,,,,,,,,,,,,,,,,,,,1,3,4,5,12,,,,,,,,6,8,9,10,11,7,,,2
20,23,,,,,,,,,,,,,,,,,,,,,,,13,14,1,3,2,4,11,12,,,,,,,7,6,8,9,5,10,,,
20,24,,,,,,,,,,,,,8,9,18,19,20,31,32,33,10,11,5,6,1,2,3,4,23,24,27,28,29,30,25,26,12,13,14,15,16,17,21,22,7
20,25,,,,,,,,,,,,,13,14,,,,,,,,,,,1,2,3,4,5,6,,,,,,,7,8,9,10,11,12,,,
20,26,,,,,,,,,,,,,13,14,28,29,30,31,32,33,17,18,15,16,1,2,3,4,11,12,24,25,26,27,22,23,5,6,7,8,9,10,20,21,19
20,27,,,,,,,,,,,,,11,12,26,27,28,31,32,33,15,16,13,14,1,2,3,4,20,21,24,25,29,30,22,23,5,6,7,8,9,10,17,18,19
20,29,,,,,,,,,,,,,,,,,,,,,11,12,,,1,2,3,4,,,,,,,,,5,6,7,8,9,10,,,
20,30,,,,,,,,,,,,,13,14,,,,,,,15,16,5,6,1,2,3,4,,,,,,,,,7,8,9,10,11,12,,,17
20,31,,,,,,,,,,,,,7,8,,,,,,,9,10,5,6,1,2,3,4,,,,,,,,,11,12,,,,,,,
20,32,,,,,,,,,,,,,,,,,,,,,,,,,1,2,3,4,5,6,,,,,,,7,8,9,10,11,12,,,
20,33,,,,,,,,,,,,,,,,,,,,,5,6,8,7,2,1,3,4,10,9,,,,,,,11,13,14,15,16,12,,,
20,34,,,,,,,,,,,,,4,5,6,8,10,,,,,,,,1,12,13,14,2,3,,,,,,,,,,7,9,11,,,
20,35,,,,,,,,,,,,,18,17,20,22,21,,,,13,14,5,6,1,2,4,3,15,16,24,23,,,25,26,7,11,12,9,8,10,,,19
20,36,,,,,,,,,,,,,,,11,,12,,,,,,,,1,2,3,4,,,,,,,,,5,6,7,8,9,10,,,
20,37,,,,,,,,,,,,,7,8,31,32,33,20,21,22,9,10,18,19,1,2,5,6,3,4,16,17,23,24,14,15,25,26,27,28,29,30,11,12,13
20,38,,,,,,,,,,,,,,,,,,,,,,,,,1,2,3,4,11,12,,,,,,,5,6,7,8,9,10,,,
20,39,,,,,,,,,,,,,,,15,13,14,,,,,,,,1,5,3,4,6,7,,,,,,,8,2,10,11,9,12,,,
20,40,,,,,,,,,,,,,7,12,,,,,,,,,,,1,3,5,8,,,,,,,,,2,4,6,9,10,11,,,
20,41,,,,,,,,,,,,,,,11,12,,,,,,,,,1,3,2,4,,,,,,,,,6,5,8,7,10,9,,,
20,42,,,,,,,,,,,,,9,10,31,32,33,28,29,30,7,8,5,6,1,2,3,4,11,12,19,20,26,27,22,23,13,14,15,16,17,18,24,25,21
20,43,,,,,,,,,,,,,,,,,,,,,,,,,1,2,3,4,11,12,,,,,,,5,6,7,8,9,10,,,
20,44,,,,,,,,,,,,,16,17,33,25,24,30,31,32,14,15,18,19,1,3,4,5,2,6,22,23,27,26,28,29,7,8,9,10,11,12,20,21,13
20,45,,,,,,,,,,,,,15,16,33,31,32,28,29,30,17,18,13,14,1,5,3,4,2,12,22,23,24,25,26,27,6,7,8,9,10,11,20,21,19
20,46,,,,,,,,,,,,,,,11,13,12,,,,,,,,1,2,3,4,,,,,,,,,5,6,7,8,9,10,,,
20,47,,,,,,,,,,,,,11,9,26,28,27,33,32,31,5,6,7,8,3,1,2,4,12,15,22,23,30,29,21,20,13,18,19,17,14,16,25,24,10
20,48,,,,,,,,,,,,,21,20,33,17,19,28,26,27,13,16,9,15,2,3,4,1,8,14,30,29,32,31,24,23,10,11,5,12,6,7,18,25,22
20,50,,,,,,,,,,,,,5,6,,,,,,,,,,,1,2,3,4,8,9,,,,,,,10,11,12,13,14,15,,,7
21,1,3,4,,,,2,5,,6,,1,,,,,,,,,,,,,,,,,,,,,,,,,,,,,,,,,,
21,2,2,,,,3,4,6,,5,,1,,,,,,,,,,,,,,,,,,,,,,,,,,,,,,,,,,
21,3,5,4,,,6,2,3,,,,1,,,,,,,,,,,,,,,,,,,,,,,,,,,,,,,,,,
21,4,,3,,,,2,6,5,4,,1,,,,,,,,,,,,,,,,,,,,,,,,,,,,,,,,,,
21,5,,6,5,,,3,4,,,,1,2,,,,,,,,,,,,,,,,,,,,,,,,,,,,,,,,,
21,6,,2,,,5,3,4,,,,1,6,,,,,,,,,,,,,,,,,,,,,,,,,,,,,,,,,
21,7,4,,,,3,6,,,,2,1,5,,,,,,,,,,,,,,,,,,,,,,,,,,,,,,,,,
21,8,,,,,,2,3,4,,5,1,6,,,,,,,,,,,,,,,,,,,,,,,,,,,,,,,,,
21,9,,3,,,5,4,2,,,6,1,,,,,,,,,,,,,,,,,,,,,,,,,,,,,,,,,,
21,10,,6,,,5,2,3,,,,1,4,,,,,,,,,,,,,,,,,,,,,,,,,,,,,,,,,
21,11,,3,6,,,2,4,,5,,1,,,,,,,,,,,,,,,,,,,,,,,,,,,,,,,,,,
21,12,6,3,,,5,4,2,,,,1,,,,,,,,,,,,,,,,,,,,,,,,,,,,,,,,,,
21,13,4,,,,6,3,2,5,,,1,,,,,,,,,,,,,,,,,,,,,,,,,,,,,,,,,,
21,14,6,,,,4,2,3,,,5,1,,,,,,,,,,,,,,,,,,,,,,,,,,,,,,,,,,
21,15,3,4,12,6,5,2,7,8,11,9,1,10,,,,,,,,,,,,,,,,,,,,,,,,,,,,,,,,,
21,16,,2,,,,3,4,5,,6,1,,,,,,,,,,,,,,,,,,,,,,,,,,,,,,,,,,
21,17,4,3,,5,,2,,,,,1,6,,,,,,,,,,,,,,,,,,,,,,,,,,,,,,,,,
21,18,5,,,4,3,2,,,,,1,6,,,,,,,,,,,,,,,,,,,,,,,,,,,,,,,,,
21,19,5,3,,,,2,4,6,,,1,,,,,,,,,,,,,,,,,,,,,,,,,,,,,,,,,,
21,20,5,3,,4,6,2,,,,,1,,,,,,,,,,,,,,,,,,,,,,,,,,,,,,,,,,
21,21,6,,,,5,4,,,,3,1,2,,,,,,,,,,,,,,,,,,,,,,,,,,,,,,,,,
21,22,,6,,4,3,2,5,,,,1,,,,,,,,,,,,,,,,,,,,,,,,,,,,,,,,,,
21,23,9,10,11,4,3,2,5,6,12,7,1,8,,,,,,,,,,,,,,,,,,,,,,,,,,,,,,,,,
21,24,3,,,6,4,2,,5,,,1,,,,,,,,,,,,,,,,,,,,,,,,,,,,,,,,,,
21,25,4,,,3,2,6,,,,,1,5,,,,,,,,,,,,,,,,,,,,,,,,,,,,,,,,,
21,26,5,4,,,,2,3,,,,1,6,,,,,,,,,,,,,,,,,,,,,,,,,,,,,,,,,
21,27,6,3,,4,,5,2,,,,1,,,,,,,,,,,,,,,,,,,,,,,,,,,,,,,,,,
21,28,3,12,7,2,5,4,8,9,11,6,1,10,,,,,,,,,,,,,,,,,,,,,,,,,,,,,,,,,
21,29,3,5,,,4,2,,6,,,1,,,,,,,,,,,,,,,,,,,,,,,,,,,,,,,,,,
21,30,,,,6,4,3,2,,,,1,5,,,,,,,,,,,,,,,,,,,,,,,,,,,,,,,,,
21,31,5,3,,,,4,2,,,6,1,,,,,,,,,,,,,,,,,,,,,,,,,,,,,,,,,,
21,32,6,,,,5,,4,,,3,1,2,,,,,,,,,,,,,,,,,,,,,,,,,,,,,,,,,
21,33,4,,,5,6,3,,2,,,1,,,,,,,,,,,,,,,,,,,,,,,,,,,,,,,,,,
21,34,6,2,11,9,5,4,8,7,12,10,1,3,,,,,,,,,,,,,,,,,,,,,,,,,,,,,,,,,
21,35,4,2,,5,,,3,,,,1,6,,,,,,,,,,,,,,,,,,,,,,,,,,,,,,,,,
21,36,9,3,,,,2,4,5,6,7,1,8,,,,,,,,,,,,,,,,,,,,,,,,,,,,,,,,,
21,37,3,6,2,,,5,4,,,,1,,,,,,,,,,,,,,,,,,,,,,,,,,,,,,,,,,
21,38,4,,,,5,2,3,,,6,1,,,,,,,,,,,,,,,,,,,,,,,,,,,,,,,,,,
21,39,,,4,,,2,3,,,,1,,,,,,,,,,,,,,,,,,,,,,,,,,,,,,,,,,
21,40,,2,,,4,3,5,,6,,1,,,,,,,,,,,,,,,,,,,,,,,,,,,,,,,,,,
21,41,3,,,5,4,2,6,,,,1,,,,,,,,,,,,,,,,,,,,,,,,,,,,,,,,,,
21,42,,,,6,4,3,2,,,,1,5,,,,,,,,,,,,,,,,,,,,,,,,,,,,,,,,,
21,43,,,,4,5,2,3,,,,1,6,,,,,,,,,,,,,,,,,,,,,,,,,,,,,,,,,
21,44,,3,,,,4,2,,,6,1,5,,,,,,,,,,,,,,,,,,,,,,,,,,,,,,,,,
21,45,5,2,,,,3,4,6,,,1,,,,,,,,,,,,,,,,,,,,,,,,,,,,,,,,,,
21,46,6,2,,,4,3,5,,,,1,,,,,,,,,,,,,,,,,,,,,,,,,,,,,,,,,,
21,47,4,12,11,3,10,2,5,8,9,6,1,7,,,,,,,,,,,,,,,,,,,,,,,,,,,,,,,,,
21,48,,2,,,4,3,,,,6,1,5,,,,,,,,,,,,,,,,,,,,,,,,,,,,,,,,,
21,49,,,,5,4,,3,,2,6,1,,,,,,,,,,,,,,,,,,,,,,,,,,,,,,,,,,
21,50,,2,,6,4,3,,,,5,1,,,,,,,,,,,,,,,,,,,,,,,,,,,,,,,,,,
22,1,,,,,,,,,,,,,,12,,,,,,,,,,,7,10,9,8,12,11,,,,,,,1,3,6,2,4,5,,,9
22,2,,,,,,,,,,,,,,,,,,,,,9,10,11,12,,,,,,,,,,,,,2,1,4,5,3,6,7,8,
22,3,,,,,,,,,,,,,,,,,,,,,,,,,7,8,9,10,11,,,,,,,,1,2,3,4,5,6,,,12
22,4,,,,,,,,,,,,,15,14,20,19,18,27,26,25,22,21,31,17,33,30,29,28,32,16,13,12,24,23,7,8,3,2,1,4,5,6,10,11,9
22,5,,,,,,,,,,,,,,,,,,,,,,,,,9,10,11,12,2,8,,,,,,,3,1,4,5,6,7,,,
22,6,,,,,,,,,,,,,12,,9,10,11,,,,,,,,,,,,7,8,,,,,,,1,2,3,4,5,6,,,
22,7,,,,,,,,,,,,,20,21,26,27,28,31,32,33,17,18,13,14,9,10,11,12,7,8,24,25,29,30,22,23,1,2,3,4,5,6,15,16,19
22,8,,,,,,,,,,,,,,,,,,,,,,,11,12,7,8,9,10,,,,,,,,,1,2,3,4,5,6,,,
22,9,,,,,,,,,,,,,,,8,9,10,,,,12,,,,,,,,7,11,,,,,,,1,2,3,4,5,6,,,
22,10,,,,,,,,,,,,,,,,,,,,,,,,,9,10,11,12,7,8,,,,,,,2,1,3,4,5,6,,,
22,11,,,,,,,,,,,,,,,,,,,,,,,8,9,7,11,12,13,,,,,,,,,1,2,6,5,3,4,,,10
22,12,,,,,,,,,,,,,,,11,12,,,,,,,,,2,8,9,10,,,,,,,,,1,3,4,5,6,7,,,
22,13,,,,,,,,,,,,,,,,,,,,,,,,,,10,9,12,7,8,,,,,,,3,2,4,5,1,6,,,11
22,14,,,,,,,,,,,,,,,,,,,,,,,,,4,5,6,7,11,12,,,,,,,1,2,3,8,9,10,,,
22,15,,,,,,,,,,,,,7,8,,,,,,,,,10,11,12,,,9,,,,,,,,,3,1,5,4,6,2,,,
22,16,,,,,,,,,,,,,,,,,,,,,,,,,8,9,11,12,7,10,,,,,,,1,2,3,4,5,6,,,
22,17,,,,,,,,,,,,,15,16,8,2,9,33,31,32,17,18,19,20,25,26,27,28,10,11,21,22,29,30,23,24,1,3,4,5,6,7,14,13,12
22,18,,,,,,,,,,,,,14,15,,,,,,,12,13,,,,,,,,,,,,,10,11,1,2,3,4,5,6,8,9,7
22,19,,,,,,,,,,,,,,,,,,,,,,,11,12,,,,,9,10,,,8,,,,1,4,2,5,6,3,,,7
22,20,11,4,3,5,7,12,8,9,2,10,1,6,,,,,,9,10,11,,,,,,,,12,,,,,8,7,,,4,1,5,3,2,6,,,
22,21,,,,,,,,,,,,,,,,,,,,,,,,,7,8,9,10,11,12,,,,,,,1,2,3,4,5,6,,,
22,22,,,,,,,,,,,,,,,8,9,7,,,,,,,,,10,11,12,,,,,,,,,1,4,3,5,6,2,,,
22,23,,,,,,,,,,,,,,,,,,,,,,,,,9,10,11,12,,,,,7,8,,,1,3,2,4,5,6,,,13
22,24,,,,,,,,,,,,,,,9,10,8,,,,,,11,12,,,,,,,,,,,,,6,1,4,5,3,2,,,7
22,25,,,,,,,,,,,,,,,,,,,,,,,,,10,11,12,13,,,,,7,8,,,1,2,3,4,5,6,,,9
22,26,,,,,,,,,,,,,,,4,6,2,,,,,,,,11,12,,,,,,,,,,,1,3,5,7,8,9,,,10
22,27,,,,,,,,,,,,,,,,,,,,,,,,,2,4,6,8,11,12,,,,,,,1,3,5,7,9,10,,,
22,28,,,,,,,,,,,,,,12,,,,,,,,,,,3,4,6,8,11,,,,,,,,2,9,10,5,7,1,,,
22,29,,,,,,,,,,,,,22,23,33,31,32,28,29,30,24,25,11,12,7,8,9,10,13,14,20,21,26,27,18,19,1,2,3,4,5,6,16,17,15
22,30,,,,,,,,,,,,,,,,,,,,,,,,,7,8,9,10,11,12,,,,,,,1,2,3,4,5,6,,,
22,31,,,,,,,,,,,,,24,25,26,27,28,31,32,33,15,16,13,14,8,9,10,11,2,12,17,18,29,30,20,21,1,3,4,5,6,7,22,23,19
22,32,,,,,,,,,,,,,,,,,,,,,,,,,7,,,,8,12,,,,,9,10,1,3,5,4,2,6,,,11
22,33,,,,,,,,,,,,,25,26,22,23,24,31,32,33,27,28,20,21,7,8,9,10,11,12,18,19,29,30,16,17,1,2,3,4,5,6,13,14,15
22,34,,,,,,,,,,,,,11,12,,,,,,,,,13,14,2,,,,5,6,15,16,,,19,20,1,7,8,9,10,3,17,18,4
22,35,,,,,,,,,,,,,13,14,26,27,28,31,32,33,15,16,17,18,7,8,9,10,11,12,23,25,30,29,22,24,2,1,3,4,5,6,19,20,21
22,36,,,,,,,,,,,,,17,18,19,20,21,31,32,33,13,14,15,16,9,10,11,12,7,8,29,30,27,28,25,26,1,3,4,5,6,2,23,24,22
22,37,,,,,,,,,,,,,,,,,,,,,,,,,7,9,8,10,11,,,,,,,,2,6,5,3,4,1,,,12
22,38,,,,,,,,,,,,,17,18,14,15,16,,,,,,12,13,22,19,20,21,,,10,11,,,7,8,1,2,3,4,5,6,,,9
22,39,,,,,,,,,,,,,16,17,13,14,15,32,33,31,11,12,21,22,7,8,9,10,23,24,25,26,30,29,27,28,1,2,3,6,5,4,18,19,20
22,40,,,,,,,,,,,,,,,9,8,7,,,,,,17,16,13,12,11,10,14,15,,,,,,,6,5,4,3,2,1,,,
22,41,,,,,,,,,,,,,,,,,,,,,,,7,8,6,12,,,4,5,,,,,,,1,2,3,9,10,11,,,
22,42,,,,,,,,,,,,,,,,,,,,,,,12,11,7,8,9,10,,,,,,,,,1,3,4,5,6,2,,,
22,43,4,,,,6,2,3,5,,,1,,,,,,,,,,,,,,7,10,8,9,11,12,,,,,,,2,5,4,3,6,1,,,
22,44,,,,,6,5,2,,,4,1,3,,,,,,,,,,,,,,,,,2,6,,,3,,4,5,1,,9,10,11,12,7,,8
22,45,,,,,,,,,,,,,,,,,,,,,,,,,4,5,8,11,6,10,,,,,,,3,1,2,7,9,12,,,
22,46,,,,,,,,,,,,,32,33,20,21,22,29,30,31,23,24,18,19,7,8,9,10,25,26,12,13,27,28,14,15,1,2,3,4,5,6,16,17,11
22,47,,,,,,,,,,,,,,,12,,,,,,,,,,2,3,4,5,,,,,,,,,6,7,8,9,10,11,,,1
22,48,,,,,,,,,,,,,9,10,,,,,,,12,,11,,2,3,4,,8,,,,,,,,5,6,,,7,,,,1
22,49,,,,,,,,,,,,,,,,,,,,,,,,,2,3,4,5,,,6,7,,,,,8,9,10,11,12,,,,1
22,50,,,,,,,,,,,,,,,11,12,,4,5,6,7,8,,,,,,,,,2,3,9,10,,,,,,,,,,,1
23,1,,3,2,,,5,4,,6,,1,,,,,,,,,,,,,,,,,,,,,,,,,,,,,,,,,,
23,2,3,,,5,4,2,,,,6,1,,,,,,,,,,,,,,,,,,,,,,,,,,,,,,,,,,
23,3,3,11,12,4,6,2,9,7,10,8,1,5,,,,,,,,,,,,,,,,,,,,,,,,,,,,,,,,,
23,4,,,,,6,5,,4,,3,1,2,,,,,,,,,,,,,,,,,,,,,,,,,,,,,,,,,
23,5,6,4,,,5,2,3,,,,1,,,,,,,,,,,,,,,,,,,,,,,,,,,,,,,,,,
23,6,4,3,,,6,2,,,,5,1,,,,,,,,,,,,,,,,,,,,,,,,,,,,,,,,,,
23,7,6,2,,,,3,4,,5,,1,,,,,,,,,,,,,,,,,,,,,,,,,,,,,,,,,,
23,8,,2,,,,3,6,,5,4,1,,,,,,,,,,,,,,,,,,,,,,,,,,,,,,,,,,
23,9,,3,5,,,6,2,,4,,1,,,,,,,,,,,,,,,,,,,,,,,,,,,,,,,,,,
23,10,,,,3,6,4,2,,,,1,5,,,,,,,,,,,,,,,,,,,,,,,,,,,,,,,,,
23,11,4,7,10,2,3,5,8,9,11,12,1,6,,,,,,,,,,,,,,,,,,,,,,,,,,,,,,,,,
23,12,4,,,,,2,,5,,3,1,6,,,,,,,,,,,,,,,,,,,,,,,,,,,,,,,,,
23,13,,6,,4,3,2,3,,,,1,5,,,,,,,,,,,,,,,,,,,,,,,,,,,,1,,,,,
23,14,4,,,,,3,2,5,,6,1,,,,,,,,,,,,,,,,,,,,,,,,,,,,,,,,,,
23,15,,,,6,4,3,2,,,,1,5,,,,,,,,,,,,,,,,,,,,,,,,,,,,,,,,,
23,16,,,,4,6,3,,,2,,1,5,,,,,,,,,,,,,,,,,,,,,,,,,,,,,,,,,
23,17,3,,,5,,2,4,,,,1,6,,,,,,,,,,,,,,,,,,,,,,,,,,,,,,,,,
23,18,,4,5,6,,3,2,,,,1,,,,,,,,,,,,,,,,,,,,,,,,,,,,,,,,,,
23,19,4,,,,5,2,3,,,6,1,,,,,,,,,,,,,,,,,,,,,,,,,,,,,,,,,,
23,20,9,10,12,3,4,2,5,6,11,7,1,8,,,,,,,,,,,,,,,,,,,,,,,,,,,,,,,,,
23,21,10,8,7,6,5,,2,,3,9,1,4,,,,,,,,,,,,,,,,,,,,,,,,,,,,,,,,,
23,22,,2,5,,3,6,,,,4,1,,,,,,,,,,,,,,,,,,,,,,,,,,,,,,,,,,
23,23,,3,,,4,2,,6,,5,1,,,,,,,,,,,,,,,,,,,,,,,,,,,,,,,,,,
23,24,6,3,,,,2,4,,5,,1,,,,,,,,,,,,,,,,,,,,,,,,,,,,,,,,,,
23,25,4,,,3,,2,,6,,5,1,,,,,,,,,,,,,,,,,,,,,,,,,,,,,,,,,,
23,26,,4,5,,,6,3,,2,,1,,,,,,,,,,,,,,,,,,,,,,,,,,,,,,,,,,
23,27,,2,,,5,3,4,,6,,1,,,,,,,,,,,,,,,,,,,,,,,,,,,,,,,,,,
23,28,4,,,5,,2,3,,,,1,6,,,,,,,,,,,,,,,,,,,,,,,,,,,,,,,,,
23,29,5,4,,,3,2,6,,,,1,,,,,,,,,,,,,,,,,,,,,,,,,,,,,,,,,,
23,30,12,5,6,11,4,3,2,7,9,8,1,10,,,,,,,,,,,,,,,,,,,,,,,,,,,,,,,,,
23,31,4,2,,,3,,5,,6,7,1,,,,,,,,,,,,,,,,,,,,,,,,,,,,,,,,,,
23,32,3,5,,,,4,2,,6,,1,,,,,,,,,,,,,,,,,,,,,,,,,,,,,,,,,,
23,33,4,2,,,5,3,,,,6,1,,,,,,,,,,,,,,,,,,,,,,,,,,,,,,,,,,
23,34,,6,,,5,,4,,3,,1,2,,,,,,,,,,,,,,,,,,,,,,,,,,,,,,,,,
23,35,6,3,,5,,2,4,,,,1,,,,,,,,,,,,,,,,,,,,,,,,,,,,,,,,,,
23,36,4,3,,,,5,2,6,,,1,,,,,,,,,,,,,,,,,,,,,,,,,,,,,,,,,,
23,37,5,4,12,10,7,2,3,8,11,9,1,6,,,,,,,,,,,,,,,,,,,,,,,,,,,,,,,,,
23,38,9,8,10,5,4,2,3,6,12,7,1,11,,,,,,,,,,,,,,,,,,,,,,,,,,,,,,,,,
23,39,,5,3,,,,2,6,4,,1,,,,,,,,,,,,,,,,,,,,,,,,,,,,,,,,,,
23,40,8,3,9,11,7,2,4,10,5,12,1,6,,,,,,,,,,,,,,,,,,,,,,,,,,,,,,,,,
23,41,,,,3,,2,6,5,,,1,4,,,,,,,,,,,,,,,,,,,,,,,,,,,,,,,,,
23,42,,3,5,,,2,4,,6,,1,,,,,,,,,,,,,,,,,,,,,,,,,,,,,,,,,,
23,43,6,3,,5,4,2,,,,,1,,,,,,,,,,,,,,,,,,,,,,,,,,,,,,,,,,
23,44,,5,,4,,,3,,6,,1,2,,,,,,,,,,,,,,,,,,,,,,,,,,,,,,,,,
23,45,4,,,6,5,2,3,,,,1,,,,,,,,,,,,,,,,,,,,,,,,,,,,,,,,,,
23,46,,3,,5,,2,4,,,6,1,,,,,,,,,,,,,,,,,,,,,,,,,,,,,,,,,,
23,47,,6,5,,,4,2,,3,,1,,,,,,,,,,,,,,,,,,,,,,,,,,,,,,,,,,
23,48,5,2,,,4,3,,6,,,1,,,,,,,,,,,,,,,,,,,,,,,,,,,,,,,,,,
23,49,,2,,,6,4,3,,5,,1,,,,,,,,,,,,,,,,,,,,,,,,,,,,,,,,,,
23,50,,,4,6,,2,3,,,,1,5,,,,,,,,,,,,,,,,,,,,,,,,,,,,,,,,,
24,1,,1,,6,,,2,5,,4,3,,,,1,1,1,,1,,1,1,,,,,,,1,1,1,1,,,1,1,,1,,,,,,,
24,3,,,,,,,,,,,1,,,,,,,,,,,,,,,,,,,,,,,,,,,,,,,,,,
24,6,,,,,,1,,,,,,,,,,,,,,,,,,,,,,,,,,,,,,,,,,,,,,,
24,19,,1,,,,,,,,,,,,,,,,,,,,,,,,,,,,,,,,,,,,,,,,,,,
24,21,,,1,,3,,4,,,7,,,,1,,,,,,,,,,,,,6,,2,,9,,8,,,,,,,,,,11,,
24,22,,,,,,,,,1,,,,,,,,,,,,,,,,,,,,,,,,,,,,,,,,,,,,
24,23,,6,5,,,4,2,,7,,1,3,,,,,,,,,,,,,,,,,,,,,,,,,,,,,,,,,
24,24,5,6,,2,4,3,,,,,1,,,,,,,,,,,,,,,,,,,,,,,,,,,,,,,,,,
24,25,,,,6,4,3,2,,,,1,5,,,,,,,,,,,,,,,,,,,,,,,,,,,,,,,,,
24,26,,6,,,5,3,2,,4,,1,,,,,,,,,,,,,,,,,,,,,,,,,,,,,,,,,,
24,27,8,2,7,11,9,3,4,10,6,12,1,5,,,,,,,,,,,,,,,,,,,,,,,,,,,,,,,,,
24,28,5,2,3,4,,,6,,,,1,,,,,,,,,,,,,,,,,,,,,,,,,,,,,,,,,,
24,29,,2,,4,6,,3,,,,1,5,,,,,,,,,,,,,,,,,,,,,,,,,,,,,,,,,
24,30,,2,10,5,4,,9,6,8,7,1,3,,,,,,,,,,,,,,,,,,,,,,,,,,,,,,,,,
24,31,,,,,,,,,,,,,,,2,4,6,16,17,18,,,19,20,10,11,13,12,14,15,,,21,22,23,24,1,3,5,7,,,8,9,
24,32,,,,,,,,,,,,,,,,,,,,,,,,,7,8,10,9,11,12,,,,,,,1,2,3,4,5,6,,,
24,33,,,,,,,,,,,,,12,,7,11,,,,,8,,,,3,4,,,5,,,,6,,9,,1,2,,,,,,,10
24,35,,,,,,,,,,,,,,,11,10,9,,,12,,,,,,,,13,7,8,,,,,,,1,2,3,4,5,6,,,
24,36,,,,,,,,,,,,,,,8,9,10,,,,,,,,2,,11,12,,,,,,,,,1,3,4,5,6,7,,,
24,37,,,,,,,,,,,,,7,6,3,22,15,31,32,33,18,19,20,21,13,17,16,14,23,24,29,30,27,28,9,10,4,12,8,2,1,5,25,26,11
