Booth,Paper,A:Sustainable Australia Party - Universal Basic Income,B:David Pocock,C:Animal Justice Party,D:Australian Labor Party,E:Liberal,F:HEART/LIBERTARIAN,G:Australian Greens,A:HOLGATE James,A:HAYDON John,B:POCOCK David,B:VARDY Hannah,C:SOXSMITH Robyn,C:KUDRYCZ Walter,D:GALLAGHER Katy,D:OH Janaline,E:VADAKKEDATHU Jacob,E:LEE Hayune,F:SEARSON-PRAKAASH Elise,F:BROWN Martin,G:HOBBS Christina,G:ROCKE Jo
1,1,5,2,3,4,7,6,1,,,,,,,,,,,,,,
1,2,3,2,4,5,6,,1,,,,,,,,,,,,,,
1,3,6,3,4,2,7,5,1,,,,,,,,,,,,,,
1,4,6,2,3,4,5,7,1,,,,,,,,,,,,,,
1,5,5,2,4,3,7,6,1,,,,,,,,,,,,,,
1,6,5,2,6,3,7,4,1,,,,,,,,,,,,,,
1,7,5,4,3,2,7,6,1,,,,,,,,,,,,,,
1,8,4,2,3,5,6,,1,,,,,,,,,,,,,,
1,9,3,2,4,6,7,5,1,,,,,,,,,,,,,,
1,10,4,2,3,5,6,7,1,,,,,,,,,,,,,,
1,11,4,2,3,5,6,,1,,,,,,,,,,,,,,
1,12,5,2,4,3,6,7,1,,,,,,,,,,,,,,
1,13,5,7,4,2,3,6,1,,,,,,,,,,,,,,
1,14,4,3,5,2,6,7,1,,,,,,,,,,,,,,
1,15,4,3,5,2,7,6,1,,,,,,,,,,,,,,
1,16,5,2,4,3,6,,1,,,,,,,,,,,,,,
1,17,3,5,6,2,7,4,1,,,,,,,,,,,,,,
1,18,,4,5,2,3,6,1,,,,,,,,,,,,,,
1,19,4,2,3,5,6,,1,,,,,,,,,,,,,,
1,20,5,2,3,4,6,7,1,,,,,,,,,,,,,,
1,21,5,2,3,4,7,6,1,,,,,,,,,,,,,,
1,22,3,5,2,4,7,6,1,,,,,,,,,,,,,,
1,23,5,2,4,3,,6,1,,,,,,,,,,,,,,
1,24,6,3,5,2,7,4,1,,,,,,,,,,,,,,
1,25,7,2,3,4,5,6,1,,,,,,,,,,,,,,
1,26,4,2,3,5,6,7,1,,,,,,,,,,,,,,
1,27,5,2,6,3,4,7,1,,,,,,,,,,,,,,
1,28,5,2,3,4,6,,1,,,,,,,,,,,,,,
1,29,4,2,3,5,6,,1,,,,,,,,,,,,,,
1,30,4,3,5,2,6,,1,,,,,,,,,,,,,,
1,31,5,2,4,3,,6,1,,,,,,,,,,,,,,
1,32,4,2,3,5,6,7,1,,,,,,,,,,,,,,
1,33,3,2,4,5,7,6,1,,,,,,,,,,,,,,
1,34,4,2,5,3,7,6,1,,,,,,,,,,,,,,
1,35,5,3,2,4,6,,1,,,,,,,,,,,,,,
1,36,5,2,3,4,6,7,1,,,,,,,,,,,,,,
1,37,4,2,3,5,6,,1,,,,,,,,,,,,,,
1,38,4,2,5,3,6,,1,,,,,,,,,,,,,,
1,39,4,3,7,2,5,6,1,,,,,,,,,,,,,,
1,40,3,2,6,4,7,5,1,,,,,,,,,,,,,,
1,41,3,4,5,2,6,,1,,,,,,,,,,,,,,
1,42,4,3,5,2,6,,1,,,,,,,,,,,,,,
1,43,4,2,3,5,6,,1,,,,,,,,,,,,,,
1,44,3,6,5,2,7,4,1,,,,,,,,,,,,,,
1,45,5,2,3,4,6,7,1,,,,,,,,,,,,,,
1,46,4,2,3,5,6,7,1,,,,,,,,,,,,,,
1,47,6,2,3,4,5,7,1,,,,,,,,,,,,,,
1,48,5,2,3,4,7,6,1,,,,,,,,,,,,,,
1,49,5,2,4,3,7,6,1,,,,,,,,,,,,,,
1,50,5,3,4,2,6,7,1,,,,,,,,,,,,,,
2,1,5,2,4,3,6,7,1,,,,,,,,,,,,,,
2,2,,2,5,3,4,6,1,,,,,,,,,,,,,,
2,3,4,2,3,6,7,5,1,,,,,,,,,,,,,,
2,4,5,2,4,3,7,6,1,,,,,,,,,,,,,,
2,5,4,2,3,5,,6,1,,,,,,,,,,,,,,
2,6,4,2,3,5,6,7,1,,,,,,,,,,,,,,
2,7,4,2,3,5,6,,1,,,,,,,,,,,,,,
2,8,5,2,3,4,6,,1,,,,,,,,,,,,,,
2,9,3,2,4,6,,5,1,,,,,,,,,,,,,,
2,10,4,3,5,2,7,6,1,,,,,,,,,,,,,,
2,11,3,2,5,4,6,,1,,,,,,,,,,,,,,
2,12,6,3,4,2,7,5,1,,,,,,,,,,,,,,
2,13,4,2,3,5,7,6,1,,,,,,,,,,,,,,
2,14,4,2,,3,6,5,1,,,,,,,,,,,,,,
2,15,3,2,5,4,6,,1,,,,,,,,,,,,,,
2,16,4,2,3,5,6,,1,,,,,,,,,,,,,,
2,17,5,2,6,3,4,7,1,,,,,,,,,,,,,,
2,18,7,2,4,3,5,6,1,,,,,,,,,,,,,,
2,19,4,2,3,5,6,7,1,,,,,,,,,,,,,,
2,20,4,2,3,5,7,6,1,,,,,,,,,,,,,,
2,21,5,6,3,2,4,5,1,,,,,,,,,,,,,,
2,22,5,2,6,3,4,7,1,,,,,,,,,,,,,,
2,23,4,2,3,5,6,7,1,,,,,,,,,,,,,,
2,24,7,6,2,5,4,3,1,,,,,,,,,,,,,,
2,25,5,2,4,3,7,6,1,,,,,,,,,,,,,,
2,26,4,2,3,5,6,7,1,,,,,,,,,,,,,,
2,27,4,2,3,5,6,,1,,,,,,,,,,,,,,
2,28,4,5,3,2,,6,1,,,,,,,,,,,,,,
2,29,6,2,5,,3,4,1,,,,,,,,,,,,,,
2,30,3,4,2,3,,6,1,,,,,,,,,,,,,,
2,31,3,2,4,5,6,7,1,,,,,,,,,,,,,,
2,32,2,3,6,4,7,5,1,,,,,,,,,,,,,,
2,33,4,2,3,5,6,7,1,,,,,,,,,,,,,,
2,34,4,3,5,2,7,6,1,,,,,,,,,,,,,,
2,35,4,2,3,5,6,,1,,,,,,,,,,,,,,
2,36,5,2,4,3,6,,1,,,,,,,,,,,,,,
2,37,4,2,3,5,6,7,1,,,,,,,,,,,,,,
2,38,2,6,3,5,7,4,1,,,,,,,,,,,,,,
2,39,4,2,3,5,6,7,1,,,,,,,,,,,,,,
2,40,5,4,3,2,6,5,1,,,,,,,,,,,,,,
2,41,4,2,5,3,5,6,1,,,,,,,,,,,,,,
2,42,5,2,4,3,6,7,1,,,,,,,,,,,,,,
2,43,5,3,4,2,7,6,1,,,,,,,,,,,,,,
2,44,4,2,3,5,6,7,1,,,,,,,,,,,,,,
2,45,4,2,6,3,,5,1,,,,,,,,,,,,,,
2,46,6,4,3,2,5,,1,,,,,,,,,,,,,,
2,47,4,5,3,2,6,,1,,,,,,,,,,,,,,
2,48,4,2,3,5,6,,1,,,,,,,,,,,,,,
2,49,5,2,4,3,6,,1,,,,,,,,,,,,,,
2,50,6,3,2,4,5,,1,,,,,,,,,,,,,,
3,1,6,2,3,4,5,7,1,,,,,,,,,,,,,,
3,2,5,3,4,2,6,7,1,,,3,,,,2,,,,,,1,
3,3,4,2,3,5,6,7,1,,,,,,,,,,,,,,
3,4,4,3,5,2,7,6,1,,,,,,,,,,,,,,
3,5,4,2,3,5,6,7,1,,,,,,,,,,,,,,
3,6,5,2,4,3,,6,1,,,,,,,,,,,,,,
3,7,5,4,3,2,,6,1,,,,,,,,,,,,,,
3,8,5,2,4,3,6,,1,,,,,,,,,,,,,,
3,9,4,2,5,3,6,7,1,,,,,,,,,,,,,,
3,10,4,2,3,5,6,7,1,,,,,,,,,,,,,,
3,11,4,2,3,5,6,7,1,,,,,,,,,,,,,,
3,12,3,2,4,5,6,,1,,,,,,,,,,,,,,
3,13,4,3,5,2,7,6,1,,,,,,,,,,,,,,
3,14,4,3,2,5,7,6,1,,,,,,,,,,,,,,
3,15,4,2,3,6,7,5,1,,,,,,,,,,,,,,
3,16,3,2,5,4,7,6,1,,,,,,,,,,,,,,
3,17,5,2,4,3,6,,1,,,,,,,,,,,,,,
3,18,6,2,4,3,,5,1,,,,,,,,,,,,,,
3,19,4,3,5,2,6,7,1,,,,,,,,,,,,,,
3,20,4,2,3,5,6,7,1,,,,,,,,,,,,,,
3,21,4,2,,3,5,6,1,,,,,,,,,,,,,,
3,22,4,5,3,2,6,7,1,,,,,,,,,,,,,,
3,23,5,2,4,3,6,,1,,,,,,,,,,,,,,
3,24,5,3,4,2,,6,1,,,,,,,,,,,,,,
3,25,5,2,4,3,6,7,1,,,,,,,,,,,,,,
3,26,4,2,5,3,7,6,1,,,,,,,,,,,,,,
3,27,3,6,2,4,7,5,1,,,,,,,,,,,,,,
3,28,5,2,4,3,6,,1,,,,,,,,,,,,,,
3,29,5,2,3,4,6,7,1,,,,,,,,,,,,,,
3,30,5,2,4,3,6,,1,,,,,,,,,,,,,,
3,31,3,2,4,6,7,5,1,,,,,,,,,,,,,,
3,32,4,2,3,5,6,,1,,,,,,,,,,,,,,
3,33,3,2,5,4,6,7,1,,,,,,,,,,,,,,
3,34,5,2,4,3,6,,1,,,,,,,,,,,,,,
3,35,5,2,4,3,7,6,1,,,,,,,,,,,,,,
3,36,4,2,5,3,6,7,1,,,,,,,,,,,,,,
3,37,5,2,4,3,6,7,1,,,,,,,,,,,,,,
3,38,2,3,7,4,5,6,1,,,,,,,,,,,,,,
3,39,6,2,5,3,4,,1,,,,,,,,,,,,,,
3,40,3,2,4,5,6,,1,,,,,,,,,,,,,,
3,41,5,2,4,3,7,6,1,,,,,,,,,,,,,,
3,42,5,3,4,2,6,7,1,,,,,,,,,,,,,,
3,43,5,2,3,4,6,,1,,,,,,,,,,,,,,
3,44,4,2,3,5,6,7,1,,,,,,,,,,,,,,
3,45,4,2,3,5,6,7,1,,,,,,,,,,,,,,
3,46,5,2,,3,4,6,1,,,,,,,,,,,,,,
3,47,6,4,5,,2,3,1,,,,,,,,,,,,,,
3,48,2,4,3,5,7,6,1,,,,,,,,,,,,,,
3,49,4,2,3,5,6,7,1,,,,,,,,,,,,,,
3,50,5,2,4,3,7,6,1,,,,,,,,,,,,,,
4,1,4,2,5,6,1,3,,,,,,,,,,,,,,,
4,2,4,2,6,7,1,3,5,,,,,,,,,,,,,,
4,3,3,2,4,7,1,5,6,,,,,,,,,,,,,,
4,4,3,2,,4,1,5,6,,,,,,,,,,,,,,
4,5,5,3,4,6,1,2,7,,,,,,,,,,,,,,
4,6,7,2,6,3,1,5,4,,,,,,,,,,,,,,
4,7,5,4,6,2,1,,3,,,,,,,,,,,,,,
4,8,4,5,3,7,1,2,6,,,,,,,,,,,,,,
4,9,5,3,2,6,1,4,7,,,,,,,,,,,,,,
4,10,3,2,,5,1,4,6,,,,,,,,,,,,,,
4,11,3,2,4,7,1,5,6,,,,,,,,,,,,,,
4,12,3,4,,,1,2,5,,,,,,,,,,,,,,
4,13,4,3,2,7,1,6,5,,,,,,,,,,,,,,
4,14,4,5,3,6,1,2,7,,,,,,,,,,,,,,
4,15,,5,4,3,1,6,2,,,,,,,,,,,,,,
4,16,5,2,7,4,1,6,3,,,,,,,,,,,,,,
4,17,4,3,5,2,1,6,,,,,,,,,,,,,,,
4,18,5,6,4,7,1,3,2,,,,,,,,,,,,,,
4,19,,5,6,2,1,4,3,,,,,,,,,,,,,,
4,20,5,2,,4,1,3,6,,,,,,,,,,,,,,
4,21,4,2,,5,1,6,3,,,,,,,,,,,,,,
4,22,4,3,,2,1,5,6,,5,4,2,,,3,,,,,6,1,
4,23,4,7,3,6,1,2,5,,,,,,,,,,,,,,
4,24,5,4,,3,1,2,6,,,,,,,,,,,,,,
4,25,4,3,5,2,1,,6,,,,,,,,,,,,,,
4,26,,2,6,5,1,4,3,,,,,,,,,,,,,,
4,27,5,3,4,5,1,2,6,,,,,,,,,,,,,,
4,28,3,2,6,,1,4,5,,,,,,,,,,,,,,
4,29,3,2,4,5,1,6,7,,,,,,,,,,,,,,
4,30,5,2,4,6,1,3,,,,,,,,,,,,,,,
4,31,4,5,3,,1,2,6,,,,,,,,,,,,,,
4,32,6,2,3,7,1,5,4,,,,,,,,,,,,,,
4,33,6,2,7,3,1,5,4,,,,,,,,,,,,,,
4,34,6,3,5,2,1,4,7,,,,,,,,,,,,,,
4,35,,6,,4,1,,5,,,11,12,,,7,8,2,3,,,9,10
4,36,3,6,2,,1,5,4,,,,,,,,,,,,,,
4,37,6,5,3,2,1,4,,,,,,,,,,,,,,,
4,38,6,5,4,3,1,2,7,,,,,,,,,,,,,,
4,39,4,,6,3,1,5,2,,,,,,,,,,,,,,
4,40,3,6,4,5,1,2,,,,,,,,,,,,,,,
4,41,5,3,2,7,1,4,6,,,,,,,,,,,,,,
4,42,6,5,3,,1,2,4,,,,,,,,,,,,,,
4,43,7,4,5,3,1,6,2,,,,,,,,,,,,,,
4,44,4,3,5,2,1,6,7,,,,,,,,,,,,,,
4,45,2,3,4,6,1,5,7,,,,,,,,,,,,,,
4,46,,2,4,5,1,6,3,,,,,,,,,,,,,,
4,47,6,2,,4,1,3,5,,,,,,,,,,,,,,
4,48,3,4,5,2,1,6,7,,,,,,,,,,,,,,
4,49,5,4,3,6,1,2,7,,,,,,,,,,,,,,
4,50,4,3,,6,1,2,5,,,,,,,,,,,,,,
5,1,3,2,4,6,1,5,,,,,,,,,,,,,,,
5,2,7,2,3,4,1,6,5,,,,,,,,,,,,,,
5,3,3,2,5,6,1,4,,,,,,,,,,,,,,,
5,4,6,5,,4,1,2,3,,,,,,,,,,,,,,
5,5,4,2,3,6,1,5,,,,,,,,,,,,,,,
5,6,4,3,2,7,1,5,6,,,,,,,,,,,,,,
5,7,5,2,4,3,1,6,7,,,,,,,,,,,,,,
5,8,4,2,5,,1,6,3,,,,,,,,,,,,,,
5,9,5,3,6,2,1,7,4,,,,,,,,,,,,,,
5,10,5,3,6,2,1,4,7,,,,,,,,,,,,,,
5,11,3,2,,5,1,5,6,,,,,,,,,,,,,,
5,12,3,2,,5,1,5,6,,,,,,,,,,,,,,
5,13,,2,6,4,1,5,3,,,,,,,,,,,,,,
5,14,4,2,6,,1,3,5,,,,,,,,,,,,,,
5,15,,,,2,1,,,,,,,,,,,,,,,,
5,16,5,2,3,7,1,4,6,,,,,,,,,,,,,,
5,17,3,2,6,7,1,5,4,,,,,,,,,,,,,,
5,18,5,2,,3,1,4,6,,,,,,,,,,,,,,
5,19,6,3,5,2,1,7,4,,,,,,,,,,,,,,
5,20,4,2,3,,1,6,5,,,,,,,,,,,,,,
5,21,4,2,5,7,1,3,6,,,,,,,,,,,,,,
5,22,3,2,5,,1,6,4,,,,,,,,,,,,,,
5,23,4,2,6,,1,5,3,,,,,,,,,,,,,,
5,24,7,2,4,3,1,6,5,,,,,,,,,,,,,,
5,25,3,5,4,6,1,2,7,,,,,,,,,,,,,,
5,26,4,7,2,5,1,3,6,,,,,,,,,,,,,,
5,27,3,,5,4,1,2,6,,,,,,,,,,,,,,
5,28,4,3,5,2,1,6,7,,,,,,,,,,,,,,
5,29,4,3,6,7,1,5,2,,,,,,,,,,,,,,
5,30,,2,3,5,1,4,6,,,,,,,,,,,,,,
5,31,,3,5,4,1,2,6,,,,,,,,,,,,,,
5,32,5,2,7,4,1,6,3,,,,,,,,,,,,,,
5,33,3,2,5,,1,4,6,,,,,,,,,,,,,,
5,34,4,3,6,5,1,2,7,,,,,,,,,,,,,,
5,35,2,3,5,6,1,4,7,,,,,,,,,,,,,,
5,36,5,2,6,4,1,3,7,,,,,,,,,,,,,,
5,37,6,3,5,2,1,4,7,,,,,,,,,,,,,,
5,38,6,2,4,3,1,5,7,,,,,,,,,,,,,,
5,39,6,4,2,3,1,5,,,,,,,,,,,,,,,
5,40,6,2,3,,1,4,5,,,,,,,,,,,,,,
5,41,3,2,6,7,1,4,5,,,,,,,,,,,,,,
5,42,4,3,7,2,1,5,6,,,,,,,,,,,,,,
5,43,6,3,,2,1,5,4,,,,,,,,,,,,,,
5,44,5,2,4,6,1,3,,,,,,,,,,,,,,,
5,45,2,5,3,6,1,4,7,,,,,,,,,,,,,,
5,46,6,3,,2,1,5,4,,,,,,,,,,,,,,
5,47,6,3,4,2,1,5,,,,,,,,,,,,,,,
5,48,5,4,6,2,1,7,3,,,,,,,,,,,,,,
5,49,4,2,,6,1,3,5,,,,,,,,,,,,,,
5,50,,3,6,4,1,2,5,,,,,,,,,,,,,,
6,1,,2,4,3,1,5,6,,,,,,,,,,,,,,
6,2,4,7,3,6,1,2,5,,,,,,,,,,,,,,
6,3,6,,5,2,1,4,3,,,,,,,,,,,,,,
6,4,4,2,3,6,1,,5,,,,,,,,,,,,,,
6,5,5,2,6,3,1,4,,,,,,,,,,,,,,,
6,6,5,2,3,6,1,4,,,,,,,,,,,,,,,
6,7,,2,6,5,1,4,3,,,,,,,,,,,,,,
6,8,3,2,5,6,1,4,,,,,,,,,,,,,,,
6,9,,6,5,4,1,2,3,,,,,,,,,,,,,,
6,10,,2,4,3,1,6,5,,,,,,,,,,,,,,
6,11,6,4,3,,1,2,5,,,,,,,,,,,,,,
6,12,4,2,5,3,1,6,7,,,,,,,,,,,,,,
6,13,2,4,3,,1,5,6,3,4,5,6,9,10,,,1,2,7,8,11,12
6,14,,2,5,3,1,6,4,,,,,,,,,,,,,,
6,15,5,2,3,6,1,4,7,,,,,,,,,,,,,,
6,16,,2,6,3,1,4,5,,,,,,,,,,,,,,
6,17,4,2,7,3,1,6,5,,,,,,,,,,,,,,
6,18,4,3,6,5,1,2,7,,,,,,,,,,,,,,
6,19,3,4,2,,1,5,6,,,,,,,,,,,,,,
6,20,2,6,5,4,1,3,,,,,,,,,,,,,,,
6,21,,2,5,4,1,3,6,,,,,,,,,,,,,,
6,22,5,6,7,4,1,2,3,,,,,,,,,,,,,,
6,23,4,6,5,2,1,7,3,,,,,,,,,,,,,,
6,24,4,3,5,6,1,2,,,,,,,,,,,,,,,
6,25,5,3,2,4,1,7,6,,,,,,,,,,,,,,
6,26,5,2,4,6,1,3,,,,,,,,,,,,,,,
6,27,3,2,4,6,1,5,7,,,,,,,,,,,,,,
6,28,4,5,3,6,1,2,,,,,,,,,,,,,,,
6,29,4,2,3,5,1,7,6,,,,,,,,,,,,,,
6,30,2,5,4,,1,3,6,,,,,,,,,,,,,,
6,31,,4,3,6,1,5,2,,,,,,,,,,,,,,
6,32,5,2,3,6,1,4,7,,,,,,,,,,,,,,
6,33,4,5,7,2,1,3,6,,,,,,,,,,,,,,
6,34,4,2,5,7,1,3,6,,,,,,,,,,,,,,
6,35,3,5,4,6,1,2,7,,,,,,,,,,,,,,
6,36,3,6,,4,1,2,5,,,,,,,,,,,,,,
6,37,4,3,5,7,1,6,2,,,,,,,,,,,,,,
6,38,5,7,6,4,1,3,2,,,,,,,,,,,,,,
6,39,,3,6,2,1,5,4,,,,,,,,,,,,,,
6,40,5,2,,3,1,6,4,,,,,,,,,,,,,,
6,41,6,2,4,5,1,3,,,,,,,,,,,,,,,
6,42,4,3,5,2,1,6,,,,,,,,,,,,,,,
6,43,,2,4,5,1,3,6,,,,,,,,,,,,,,
6,44,3,2,4,7,1,5,6,,,,,,,,,,,,,,
6,45,5,4,6,2,1,7,3,,,,,,,,,,,,,,
6,46,2,5,3,6,1,4,,,,,,,,,,,,,,,
6,47,4,2,5,7,1,3,6,,,,,,,,,,,,,,
6,48,5,2,4,6,1,3,,,,,,,,,,,,,,,
6,49,3,2,4,6,1,5,7,,,,,,,,,,,,,,
6,50,4,2,3,5,1,6,7,,,,,,,,,,,,,,
7,1,,1,4,3,5,6,2,,,,,,,,,,,,,,
7,2,6,1,,2,3,4,5,,,,,,,,,,,,,,
7,3,4,1,5,2,7,6,3,,,,,,,,,,,,,,
7,4,4,1,,3,5,6,2,,,,,,,,,,,,,,
7,5,5,1,4,2,6,7,3,,,,,,,,,,,,,,
7,6,5,1,4,2,6,,3,,,,,,,,,,,,,,
7,7,,1,4,2,5,6,3,,,,,,,,,,,,,,
7,8,4,1,5,2,6,7,3,,,,,,,,,,,,,,
7,9,2,1,3,6,7,4,5,,,,,,,,,,,,,,
7,10,2,1,6,3,5,,4,,,,,,,,,,,,,,
7,11,5,1,7,3,4,6,2,,,,,,,,,,,,,,
7,12,5,1,6,3,4,,2,,,,,,,,,,,,,,
7,13,4,1,5,3,7,6,2,,,,,,,,,,,,,,
7,14,5,1,4,3,6,,2,,,,,,,,,,,,,,
7,15,5,1,4,2,7,6,3,,,,,,,,,,,,,,
7,16,4,1,6,2,,5,3,,,,,,,,,,,,,,
7,17,4,1,,3,6,5,2,,,,,,,,,,,,,,
7,18,5,1,6,2,4,7,3,,,,,,,,,,,,,,
7,19,4,1,5,7,2,6,3,,,,,,,,,,,,,,
7,20,3,1,4,5,6,7,2,,,,,,,,,,,,,,
7,21,4,1,2,7,6,5,3,,,,,,,,,,,,,,
7,22,4,1,5,2,6,7,3,,,,,,,,,,,,,,
7,23,4,1,6,3,5,7,2,,,,,,,,,,,,,,
7,24,2,1,5,3,,6,4,,,,,,,,,,,,,,
7,25,5,1,3,2,,6,4,,,,,,,,,,,,,,
7,26,4,1,3,2,5,6,7,,,,,,,,,,,,,,
7,27,7,1,6,3,2,5,4,,,,,,,,,,,,,,
7,28,3,1,5,6,7,4,2,,,,,,,,,,,,,,
7,29,5,1,5,2,3,6,4,,,,,,,,,,,,,,
7,30,5,1,7,2,3,6,4,,,,,,,,,,,,,,
7,31,5,1,3,4,6,,2,,,,,,,,,,,,,,
7,32,6,1,4,2,,5,3,,,,,,,,,,,,,,
7,33,4,1,3,5,6,,2,,,,,,,,,,,,,,
7,34,5,1,6,2,4,7,3,,,,,,,,,,,,,,
7,35,2,1,3,4,5,6,7,,,,,,,,,,,,,,
7,36,4,1,5,2,6,,3,,,,,,,,,,,,,,
7,37,5,1,7,3,2,6,4,,,,,,,,,,,,,,
7,38,,1,6,2,3,5,4,,,,,,,,,,,,,,
7,39,4,1,5,3,6,,2,,,,,,,,,,,,,,
7,40,5,1,7,2,6,4,3,,,,,,,,,,,,,,
7,41,6,1,4,3,5,7,2,,,,,,,,,,,,,,
7,42,4,1,3,5,6,7,2,,,,,,,,,,,,,,
7,43,5,1,4,2,6,7,3,,,,,,,,,,,,,,
7,44,5,1,6,2,,4,3,,,,,,,,,,,,,,
7,45,3,1,4,5,6,7,2,,,,,,,,,,,,,,
7,46,2,1,6,3,4,7,5,,,,,,,,,,,,,,
7,47,6,1,5,3,4,7,2,,,,,,,,,,,,,,
7,48,4,1,5,2,6,7,3,,,,,,,,,,,,,,
7,49,4,1,5,3,7,6,2,,,,,,,,,,,,,,
7,50,5,1,4,3,6,,2,,,,,,,,,,,,,,
8,1,4,1,5,3,6,,2,,,,,,,,,,,,,,
8,2,5,1,4,2,7,6,3,,,,,,,,,,,,,,
8,3,6,1,4,2,5,,3,,,,,,,,,,,,,,
8,4,6,1,,2,4,5,3,,,,,,,,,,,,,,
8,5,6,1,4,2,,5,3,,,,,,,,,,,,,,
8,6,4,1,5,3,7,6,2,,,,,,,,,,,,,,
8,7,5,1,4,3,6,7,2,,,,,,,,,,,,,,
8,8,5,1,,2,4,6,3,,,,,,,,,,,,,,
8,9,6,1,7,2,3,5,4,,,,,,,,,,,,,,
8,10,4,1,3,5,6,,2,,,,,,,,,,,,,,
8,11,5,1,7,2,4,6,3,,,,,,,,,,,,,,
8,12,6,1,5,4,2,,3,,,,,,,,,,,,,,
8,13,4,1,5,3,,6,2,,,,,,,,,,,,,,
8,14,6,1,4,3,5,7,2,,,,,,,,,,,,,,
8,15,4,1,5,3,7,6,2,,,,,,,,,,,,,,
8,16,4,1,5,2,6,7,3,,,,,,,,,,,,,,
8,17,5,1,4,3,6,7,2,,,,,,,,,,,,,,
8,18,7,1,5,2,4,6,3,,,,,,,,,,,,,,
8,19,5,1,,2,4,6,3,,,,,,,,,,,,,,
8,20,5,1,4,6,2,3,7,,,,,,,,,,,,,,
8,21,4,1,6,2,5,,3,,,,,,,,,,,,,,
8,22,6,1,4,3,,5,2,,,,,,,,,,,,,,
8,23,5,1,4,2,,6,3,,,,,,,,,,,,,,
8,24,3,1,4,5,7,6,2,,,,,,,,,,,,,,
8,25,4,1,,2,6,5,3,,,,,,,,,,,,,,
8,26,4,1,5,2,6,,3,,,,,,,,,,,,,,
8,27,4,1,5,2,6,7,3,,,,,,,,,,,,,,
8,28,3,1,6,2,7,5,4,,,,,,,,,,,,,,
8,29,7,1,6,3,5,4,2,,,,,,,,,,,,,,
8,30,5,1,4,2,6,7,3,,,,,,,,,,,,,,
8,31,5,1,2,4,7,6,3,,,,,,,,,,,,,,
8,32,4,1,3,5,6,7,2,,,,,,,,,,,,,,
8,33,3,1,5,4,,6,2,,,,,,,,,,,,,,
8,34,3,1,4,5,6,7,2,,,,,,,,,,,,,,
8,35,4,1,5,2,3,6,,,,,,,,,,,,,,,
8,36,4,1,5,3,6,7,2,,,,,,,,,,,,,,
8,37,4,1,6,2,5,7,3,,,,,,,,,,,,,,
8,38,6,1,5,2,3,4,7,,,,,,,,,,,,,,
8,39,5,1,4,2,6,,3,,,,,,,,,,,,,,
8,40,4,1,5,3,7,6,2,,,,,,,,,,,,,,
8,41,5,1,,2,3,6,4,,,,,,,,,,,,,,
8,42,5,1,6,3,2,7,4,,,,,,,,,,,,,,
8,43,5,1,4,2,6,7,3,,,,,,,,,,,,,,
8,44,,1,,3,,,2,,,,,,,,,,,,,,
8,45,,1,,,,,,,,,,,,,,,,,,,
8,46,,1,,,,,,,,,,,,,,,,,,,
8,47,,1,4,3,,,2,,,,,,,,,,,,,,
8,48,6,1,5,2,,4,3,,,,,,,,,,,,,,
8,49,5,1,6,2,4,,3,,,,,,,,,,,,,,
8,50,,1,5,2,4,6,3,,,,,,,,,,,,,,
9,1,4,1,3,5,6,,2,,,,,,,,,,,,,,
9,2,6,1,4,3,,5,2,,,,,,,,,,,,,,
9,3,4,1,7,2,3,5,6,,,,,,,,,,,,,,
9,4,7,1,6,2,4,5,3,,,,,,,,,,,,,,
9,5,4,1,5,2,7,6,3,,,,,,,,,,,,,,
9,6,5,1,,2,6,3,4,,,,,,,,,,,,,,
9,7,6,1,3,4,7,5,2,,,,,,,,,,,,,,
9,8,5,1,4,3,6,,2,,,,,,,,,,,,,,
9,9,5,1,6,2,4,7,3,,,,,,,,,,,,,,
9,10,3,1,4,5,7,6,2,,,,,,,,,,,,,,
9,11,7,1,4,2,5,6,3,,,,,,,,,,,,,,
9,12,4,1,5,3,6,7,2,,,,,,,,,,,,,,
9,13,6,1,4,3,5,7,2,,,,,,,,,,,,,,
9,14,4,1,5,3,,6,2,,,,,,,,,,,,,,
9,15,,1,4,3,5,6,2,,,,,,,,,,,,,,
9,16,6,1,7,3,2,5,4,,,,,,,,,,,,,,
9,17,4,1,5,2,6,7,3,,,,,,,,,,,,,,
9,18,4,1,5,3,7,6,2,,,,,,,,,,,,,,
9,19,5,1,6,2,4,7,3,,,,,,,,,,,,,,
9,20,3,1,4,5,6,7,2,,,,,,,,,,,,,,
9,21,,1,5,2,4,6,3,,,,,,,,,,,,,,
9,22,5,1,4,2,7,6,3,,,,,,,,,,,,,,
9,23,5,1,7,2,4,6,3,,,,,,,,,,,,,,
9,24,4,1,6,3,5,7,2,,,,,,,,,,,,,,
9,25,4,1,3,6,,5,2,,,,,,,,,,,,,,
9,26,4,1,3,,6,5,2,,,,,,,,,,,,,,
9,27,4,1,5,3,6,,2,,,,,,,,,,,,,,
9,28,3,1,6,2,5,7,4,,,,,,,,,,,,,,
9,29,5,1,4,2,6,,3,,,,,,,,,,,,,,
9,30,4,1,6,2,5,,3,,,,,,,,,,,,,,
9,31,5,1,3,4,6,,2,,,,,,,,,,,,,,
9,32,4,1,5,2,6,7,3,,,,,,,,,,,,,,
9,33,5,1,4,3,7,6,2,,,,,,,,,,,,,,
9,34,5,1,6,2,4,7,3,,,,,,,,,,,,,,
9,35,4,1,6,2,5,7,3,,,,,,,,,,,,,,
9,36,3,1,6,4,,5,2,,,,,,,,,,,,,,
9,37,3,1,5,6,7,4,2,,,,,,,,,,,,,,
9,38,3,1,5,2,,6,4,,,,,,,,,,,,,,
9,39,4,1,5,3,7,6,2,,,,,,,,,,,,,,
9,40,5,1,3,4,6,7,2,,,,,,,,,,,,,,
9,41,4,1,7,2,5,6,3,,,,,,,,,,,,,,
9,42,5,1,4,3,6,7,2,,,,,,,,,,,,,,
9,43,4,1,6,3,2,,5,,,,,,,,,,,,,,
9,44,6,1,4,3,5,,2,,,,,,,,,,,,,,
9,45,4,1,5,2,,6,3,,,,,,,,,,,,,,
9,46,4,1,5,2,6,,3,,,,,,,,,,,,,,
9,47,4,1,5,2,6,7,3,,,,,,,,,,,,,,
9,48,5,1,4,2,6,,3,,,,,,,,,,,,,,
9,49,5,1,6,2,4,7,3,,,,,,,,,,,,,,
9,50,3,1,5,4,6,,2,,,,,,,,,,,,,,
10,1,3,1,4,6,2,5,7,,,,,,,,,,,,,,
10,2,,1,6,3,2,5,4,,,,,,,,,,,,,,
10,3,5,1,4,2,7,6,3,,,,,,,,,,,,,,
10,4,2,1,5,3,7,6,4,,,,,,,,,,,,,,
10,5,4,1,5,3,6,,2,,,,,,,,,,,,,,
10,6,5,1,4,2,6,,3,,,,,,,,,,,,,,
10,7,5,1,4,2,6,7,3,,,,,,,,,,,,,,
10,8,5,1,4,3,6,7,2,,,,,,,,,,,,,,
10,9,5,1,4,2,7,6,3,,,,,,,,,,,,,,
10,10,5,1,7,3,4,6,2,,,,,,,,,,,,,,
10,11,4,1,5,2,6,,3,,,,,,,,,,,,,,
10,12,5,1,4,2,6,7,3,,,,,,,,,,,,,,
10,13,6,1,4,2,5,7,3,,,,,,,,,,,,,,
10,14,5,1,4,3,6,,2,,,,,,,,,,,,,,
10,15,5,1,4,3,6,,2,,,,,,,,,,,,,,
10,16,4,1,3,5,6,,2,,,,,,,,,,,,,,
10,17,4,1,5,2,,6,3,,,,,,,,,,,,,,
10,18,4,1,2,6,5,,3,,,,,,,,,,,,,,
10,19,4,1,5,3,6,,2,,,,,,,,,,,,,,
10,20,4,1,5,2,7,6,3,,,,,,,,,,,,,,
10,21,4,1,6,3,5,2,7,,,,,,,,,,,,,,
10,22,5,1,4,2,6,,3,,,,,,,,,,,,,,
10,23,6,1,4,3,5,7,2,,,,,,,,,,,,,,
10,24,6,1,5,3,4,,2,,,,,,,,,,,,,,
10,25,5,1,4,3,7,6,2,,,,,,,,,,,,,,
10,26,6,1,,2,4,5,3,,,,,,,,,,,,,,
10,27,7,1,5,3,4,6,2,,,,,,,,,,,,,,
10,28,6,1,2,4,7,5,3,,,,,,,,,,,,,,
10,29,5,1,,2,4,6,3,,,,,,,,,,,,,,
10,30,4,1,6,2,,5,3,,,,,,,,,,,,,,
10,31,7,1,3,4,6,5,2,,,,,,,,,,,,,,
10,32,6,1,3,4,2,5,7,,,,,,,,,,,,,,
10,33,5,1,,3,4,6,2,,,,,,,,,,,,,,
10,34,2,1,4,,6,3,5,,,,,,,,,,,,,,
10,35,4,1,6,3,5,7,2,,,,,,,,,,,,,,
10,36,5,1,4,3,6,7,2,,,,,,,,,,,,,,
10,37,4,1,5,3,6,7,2,,,,,,,,,,,,,,
10,38,5,1,7,3,2,6,4,,,,,,,,,,,,,,
10,39,4,1,5,2,6,7,3,,,,,,,,,,,,,,
10,40,5,1,6,2,3,4,7,,,,,,,,,,,,,,
10,41,4,1,5,3,7,6,2,,,,,,,,,,,,,,
10,42,7,1,3,2,5,6,4,,,,,,,,,,,,,,
10,43,5,1,4,3,6,,2,,,,,,,,,,,,,,
10,44,4,1,5,3,6,,2,,,,,,,,,,,,,,
10,45,2,1,6,3,7,5,4,,,,,,,,,,,,,,
10,46,,1,4,2,6,5,3,,,,,,,,,,,,,,
10,47,,1,4,2,6,5,3,,,,,,,,,,,,,,
10,48,6,1,5,2,4,,3,,,,,,,,,,,,,,
10,49,5,1,4,3,6,7,2,,,,,,,,,,,,,,
10,50,,1,5,3,4,6,2,,,,,,,,,,,,,,
11,1,5,1,3,4,6,,2,,,,,,,,,,,,,,
11,2,4,1,5,2,6,7,3,,,,,,,,,,,,,,
11,3,3,1,4,5,6,,2,,,,,,,,,,,,,,
11,4,,,,,,,,2,1,9,10,5,6,12,11,14,13,3,4,7,8
11,5,,,,,,,,1,2,7,8,13,14,10,9,11,12,4,3,5,6
11,6,,,,,,,,1,5,7,2,6,10,8,3,12,11,13,14,4,9
11,7,,,,,,,,2,1,6,5,8,7,12,11,10,9,4,3,14,13
11,8,,,,,,,,1,2,7,8,3,4,9,10,13,12,11,14,5,6
11,9,,,,,,,,2,1,3,4,5,6,9,10,11,12,13,14,7,8
11,10,,,,,,,,1,2,3,4,7,8,9,10,14,13,12,11,5,6
11,11,3,2,4,5,6,7,1,,,,,,,,,,,,,,
11,12,4,3,5,2,,6,1,,,,,,,,,,,,,,
11,13,5,2,4,3,6,7,1,,,,,,,,,,,,,,
11,14,,,,,,,,7,8,1,2,11,12,3,4,9,10,13,14,5,6
11,15,,,,,,,,9,10,1,2,7,8,3,4,11,12,13,14,5,6
11,16,,,,,,,,7,8,1,3,14,13,2,4,12,11,9,10,5,6
11,17,,,,,,,,3,9,1,6,5,10,2,8,11,12,14,13,4,7
11,18,,,,,,,,7,8,2,4,9,10,1,3,12,13,11,14,5,6
11,19,,,,,,,,7,8,5,6,9,10,1,2,12,11,14,13,3,4
11,20,,,,,,,,7,8,3,4,,11,1,2,9,10,12,,5,6
11,21,,,,,,,,9,10,3,6,7,8,1,2,11,12,13,14,4,5
11,22,,,,,,,,7,8,3,4,9,10,2,1,,,11,12,5,6
11,23,,,,,,,,9,10,2,4,7,8,1,3,13,14,11,12,5,6
11,24,,,,,,,,7,8,2,6,13,14,1,3,11,12,9,10,4,5
11,25,,,,,,,,10,9,2,6,8,7,1,3,14,13,12,11,4,5
11,26,,,,,,,,9,10,3,4,7,8,1,2,12,11,13,14,5,6
11,27,,,,,,,,9,10,2,4,11,12,1,5,7,8,13,14,3,6
11,28,,,,,,,,4,3,2,14,5,6,1,11,7,10,8,9,12,13
11,29,,,,,,,,7,8,3,4,9,10,1,2,11,12,13,14,5,6
11,30,,,,,,,,5,6,2,8,,,1,7,3,10,11,12,4,9
11,31,,,,,,,,7,8,2,6,11,13,1,3,9,10,12,14,4,5
11,32,,,,,,,,10,9,5,6,11,12,1,2,13,14,8,7,3,4
11,33,,3,6,1,2,4,5,12,8,4,9,,,1,2,11,3,5,7,6,10
11,34,,,,,,,,13,12,2,5,8,9,1,3,10,11,4,14,6,7
11,35,,,,,,,,7,8,2,5,9,10,1,4,14,13,11,12,3,6
11,36,,,,,,,,9,10,2,4,7,8,1,3,13,14,11,12,5,6
11,37,,,,,,,,11,12,2,4,9,10,1,3,7,8,13,14,5,6
11,38,,,,,,,,9,10,2,5,13,14,1,3,8,11,7,12,6,4
11,39,,5,6,1,2,4,3,,,7,8,,,1,2,5,6,9,10,3,4
11,40,,,,,,,,9,10,3,4,7,8,1,2,11,12,13,14,5,6
11,41,,,,,,,,4,8,2,7,9,10,1,5,12,11,,,3,6
11,42,,,,,,,,11,12,3,4,6,7,1,8,14,13,9,10,2,5
11,43,,,,,,,,7,8,2,4,9,10,1,3,11,12,,,5,6
11,44,,,,,,,,11,,2,4,7,8,1,3,9,10,12,,5,6
11,45,,,,,,,,7,8,3,4,9,10,1,2,13,14,11,12,5,6
11,46,,,,,,,,7,8,2,4,11,12,1,3,9,10,13,14,5,6
11,47,,,,,,,,5,6,7,8,9,10,1,2,,,11,12,3,4
11,48,,,,,,,,7,8,2,4,9,10,1,3,14,13,11,12,5,6
11,49,,,,,,,,,,3,8,11,12,1,2,6,7,9,10,4,5
11,50,,,,,,,,7,8,2,3,9,10,1,4,11,12,,,5,6
12,1,,,,,,,,9,10,3,4,7,8,1,2,11,12,,,5,6
12,2,,,,,,,,8,7,4,3,12,11,1,2,14,13,10,9,6,5
12,3,,,,,,,,7,8,2,4,11,12,1,3,9,10,13,14,5,6
12,4,,,,,,,,11,12,5,6,7,8,1,4,9,10,13,14,3,2
12,5,,,,,,,,,11,2,5,7,9,1,4,8,10,12,,3,6
12,6,,,,,,,,11,12,2,4,7,8,1,3,9,10,,,5,6
12,7,,,,,,,,9,10,2,4,12,11,1,3,7,8,,,5,6
12,8,,,,,,,,7,8,2,6,11,12,1,3,,,9,10,5,4
12,9,,,,,,,,9,10,2,4,7,8,1,3,11,12,13,14,5,6
12,10,,,,,,,,,,3,5,9,10,1,2,4,6,7,8,11,12
12,11,,,,,,,,7,8,3,4,11,12,1,2,,,9,10,5,6
12,12,,,,,,,,11,12,2,3,,,1,4,5,6,7,8,9,10
12,13,,,,,,,,11,12,4,6,5,7,1,8,9,10,13,14,2,3
12,14,,2,3,1,6,5,4,,,2,8,3,9,1,7,6,11,5,12,4,10
12,15,,,,,,,,7,8,2,4,10,12,1,5,,,9,11,3,6
12,16,6,2,4,1,7,5,3,12,11,3,4,8,7,1,2,14,13,9,10,5,6
12,17,,,,,,,,7,8,2,4,9,10,1,3,14,13,11,12,5,6
12,18,,,,,,,,11,12,3,4,9,10,1,2,13,14,7,8,5,6
12,19,,,,,,,,7,8,2,6,9,10,1,5,11,12,13,14,3,4
12,20,,,,,,,,7,8,2,3,9,10,1,4,12,11,14,13,5,6
12,21,,,,,,,,11,12,3,4,7,8,1,2,9,10,,,5,6
12,22,,,,,,,,10,9,2,5,7,8,1,3,12,11,14,13,4,6
12,23,,,,,,,,9,10,2,5,7,8,1,4,12,,11,,3,6
12,24,,,,,,,,9,10,2,5,7,8,1,4,,,11,12,3,6
12,25,,,,,,,,7,8,2,4,11,12,1,5,9,10,13,14,3,6
12,26,,,,,,,,11,12,7,8,13,14,1,2,3,4,9,10,5,6
12,27,,,,,,,,11,12,2,4,7,8,1,5,9,10,,,3,6
12,28,,,,,,,,6,7,2,8,9,10,1,3,13,14,11,12,4,5
12,29,,,,,,,,3,4,2,6,9,10,1,5,,,11,12,7,8
12,30,,,,,,,,9,10,2,4,6,5,1,3,13,14,11,12,7,8
12,31,,,,,,,,11,12,2,6,13,14,1,3,9,10,7,8,4,5
12,32,,,,,,,,11,12,5,6,,,1,8,2,3,10,9,4,7
12,33,,,,,,,,11,12,2,3,7,8,1,4,13,14,9,10,5,6
12,34,,,,,,,,7,8,5,6,9,10,1,2,12,11,14,13,3,4
12,35,,,,,,,,7,8,2,4,13,14,1,3,12,11,9,10,5,6
12,36,,,,,,,,9,10,2,6,7,8,1,5,11,12,,,3,4
12,37,,,,,,,,11,12,2,4,9,10,1,3,7,8,,,5,6
12,38,,,,,,,,12,11,5,6,8,7,2,1,,,10,9,3,4
12,39,3,5,4,1,,6,2,3,4,5,6,7,8,1,2,,,11,12,9,10
12,40,,,,,,,,5,6,3,4,11,12,1,2,7,8,13,14,9,10
12,41,,,,,,,,6,5,10,9,4,3,2,1,11,12,7,8,,
12,42,,,,,,,,7,8,3,6,11,12,1,2,,,9,10,4,5
12,43,,,,,,,,7,8,2,5,11,12,1,4,14,13,9,10,3,6
12,44,,,,,,,,9,10,2,7,6,8,1,3,11,12,,,4,5
12,45,,,,,,,,8,10,2,4,7,9,1,3,11,12,13,14,5,6
12,46,,,,,,,,11,12,3,10,4,5,1,2,13,14,6,7,8,9
12,47,,,,,,,,11,12,2,6,7,8,1,3,13,14,9,10,4,5
12,48,,,,,,,,6,7,2,5,8,9,1,4,14,13,10,11,3,12
12,49,,,,,,,,7,8,3,6,9,10,1,2,11,12,,,4,5
12,50,,,,,,,,7,8,3,4,9,10,1,2,12,11,13,14,5,6
13,1,,,,,,,,11,12,1,3,9,10,2,6,,,7,8,4,5
13,2,,,,,,,,9,10,1,6,7,8,2,4,11,12,13,14,3,5
13,3,,,,,,,,5,6,1,7,8,10,2,3,11,12,,,4,9
13,4,,,,,,,,5,6,1,4,9,10,7,8,,,11,12,2,3
13,5,,,,,,,,11,9,1,2,5,6,7,8,12,10,13,14,3,4
13,6,,,,,,,,7,10,1,6,8,11,2,5,9,12,13,14,3,4
13,7,,,,,,,,8,7,1,4,11,12,2,3,14,10,9,13,5,6
13,8,,,,,,,,11,12,1,13,4,5,2,10,6,7,8,9,3,14
13,9,,,,,,,,7,8,1,3,9,10,2,4,12,11,13,14,5,6
13,10,,,,,,,,13,14,1,2,7,8,5,6,9,10,11,12,3,4
13,11,,,,,,,,11,12,1,4,5,8,2,6,,,9,10,3,7
13,12,,,,,,,,9,10,1,6,7,8,2,3,13,14,11,12,4,5
13,13,,,,,,,,9,10,1,3,7,8,2,4,12,11,,,5,6
13,14,,,,,,,,11,12,1,2,9,10,3,4,7,8,13,14,5,6
13,15,,,,,,,,3,5,1,2,9,10,7,8,12,11,,,4,6
13,16,,,,,,,,9,10,1,2,3,4,11,12,7,8,5,6,,
13,17,,,,,,,,9,10,1,2,11,12,3,4,7,8,,,5,6
13,18,,,,,,,,7,8,1,2,9,10,3,6,,,11,12,4,5
13,19,,,,,,,,3,4,1,2,5,6,,,7,8,9,10,12,11
13,20,,,,,,,,6,8,1,3,5,7,9,10,11,12,,,2,4
13,21,,,,,,,,7,8,1,2,9,10,3,4,11,12,,,5,6
13,22,,,,,,,,5,6,1,3,8,9,4,10,14,13,11,12,2,7
13,23,,,,,,,,7,8,1,6,4,5,9,10,12,11,13,14,2,3
13,24,,,,,,,,9,10,1,4,7,8,3,6,11,12,13,14,2,5
13,25,,,,,,,,7,8,1,5,10,9,2,4,12,11,,,3,6
13,26,,,,,,,,13,14,1,4,5,6,7,8,9,10,11,12,2,3
13,27,,,,,,,,7,10,1,4,12,13,3,5,8,9,11,14,2,6
13,28,,,,,,,,7,8,1,5,9,10,2,4,14,13,11,12,6,3
13,29,,,,,,,,9,10,1,5,7,8,2,3,13,14,11,12,4,6
13,30,,,,,,,,9,10,1,6,5,4,7,8,11,12,,,2,3
13,31,,,,,,,,12,11,1,2,9,10,6,5,8,7,14,13,3,4
13,32,,,,,,,,12,,1,2,7,8,3,4,11,,9,10,5,6
13,33,,,,,,,,9,10,1,3,7,8,2,4,11,12,,,5,6
13,34,,,,,,,,7,8,1,2,13,14,6,4,12,11,10,9,3,5
13,35,,,,,,,,7,8,1,4,9,10,3,5,12,11,14,13,2,6
13,37,,,,,,,,11,12,1,2,7,8,3,4,9,10,,,5,6
13,38,,,,,,,,7,8,1,2,9,10,5,6,11,12,13,14,3,4
13,39,6,4,5,1,3,2,,11,5,1,10,7,6,4,,8,2,7,9,3,12
13,40,,,,,,,,4,5,1,2,10,6,9,3,13,7,14,8,11,12
13,41,,,,,,,,5,6,1,4,9,10,7,8,2,3,13,14,11,12
13,42,,,,,,,,9,10,1,5,7,8,2,6,,11,12,,3,4
13,43,,,,,,,,6,7,1,9,8,10,2,5,11,12,13,14,3,4
13,44,,,,,,,,5,6,1,2,9,10,7,8,14,13,12,11,3,4
13,45,,,,,,,,5,6,1,2,9,10,3,4,,,11,12,7,8
13,46,,,,,,,,9,10,1,4,7,8,5,6,11,12,13,14,2,3
13,47,,,,,,,,9,10,1,2,7,8,5,6,13,14,11,12,3,4
13,48,,,,,,,,7,8,1,2,9,10,3,4,14,13,11,12,5,6
13,49,,,,,,,,13,14,1,5,9,10,2,4,7,8,11,12,3,6
13,50,,,,,,,,11,12,1,5,3,9,2,7,8,10,13,14,4,6
14,1,,,,,,,,7,8,1,6,9,11,3,4,,,10,12,2,5
14,2,,,,,,,,3,4,1,2,,,7,8,,,,,5,6
14,3,2,1,,3,4,6,5,,11,1,,4,5,2,3,7,6,12,,,
14,4,,,,,,,,9,10,1,3,7,8,2,4,13,14,11,12,5,6
14,5,,,,,,,,7,8,1,3,,,2,4,12,11,10,9,5,6
14,6,,,,,,,,11,12,1,3,9,10,2,4,7,8,13,14,5,6
14,7,,,,,,,,11,12,1,2,7,8,3,4,9,10,,,5,6
14,8,,,,,,,,11,12,1,2,,,3,4,6,5,7,8,9,10
14,9,,,,,,,,7,8,1,6,9,10,2,3,12,11,,,4,5
14,10,,,,,,,,7,8,1,2,9,10,3,4,13,14,11,12,5,6
14,11,,,,,,,,11,12,1,3,7,8,2,4,9,10,13,14,5,6
14,12,,,,,,,,9,10,1,4,11,,2,5,12,,7,8,3,6
14,13,,,,,,,,8,9,1,2,5,6,,7,,12,10,11,4,3
14,14,,,,,,,,5,6,1,2,9,10,7,8,,,11,12,3,4
14,15,,,,,,,,10,9,1,2,7,8,5,6,13,11,14,12,3,4
14,16,,,,,,,,11,12,1,3,7,8,2,4,9,10,,,5,6
14,17,,,,,,,,3,4,1,2,11,12,7,8,10,9,13,14,5,6
14,18,,,,,,,,10,8,1,3,11,14,2,4,7,9,13,12,5,6
14,19,,,,,,,,7,8,1,2,,,5,6,9,10,11,12,3,4
14,20,,,,,,,,9,10,1,2,7,8,3,4,,,11,12,5,6
14,21,,,,,,,,8,9,1,,6,7,2,3,,12,10,11,4,5
14,22,,,,,,,,9,10,1,5,11,12,2,4,7,8,,,3,6
14,23,,,,,,,,7,8,1,2,9,10,5,6,11,12,13,14,3,4
14,24,,,,,,,,9,10,1,5,7,8,2,6,14,13,12,11,3,4
14,25,,,,,,,,7,8,1,2,9,10,5,6,12,11,14,13,3,4
14,26,4,1,5,2,3,7,6,12,7,1,5,9,8,2,4,3,10,6,11,13,14
14,27,,,,,,,,3,4,1,2,6,5,11,12,13,14,9,10,8,7
14,28,,,,,,,,11,12,1,4,7,8,2,3,13,14,9,10,5,6
14,29,,,,,,,,10,9,1,2,8,7,5,6,,,12,11,3,4
14,30,,,,,,,,7,8,1,2,11,12,5,6,9,10,13,14,3,4
14,31,,,,,,,,9,10,1,3,7,8,2,6,11,12,,,5,4
14,32,,,,,,,,6,7,1,2,9,10,4,8,11,12,14,13,3,5
14,33,,,,,,,,11,12,1,4,7,8,2,3,,,9,10,5,6
14,34,,,,,,,,9,10,1,2,5,6,3,4,11,12,,,7,8
14,35,,,,,,,,9,10,1,3,11,12,2,4,5,6,13,14,7,8
14,36,,,,,,,,5,6,1,2,11,12,7,8,,,9,10,3,4
14,37,,,,,,,,12,11,1,3,7,8,2,4,14,13,9,10,5,6
14,38,,,,,,,,11,12,1,2,5,6,7,8,9,10,13,14,3,4
14,39,,,,,,,,3,4,1,2,9,10,7,8,11,12,,,5,6
14,40,,,,,,,,9,8,1,3,10,7,5,6,13,14,11,12,2,4
14,41,,,,,,,,10,11,1,4,8,7,5,6,13,14,12,9,2,3
14,42,,,,,,,,3,4,1,2,9,10,11,12,13,14,7,8,5,6
14,43,,,,,,,,4,5,1,7,6,8,2,9,14,13,11,12,3,10
14,44,,,,,,,,,,1,2,7,8,5,6,9,10,11,12,3,4
14,45,,,,,,,,7,8,1,4,9,10,3,6,11,12,13,14,2,5
14,46,,,,,,,,7,8,1,2,11,12,3,4,5,6,13,14,9,10
14,47,,,,,,,,,,1,2,3,4,5,6,7,8,9,10,11,12
14,48,,,,,,,,3,4,1,2,5,6,9,10,,,7,8,12,11
14,49,,,,,,,,4,5,2,1,7,8,9,10,12,11,,,3,6
14,50,,,,,,,,7,8,2,1,9,10,5,6,11,12,13,14,3,4
15,1,,,,,,,,11,12,1,4,7,9,2,5,,,8,10,3,6
15,2,,,,,,,,7,8,1,5,13,14,2,6,9,10,11,12,3,4
15,3,,,,,,,,11,12,1,2,9,10,5,6,13,14,7,8,3,4
15,4,,,,,,,,7,8,1,6,9,10,3,5,13,14,11,12,2,4
15,5,,,,,,,,10,12,1,3,11,,2,5,6,7,9,,4,8
15,6,,,,,,,,7,8,1,2,9,10,3,6,11,12,13,14,4,5
15,7,,,,,,,,11,12,1,5,13,14,2,6,7,8,9,10,3,4
15,8,,,,,,,,,,1,2,11,12,3,4,7,8,9,10,5,6
15,9,,,,,,,,7,8,1,2,9,10,5,6,13,14,11,12,3,4
15,10,,,,,,,,4,5,1,3,8,9,2,12,13,14,10,11,6,7
15,11,,,,,,,,8,7,1,4,9,10,2,5,,,12,11,3,6
15,12,,,,,,,,11,12,1,4,7,8,5,6,9,10,,,2,3
15,13,,,,,,,,7,8,1,6,9,10,2,3,11,12,,,4,5
15,14,,,,,,,,11,12,1,4,7,8,2,6,14,13,9,10,3,5
15,15,,,,,,,,4,8,1,7,11,12,3,5,,,9,10,2,6
15,16,,,,,,,,7,8,1,4,9,10,2,5,11,12,13,14,3,6
15,17,,,,,,,,8,7,1,4,9,10,5,6,14,13,12,11,2,3
15,18,,,,,,,,11,12,1,2,7,8,5,6,9,10,,,3,4
15,19,,,,,,,,5,6,1,2,9,10,7,8,11,12,13,14,3,4
15,20,,,,,,,,9,10,1,5,6,7,3,8,11,12,13,14,2,4
15,21,,,,,,,,9,10,1,2,7,8,6,5,11,12,,,3,4
15,22,,,,,,,,9,10,1,2,5,6,7,8,11,12,13,14,3,4
15,24,,,,,,,,8,10,1,6,7,9,2,5,11,12,13,14,3,4
15,25,,,,,,,,11,12,1,2,,,3,4,7,8,9,10,5,6
15,26,,,,,,,,8,7,1,2,9,10,11,12,3,4,5,6,13,14
15,27,,,,,,,,,12,1,4,8,7,5,6,10,9,11,,2,3
15,28,,,,,,,,11,12,1,4,7,8,3,6,9,10,13,14,2,5
15,29,,,,,,,,3,4,1,2,5,6,10,9,12,11,8,7,,
15,30,,,,,,,,9,10,1,2,7,8,6,5,4,3,11,12,13,14
15,31,,,,,,,,7,8,1,3,9,10,2,4,,,11,12,5,6
15,32,,,,,,,,9,10,1,4,7,8,2,3,11,12,13,14,5,6
15,33,,,,,,,,5,6,1,2,9,10,7,8,12,11,14,13,3,4
15,34,,,,,,,,,,1,2,9,10,3,5,11,12,7,8,4,6
15,35,,,,,,,,7,8,1,4,9,10,3,6,12,11,,,2,5
15,36,,,,,,,,5,,1,8,7,,3,9,4,10,6,11,2,12
15,37,,,,,,,,,,1,2,6,5,11,12,9,10,3,4,7,8
15,38,,,,,,,,7,8,1,4,9,10,3,6,11,12,,,2,5
15,39,,,,,,,,10,9,1,3,7,8,5,6,13,11,14,12,2,4
15,40,,,,,,,,11,12,1,8,6,9,4,5,13,14,7,10,2,3
15,41,,,,,,,,7,8,1,2,9,10,3,4,13,14,11,12,5,6
15,42,,,,,,,,7,8,1,2,9,10,3,4,13,14,11,12,5,6
15,43,,,,,,,,7,8,1,2,9,10,5,6,11,12,13,14,3,4
15,44,,,,,,,,11,12,1,2,7,8,6,5,10,9,14,13,3,4
15,45,,,,,,,,9,,1,4,11,,2,3,7,8,10,12,5,6
15,46,,,,,,,,11,12,1,2,9,10,,,3,4,7,8,5,6
15,47,,,,,,,,6,4,1,2,3,5,12,,,11,7,8,9,10
15,48,,,,,,,,6,5,1,2,12,11,4,3,10,9,14,13,8,7
15,49,4,2,5,1,6,7,3,7,8,1,2,9,10,5,6,11,12,,,3,4
15,50,,,,,,,,9,10,1,2,7,8,5,6,14,13,11,12,3,4
16,1,,,,,,,,11,12,1,2,5,6,9,10,13,14,3,4,7,8
16,2,,,,,,,,7,8,1,4,11,12,2,5,9,10,13,14,3,6
16,3,,,,,,,,11,12,1,4,7,8,2,5,9,10,,,3,6
16,4,,,,,,,,,,1,2,9,10,7,8,5,6,11,12,3,4
16,5,,,,,,,,7,8,1,2,9,10,14,13,11,12,5,6,4,3
16,6,,,,,,,,11,,1,2,9,10,3,8,6,7,12,,4,5
16,7,,,,,,,,11,12,1,2,7,8,3,4,9,10,13,14,5,6
16,8,,,,,,,,6,8,1,5,10,9,2,7,,,11,12,4,3
16,9,,,,,,,,11,12,1,2,3,4,9,10,13,14,7,8,5,6
16,10,,,,,,,,6,5,1,2,10,9,4,3,12,11,14,13,7,8
16,11,,,,,,,,9,11,1,2,,,3,4,5,6,10,12,7,8
16,12,,,,,,,,9,10,1,4,7,8,3,6,,,11,12,2,5
16,13,,,,,,,,7,8,1,3,9,10,5,6,11,12,,,2,4
16,14,,,,,,,,7,8,1,4,9,10,3,6,,,11,12,2,5
16,15,,,,,,,,9,8,1,10,6,7,5,4,11,12,,,3,2
16,16,,,,,,,,9,10,1,6,7,8,2,5,,,11,12,3,4
16,17,,,,,,,,7,8,1,2,9,10,5,6,11,12,14,13,3,4
16,18,,,,,,,,11,12,1,5,13,14,3,6,2,4,9,10,7,8
16,19,,,,,,,,11,12,1,2,5,6,3,4,9,10,13,14,7,8
16,20,,,,,,,,5,6,1,2,7,8,9,10,11,12,13,14,3,4
16,21,,,,,,,,9,10,1,2,11,12,4,3,8,7,,,5,6
16,22,,,,,,,,7,8,1,4,9,10,2,3,,,11,12,5,6
16,23,,,,,,,,3,4,1,2,13,14,9,10,11,12,7,8,5,6
16,24,,,,,,,,,,1,2,11,12,3,4,7,8,9,10,5,6
16,25,,,,,,,,9,10,1,4,7,8,5,6,11,12,,,2,3
16,26,,,,,,,,9,10,1,3,7,8,2,6,11,12,13,14,4,5
16,27,,,,,,,,7,8,1,4,9,10,2,5,11,12,13,14,3,6
16,28,,,,,,,,9,10,1,3,5,7,2,4,11,12,13,14,6,8
16,29,,,,,,,,11,12,1,4,8,9,2,3,14,13,10,7,5,6
16,30,,,,,,,,9,10,1,2,7,8,5,6,12,11,,,3,4
16,31,,,,,,,,5,6,1,4,9,10,2,3,11,12,14,13,8,7
16,32,,,,,,,,5,6,1,3,9,10,7,8,11,12,,,2,4
16,33,,,,,,,,7,8,1,2,9,10,5,6,11,12,13,14,3,4
16,34,,,,,,,,9,10,1,2,7,8,5,6,11,12,13,14,3,4
16,35,,,,,,,,9,10,1,5,11,12,3,6,7,8,,,2,4
16,36,,,,,,,,9,10,1,2,7,8,6,5,12,11,14,13,3,4
16,37,,,,,,,,12,11,1,2,10,9,6,5,8,7,14,13,3,4
16,38,,,,,,,,5,6,1,4,7,9,8,10,14,12,11,13,2,3
16,39,,,,,,,,7,8,1,2,11,12,5,6,13,14,9,10,3,4
16,40,,,,,,,,10,12,1,4,7,8,2,3,13,14,9,11,5,6
16,41,,,,,,,,11,12,1,3,,,2,4,5,6,9,10,7,8
16,42,,,,,,,,7,8,1,4,9,10,2,3,11,12,13,14,5,6
16,43,,,,,,,,9,10,1,4,7,8,2,6,11,12,,,3,5
16,44,,,,,,,,13,14,1,5,9,10,2,6,11,12,7,8,3,4
16,45,,,,,,,,9,10,1,4,11,14,2,3,12,13,7,8,5,6
16,46,,,,,,,,7,8,1,3,11,12,2,4,9,10,13,14,5,6
16,47,,,,,,,,9,10,1,3,6,7,5,8,13,14,11,12,2,4
16,48,,,,,,,,9,10,1,4,7,8,5,6,11,12,13,14,2,3
16,49,,,,,,,,7,8,1,2,11,12,6,5,9,10,,,3,4
16,50,,,,,,,,7,8,1,3,9,10,2,6,11,12,13,14,4,5
17,1,4,1,6,3,5,7,2,,,,,,,,,,,,,,
17,2,7,1,3,2,6,5,4,,,,,,,,,,,,,,
17,3,7,1,4,2,5,6,3,,,,,,,,,,,,,,
17,4,6,1,4,2,7,5,3,,,,,,,,,,,,,,
17,5,4,1,5,2,7,6,3,,,,,,,,,,,,,,
17,6,4,1,3,5,6,,2,,,,,,,,,,,,,,
17,7,5,1,4,3,6,,2,,,,,,,,,,,,,,
17,8,5,1,6,2,3,7,4,,,,,,,,,,,,,,
17,9,7,2,1,5,6,3,4,,,,,,,,,,,,,,
17,10,5,3,1,6,2,4,,,,,,,,,,,,,,,
17,11,4,5,1,6,,2,3,,,,,,,,,,,,,,
17,12,6,3,1,4,,5,2,,,,,,,,,,,,,,
17,13,5,4,1,7,3,2,6,,,,,,,,,,,,,,
17,14,5,7,1,3,2,4,6,,,,,,,,,,,,,,
17,15,3,5,1,4,6,,2,,,,,,,,,,,,,,
17,16,3,2,1,5,6,7,4,,,,,,,,,,,,,,
17,17,4,5,1,3,6,,2,,,,,,,,,,,,,,
17,18,3,2,1,4,6,5,7,,,,,,,,,,,,,,
17,19,3,4,1,2,6,5,5,,,,,,,,,,,,,,
17,20,4,3,1,2,5,6,,,,,,,,,,,,,,,
17,21,5,2,1,3,6,,4,,,,,,,,,,,,,,
17,22,3,2,1,5,6,7,4,,,,,,,,,,,,,,
17,23,5,3,1,4,,6,2,,,,,,,,,,,,,,
17,24,6,2,1,3,5,7,4,,,,,,,,,,,,,,
17,25,3,2,4,5,6,1,7,,,,,,,,,,,,,,
17,26,2,4,6,5,7,1,3,,,,,,,,,,,,,,
17,27,5,2,4,6,3,1,,,,,,,,,,,,,,,
17,28,7,3,5,4,2,1,6,,,,,,,,,,,,,,
17,29,3,2,4,6,,1,5,,,,,,,,,,,,,,
17,30,4,2,3,7,5,1,6,,,,,,,,,,,,,,
17,31,4,2,6,,1,3,5,,,,,,,,,,,,,,
17,32,7,2,4,3,1,6,5,,,,,,,,,,,,,,
17,33,5,2,6,4,1,3,,,,,,,,,,,,,,,
17,34,7,2,4,3,1,5,6,,,,,,,,,,,,,,
17,35,,4,3,5,1,2,6,,,,,,,,,,,,,,
17,36,2,6,3,5,1,4,7,,,,,,,,,,,,,,
17,37,,4,5,2,1,6,3,,,,,,,,,,,,,,
17,38,1,7,2,3,6,5,4,,,,,,,,,,,,,,
17,39,1,3,5,2,6,,4,,,,,,,,,,,,,,
17,40,1,2,3,4,5,6,7,,,,,,,,,,,,,,
17,41,1,3,2,,4,5,6,,,,,,,,,,,,,,
17,42,1,2,4,3,6,7,5,,,,,,,,,,,,,,
17,43,1,2,6,4,,5,3,,,,,,,,,,,,,,
17,44,1,2,6,4,,5,3,,,,,,,,,,,,,,
17,45,1,3,5,4,6,7,2,,,,,,,,,,,,,,
17,46,1,2,3,5,7,6,4,,,,,,,,,,,,,,
17,47,1,2,3,5,4,6,7,,,,,,,,,,,,,,
17,48,1,7,4,6,3,5,2,,,,,,,,,,,,,,
17,49,1,3,,4,2,7,,,,,,,,,,,,,,,
17,50,1,3,2,4,5,6,7,,,,,,,,,,,,,,
18,1,,,,,,,,11,10,1,3,9,8,2,4,6,7,13,12,14,5
18,2,,,,,,,,7,8,1,2,9,10,5,6,11,12,13,14,3,4
18,3,,,,,,,,13,14,1,2,7,8,3,6,9,10,11,12,4,5
18,4,,,,,,,,11,12,1,2,7,8,5,6,13,14,9,10,3,4
18,5,,,,,,,,4,3,1,2,9,10,11,12,,,5,6,7,8
18,6,,,,,,,,7,8,1,2,9,10,5,6,,,11,12,3,4
18,7,,,,,,,,5,6,1,2,3,4,8,7,13,14,9,10,11,12
18,8,,,,,,,,9,10,1,2,7,8,5,6,11,12,,,3,4
18,9,,,,,,,,9,10,1,3,7,8,2,5,11,12,,,4,6
18,10,,,,,,,,9,12,1,2,10,13,4,6,7,8,11,14,3,5
18,11,,,,,,,,7,8,1,4,9,10,2,3,,,11,12,5,6
18,12,,,,,,,,9,10,1,2,6,5,7,8,3,4,12,13,11,14
18,13,,,,,,,,7,8,1,2,,11,5,6,9,10,,12,3,4
18,14,,,,,,,,7,8,1,2,9,10,3,4,11,12,,,5,6
18,16,,,,,,,,6,8,1,2,5,7,9,10,13,14,11,12,3,4
18,17,,,,,,,,7,8,1,3,9,10,2,4,,,11,12,5,6
18,18,,,,,,,,5,6,1,2,7,8,9,10,12,11,14,13,3,4
18,19,,,,,,,,7,8,1,2,9,10,5,6,13,14,11,12,3,4
18,20,,,,,,,,7,8,1,3,11,12,2,6,,,9,10,4,5
18,21,,,,,,,,7,8,1,2,10,9,3,6,,12,11,,4,5
18,22,,,,,,,,6,,1,8,4,10,2,9,5,11,7,,3,12
18,23,,,,,,,,,,1,4,9,11,2,5,3,6,10,12,7,8
18,24,,,,,,,,7,8,1,4,9,10,2,5,13,14,11,12,3,6
18,26,,,,,,,,7,8,1,2,9,10,3,4,13,14,11,12,5,6
18,27,,,,,,,,7,9,1,4,11,12,2,6,13,14,8,10,3,5
18,28,,,,,,,,7,8,1,2,9,10,3,4,11,12,13,14,5,6
18,30,,,,,,,,5,6,1,2,9,10,7,8,,,11,12,3,4
18,31,,,,,,,,7,8,1,2,9,10,3,4,11,12,,,5,6
18,32,,,,,,,,9,10,1,5,7,8,2,6,,,11,12,3,4
18,33,,,,,,,,9,10,1,5,7,8,2,6,11,12,,,3,4
18,34,,,,,,,,7,8,1,5,9,10,2,4,11,,12,,3,6
18,35,,,,,,,,7,8,2,1,9,10,6,5,,,12,11,4,3
18,36,,,,,,,,9,10,1,4,7,8,5,6,14,13,11,12,2,3
18,37,,,,,,,,9,10,1,4,7,8,5,6,12,11,14,13,2,3
18,38,,,,,,,,9,10,1,7,4,8,3,6,11,12,13,14,2,5
18,39,,,,,,,,7,8,1,2,9,10,3,4,11,12,13,14,5,6
18,40,,,,,,,,5,7,1,8,4,6,9,10,14,13,11,12,2,3
18,41,,,,,,,,10,9,1,2,8,7,3,4,14,13,12,11,5,6
18,42,,,,,,,,,11,1,2,12,,3,4,5,6,9,10,7,8
18,43,,,,,,,,,,1,2,9,10,3,4,11,12,7,8,5,6
18,44,,,,,,,,,,1,4,7,8,2,6,12,11,9,10,3,5
18,45,,,,,,,,7,8,1,2,9,10,3,4,11,12,13,14,5,6
18,46,,,,,,,,7,8,1,3,9,10,2,4,,,11,12,5,6
18,47,,,,,,,,3,4,1,2,9,10,5,6,7,8,,,11,12
18,48,,,,,,,,10,9,2,1,8,7,4,3,12,11,14,13,6,5
18,49,,,,,,,,9,11,2,1,5,6,7,8,13,14,10,12,3,4
18,50,,,,,,,,9,10,1,4,7,8,2,3,11,12,13,,5,6
19,1,,,,,,,,7,8,1,6,9,10,2,5,13,14,11,12,3,4
19,2,,,,,,,,11,12,1,6,7,8,2,5,13,14,9,10,3,4
19,3,,,,,,,,,,1,3,12,11,2,4,7,8,9,10,5,6
19,4,,,,,,,,7,8,1,2,,,5,6,11,12,9,10,3,4
19,5,,,,,,,,5,6,1,4,10,9,7,8,14,13,12,11,2,3
19,6,,,,,,,,5,6,1,2,7,8,9,10,11,12,,,3,4
19,7,,,,,,,,7,8,1,2,9,10,11,12,,,3,6,4,5
19,8,,,,,,,,3,4,1,2,9,10,7,8,12,11,14,13,5,6
19,9,,,,,,,,7,8,1,3,9,10,2,4,13,14,11,12,5,6
19,10,,,,,,,,7,8,1,4,12,11,5,6,14,13,10,9,2,3
19,11,,,,,,,,11,12,1,2,9,10,6,5,3,4,7,8,,
19,12,,,,,,,,9,10,1,6,4,8,2,5,11,12,13,14,3,7
19,13,,,,,,,,7,8,1,2,9,10,5,6,,,11,12,3,4
19,14,,,,,,,,13,14,1,3,9,10,5,6,11,12,7,8,2,4
19,15,,,,,,,,7,8,1,2,9,10,3,4,,,11,12,5,6
19,16,,,,,,,,7,8,1,4,10,9,2,3,,,11,12,5,6
19,17,,,,,,,,10,11,1,3,12,9,2,8,13,14,4,7,5,6
19,18,,,,,,,,9,10,1,5,7,8,2,6,11,12,13,14,3,4
19,19,,,,,,,,,,1,4,7,8,5,6,9,10,11,12,2,3
19,20,,,,,,,,10,9,1,4,7,8,2,5,14,13,11,12,3,6
19,21,,,,,,,,3,5,1,2,9,10,7,8,11,12,13,14,4,6
19,22,,,,,,,,11,12,1,2,7,8,3,4,9,10,14,13,5,6
19,23,,,,,,,,8,12,1,4,11,,3,6,9,10,7,,2,5
19,24,,,,,,,,11,12,1,2,13,14,5,6,7,8,9,10,3,4
19,25,,,,,,,,7,8,1,4,,,2,6,9,10,12,11,3,5
19,26,,,,,,,,11,12,1,6,13,14,2,3,8,9,7,10,4,5
19,27,1,2,3,4,5,6,,,,1,2,2,4,3,5,4,6,5,5,6,
19,28,,,,,,,,8,7,1,2,5,6,9,10,14,13,12,11,3,4
19,29,,,,,,,,11,12,1,4,7,8,3,6,9,10,,,2,5
19,30,,,,,,,,8,7,1,6,10,9,4,5,14,13,12,11,2,3
19,31,,,,,,,,4,5,1,2,11,12,3,6,7,8,13,14,9,10
19,32,,,,,,,,11,12,1,6,7,8,2,3,9,10,13,14,4,5
19,33,,,,,,,,9,10,1,5,6,7,2,8,,,11,12,3,4
19,34,,,,,,,,9,10,1,4,6,8,5,7,11,12,,,2,3
19,35,,,,,,,,8,7,1,4,6,10,2,9,11,12,,,5,3
19,36,,,,,,,,9,10,1,4,7,8,3,6,,,11,12,2,5
19,37,,,,,,,,9,10,1,2,11,,3,4,7,8,12,,5,6
19,38,,,,,,,,7,8,1,4,9,10,5,6,12,13,11,14,2,3
19,39,,,,,,,,9,10,1,6,,,2,5,7,8,11,12,3,4
19,40,,,,,,,,8,9,1,3,6,7,2,10,13,14,11,12,4,5
19,41,,,,,,,,12,,1,3,8,9,2,4,10,11,7,,5,6
19,42,,,,,,,,11,12,1,6,13,14,2,3,8,7,10,9,4,5
19,43,,,,,,,,5,6,1,3,12,11,2,4,14,13,9,10,7,8
19,44,,,,,,,,7,8,1,5,9,11,2,4,13,14,10,12,3,6
19,45,4,1,5,3,7,6,2,9,10,1,2,7,8,5,6,13,14,11,12,3,4
19,46,6,1,4,3,7,5,2,11,12,1,2,7,8,5,6,14,13,9,10,4,3
19,47,,,,,,,,5,6,1,3,7,8,2,4,13,14,11,12,9,10
19,48,,,,,,,,7,8,1,3,9,10,2,4,14,13,11,12,5,6
19,49,,,,,,,,9,10,1,2,7,8,3,4,13,14,11,12,5,6
19,50,,,,,,,,9,10,1,3,7,8,2,4,11,12,13,14,5,6
20,1,5,2,4,3,6,,1,,,,,,,,,,,,,,
20,2,5,2,4,3,7,6,1,,,,,,,,,,,,,,
20,3,4,2,3,5,6,,1,,,,,,,,,,,,,,
20,4,5,3,4,2,6,7,1,,,,,,,,,,,,,,
20,5,4,2,5,3,6,,1,,,,,,,,,,,,,,
20,6,2,3,4,5,6,7,1,,,,,,,,,,,,,,
20,7,,3,2,4,5,6,1,,,,,,,,,,,,,,
20,8,5,3,2,4,,6,1,,,,,,,,,,,,,,
20,9,3,2,4,5,6,,1,,,,,,,,,,,,,,
20,10,5,4,2,3,7,6,1,,,,,,,,,,,,,,
20,11,4,2,3,5,6,7,1,,,,,,,,,,,,,,
20,12,,2,4,3,5,6,1,,,,,,,,,,,,,,
20,13,5,3,4,2,6,,1,,,,,,,,,,,,,,
20,14,4,2,6,3,5,,1,,,,,,,,,,,,,,
20,15,4,2,6,3,7,5,1,,,,,,,,,,,,,,
20,16,5,3,4,2,7,6,1,,,,,,,,,,,,,,
20,17,4,2,5,3,6,,1,,,,,,,,,,,,,,
20,18,,2,4,3,5,6,1,,,,,,,,,,,,,,
20,19,5,2,4,3,6,7,1,,,,,,,,,,,,,,
20,20,4,2,5,3,7,6,1,,,,,,,,,,,,,,
20,21,2,3,5,4,6,,1,,,,,,,,,,,,,,
20,22,3,2,,6,5,4,1,,,,,,,,,,,,,,
20,23,2,3,5,6,7,4,1,,,,,,,,,,,,,,
20,24,3,2,4,6,7,5,1,,,,,,,,,,,,,,
20,25,2,5,6,,3,4,1,,,,,,,,,,,,,,
20,26,4,2,5,3,6,7,1,,,,,,,,,,,,,,
20,27,4,3,5,2,6,7,1,,,,,,,,,,,,,,
20,28,5,3,6,2,4,,1,,,,,,,,,,,,,,
20,29,4,2,3,5,6,,1,,,,,,,,,,,,,,
20,30,5,3,2,4,6,7,1,,,,,,,,,,,,,,
20,31,5,2,4,3,,6,1,,,,,,,,,,,,,,
20,32,4,2,3,5,6,,1,,,,,,,,,,,,,,
20,33,2,5,4,3,7,6,1,,,,,,,,,,,,,,
20,34,4,2,3,5,6,,1,,,,,,,,,,,,,,
20,35,4,2,3,5,6,,1,,,,,,,,,,,,,,
20,36,6,3,5,2,7,4,1,,,,,,,,,,,,,,
20,37,4,5,2,3,,6,1,,,,,,,,,,,,,,
20,38,5,3,6,2,,4,1,,,,,,,,,,,,,,
20,39,4,2,3,5,7,6,1,,,,,,,,,,,,,,
20,40,4,2,3,5,6,,1,,,,,,,,,,,,,,
20,41,3,2,4,6,,5,1,,,,,,,,,,,,,,
20,42,4,3,5,2,7,6,1,,,,,,,,,,,,,,
20,43,5,2,3,4,7,6,1,,,,,,,,,,,,,,
20,44,4,2,5,3,,6,1,,,,,,,,,,,,,,
20,45,3,2,5,4,7,6,1,,,,,,,,,,,,,,
20,46,4,3,6,2,7,5,1,,,,,,,,,,,,,,
20,47,4,2,3,5,6,7,1,,,,,,,,,,,,,,
20,48,4,2,3,5,6,7,1,,,,,,,,,,,,,,
20,49,2,3,6,4,7,5,1,,,,,,,,,,,,,,
20,50,4,5,3,2,,6,1,,,,,,,,,,,,,,
21,1,4,1,6,2,5,7,3,,,,,,,,,,,,,,
21,2,5,1,,2,4,6,3,,,,,,,,,,,,,,
21,3,5,1,6,2,4,,3,,,,,,,,,,,,,,
21,4,4,1,5,3,7,6,2,,,,,,,,,,,,,,
21,5,7,1,3,5,6,4,2,,,,,,,,,,,,,,
21,6,,1,4,5,2,3,6,,,,,,,,,,,,,,
21,7,5,1,4,3,7,6,2,,,,,,,,,,,,,,
21,8,4,1,5,3,6,,2,,,,,,,,,,,,,,
21,9,5,1,4,6,2,3,,,,,,,,,,,,,,,
21,10,6,1,4,2,5,7,3,,,,,,,,,,,,,,
21,11,6,1,5,2,7,4,3,,,,,,,,,,,,,,
21,12,4,1,5,2,6,,3,,,,,,,,,,,,,,
21,13,5,1,6,2,3,,4,,,,,,,,,,,,,,
21,14,4,1,7,2,6,5,3,,,,,,,,,,,,,,
21,15,4,1,5,2,6,,3,,,,,,,,,,,,,,
21,16,5,1,4,2,7,6,3,,,,,,,,,,,,,,
21,17,4,1,6,2,5,7,3,,,,,,,,,,,,,,
21,18,4,1,3,5,6,,2,,,,,,,,,,,,,,
21,19,6,1,5,2,4,,3,,,,,,,,,,,,,,
21,20,4,1,5,3,7,6,2,,,,,,,,,,,,,,
21,21,6,1,4,3,5,7,2,,,,,,,,,,,,,,
21,22,5,1,6,3,4,,2,,,,,,,,,,,,,,
21,23,4,1,6,2,7,5,3,,,,,,,,,,,,,,
21,24,5,1,4,3,6,7,2,,,,,,,,,,,,,,
21,25,5,1,,3,2,6,4,,,,,,,,,,,,,,
21,26,4,1,5,2,6,7,3,,,,,,,,,,,,,,
21,27,6,1,5,3,4,7,2,,,,,,,,,,,,,,
21,28,4,1,3,5,6,,2,,,,,,,,,,,,,,
21,29,3,1,4,2,7,6,5,,,,,,,,,,,,,,
21,30,5,1,4,2,6,,3,,,,,,,,,,,,,,
21,31,5,1,6,2,4,7,3,,,,,,,,,,,,,,
21,32,5,1,4,3,6,7,2,,,,,,,,,,,,,,
21,33,3,1,4,5,7,6,2,,,,,,,,,,,,,,
21,34,5,1,3,4,6,6,2,,,,,,,,,,,,,,
21,35,5,1,3,4,6,7,2,,,,,,,,,,,,,,
21,36,,1,4,2,6,5,3,,,,,,,,,,,,,,
21,37,6,1,5,2,,4,3,,,,,,,,,,,,,,
21,38,3,1,4,5,6,,2,,,,,,,,,,,,,,
21,39,4,1,5,2,,6,3,,,,,,,,,,,,,,
21,40,4,1,3,5,6,,2,,,,,,,,,,,,,,
21,41,5,1,4,2,6,7,3,,,,,,,,,,,,,,
21,42,5,1,4,2,6,7,3,,,,,,,,,,,,,,
21,43,4,1,3,5,6,,2,,,,,,,,,,,,,,
21,44,4,1,5,2,,6,3,,,,,,,,,,,,,,
21,45,6,1,4,3,,5,2,,,,,,,,,,,,,,
21,46,,1,5,2,4,6,3,,,,,,,,,,,,,,
21,47,4,1,5,2,6,7,3,,,,,,,,,,,,,,
21,48,7,1,5,3,6,4,2,,,,,,,,,,,,,,
21,49,6,1,4,2,,5,3,,,,,,,,,,,,,,
21,50,5,1,7,2,4,6,3,,,,,,,,,,,,,,
22,1,,1,4,2,5,6,3,,,,,,,,,,,,,,
22,2,5,1,3,2,7,6,4,,,,,,,,,,,,,,
22,3,3,1,5,2,6,7,4,,,,,,,,,,,,,,
22,4,5,1,4,2,7,6,3,,,,,,,,,,,,,,
22,5,7,1,4,2,5,6,3,,,,,,,,,,,,,,
22,6,,1,4,3,5,6,2,,,,,,,,,,,,,,
22,7,4,1,5,2,7,6,3,,,,,,,,,,,,,,
22,8,,1,4,3,6,5,2,,,,,,,,,,,,,,
22,9,6,1,4,2,3,5,,,,,,,,,,,,,,,
22,10,6,1,4,3,2,5,,,,,,,,,,,,,,,
22,11,,1,4,2,3,6,5,,,,,,,,,,,,,,
22,12,6,1,5,3,7,4,2,,,,,,,,,,,,,,
22,13,,1,6,2,5,4,3,,,,,,,,,,,,,,
22,14,6,1,7,3,4,5,2,,,,,,,,,,,,,,
22,15,6,1,5,3,2,4,7,,,,,,,,,,,,,,
22,16,2,1,3,4,5,6,,,,,,,,,,,,,,,
22,17,5,1,4,2,6,7,3,,,,,,,,,,,,,,
22,18,5,1,4,3,6,7,2,,,,,,,,,,,,,,
22,19,5,1,4,2,,6,3,,,,,,,,,,,,,,
22,20,3,1,5,4,6,7,2,,,,,,,,,,,,,,
22,21,5,1,7,2,4,6,3,,,,,,,,,,,,,,
22,22,4,1,6,2,,5,3,,,,,,,,,,,,,,
22,23,,1,5,2,3,6,4,,,,,,,,,,,,,,
22,24,5,1,7,2,4,6,3,,,,,,,,,,,,,,
22,25,4,1,3,5,6,,2,,,,,,,,,,,,,,
22,26,5,1,4,2,7,6,3,,,,,,,,,,,,,,
22,27,6,1,5,2,4,,3,,,,,,,,,,,,,,
22,28,4,1,,3,6,5,2,,,,,,,,,,,,,,
22,29,5,1,4,2,6,,3,,,,,,,,,,,,,,
22,30,4,1,6,2,7,5,3,,,,,,,,,,,,,,
22,31,5,1,4,6,,3,2,,,,,,,,,,,,,,
22,32,5,1,6,3,2,,4,,,,,,,,,,,,,,
22,33,4,1,3,5,6,,2,,,,,,,,,,,,,,
22,34,4,1,5,2,,6,3,,,,,,,,,,,,,,
22,35,5,1,3,4,7,6,2,,,,,,,,,,,,,,
22,36,,1,6,3,2,5,4,,,,,,,,,,,,,,
22,37,5,1,4,3,6,,2,,,,,,,,,,,,,,
22,38,6,1,7,2,3,4,5,,,,,,,,,,,,,,
22,39,5,1,4,3,6,7,2,,,,,,,,,,,,,,
22,40,4,1,5,2,,6,3,,,,,,,,,,,,,,
22,41,6,1,5,2,3,,4,,,,,,,,,,,,,,
22,42,5,1,,2,4,6,3,,,,,,,,,,,,,,
22,43,4,1,5,2,7,6,3,,,,,,,,,,,,,,
22,44,,1,4,2,6,5,3,,,,,,,,,,,,,,
22,45,4,1,2,5,6,3,7,,,,,,,,,,,,,,
22,46,5,1,4,3,7,6,2,,,,,,,,,,,,,,
22,47,3,1,4,2,7,5,6,,,,,,,,,,,,,,
22,48,5,1,4,2,6,,3,,,,,,,,,,,,,,
22,49,4,1,5,2,6,7,3,,,,,,,,,,,,,,
22,50,6,1,3,2,7,4,5,,,,,,,,,,,,,,
23,1,6,1,5,3,4,,2,,,,,,,,,,,,,,
23,2,5,1,6,2,4,7,3,,,,,,,,,,,,,,
23,3,3,1,6,2,7,5,4,,,,,,,,,,,,,,
23,4,6,1,4,2,5,,3,,,,,,,,,,,,,,
23,5,4,1,5,2,7,6,3,,,,,,,,,,,,,,
23,6,4,1,5,2,6,,3,,,,,,,,,,,,,,
23,7,4,1,3,5,6,7,2,,,,,,,,,,,,,,
23,8,,1,4,3,6,5,2,,,,,,,,,,,,,,
23,9,5,1,4,3,7,6,2,,,,,,,,,,,,,,
23,10,5,1,3,4,7,6,2,,,,,,,,,,,,,,
23,11,4,1,7,2,5,6,3,,,,,,,,,,,,,,
23,12,3,1,4,5,7,6,2,,,,,,,,,,,,,,
23,13,6,1,5,4,2,7,3,,,,,,,,,,,,,,
23,14,5,1,6,2,4,7,3,,,,,,,,,,,,,,
23,15,,1,4,6,2,5,3,,,,,,,,,,,,,,
23,16,6,1,4,2,7,5,3,,,,,,,,,,,,,,
23,17,4,1,5,2,7,6,3,,,,,,,,,,,,,,
23,18,3,1,4,5,7,6,2,,,,,,,,,,,,,,
23,19,2,1,7,3,6,5,4,,,,,,,,,,,,,,
23,20,3,1,4,6,7,5,2,,,,,,,,,,,,,,
23,21,5,1,4,2,7,6,3,,,,,,,,,,,,,,
23,22,4,1,5,3,6,,2,,,,,,,,,,,,,,
23,23,2,1,3,4,5,,6,,,1,2,5,6,3,4,7,8,9,10,11,12
23,24,4,1,3,5,6,7,2,,,,,,,,,,,,,,
23,25,5,1,6,3,2,,4,,,,,,,,,,,,,,
23,26,6,1,5,2,4,7,3,,,,,,,,,,,,,,
23,27,4,1,5,2,7,6,3,,,,,,,,,,,,,,
23,28,6,1,5,3,4,,2,,,,,,,,,,,,,,
23,29,4,1,5,2,3,,6,,,,,,,,,,,,,,
23,30,6,1,5,2,4,7,3,,,,,,,,,,,,,,
23,31,4,1,5,2,7,6,3,,,,,,,,,,,,,,
23,32,7,1,3,2,6,4,5,,,,,,,,,,,,,,
23,33,4,1,3,5,6,7,2,,,,,,,,,,,,,,
23,34,4,1,3,5,7,6,2,,,,,,,,,,,,,,
23,35,4,1,5,2,6,,3,,,,,,,,,,,,,,
23,36,5,1,4,2,7,6,3,,,,,,,,,,,,,,
23,37,6,1,4,2,5,7,3,,,,,,,,,,,,,,
23,38,4,1,5,3,7,6,2,,,,,,,,,,,,,,
23,39,4,1,5,2,6,7,3,,,,,,,,,,,,,,
23,40,4,1,3,2,6,5,7,,,,,,,,,,,,,,
23,41,,1,4,3,6,5,2,,,,,,,,,,,,,,
23,42,7,1,6,3,4,5,2,,,,,,,,,,,,,,
23,43,,1,4,3,5,6,2,,,,,,,,,,,,,,
23,44,,1,6,2,5,4,3,,,,,,,,,,,,,,
23,45,6,1,3,,5,2,4,,,,,,,,,,,,,,
23,46,6,1,5,3,4,,2,,,,,,,,,,,,,,
23,47,2,1,3,4,5,6,7,,,,,,,,,,,,,,
23,48,6,1,5,3,4,,2,,,,,,,,,,,,,,
23,49,3,1,4,6,7,5,2,,,,,,,,,,,,,,
23,50,4,1,6,2,5,7,3,,,,,,,,,,,,,,
24,1,4,1,,2,6,5,3,,,,,,,,,,,,,,
24,2,7,1,5,2,3,6,4,,,,,,,,,,,,,,
24,3,4,1,6,3,7,5,2,,,,,,,,,,,,,,
24,4,5,1,4,2,6,,3,,,,,,,,,,,,,,
24,5,5,1,6,2,7,4,3,,,,,,,,,,,,,,
24,6,4,1,5,2,6,7,3,,,,,,,,,,,,,,
24,7,7,1,4,3,5,6,2,,,,,,,,,,,,,,
24,8,,1,5,2,3,6,4,,,,,,,,,,,,,,
24,9,5,1,4,2,7,6,3,,,,,,,,,,,,,,
24,10,6,1,5,4,3,7,2,,,,,,,,,,,,,,
24,11,5,1,6,3,4,,2,,,,,,,,,,,,,,
24,12,5,1,6,2,4,7,3,,,,,,,,,,,,,,
24,13,6,1,4,3,5,,2,,,,,,,,,,,,,,
24,14,5,1,2,3,6,4,7,,,,,,,,,,,,,,
24,15,,1,5,2,4,6,3,,,,,,,,,,,,,,
24,16,2,1,,4,6,5,3,,,,,,,,,,,,,,
24,17,2,1,5,3,6,7,4,,,,,,,,,,,,,,
24,18,4,1,5,3,6,,2,,,,,,,,,,,,,,
24,19,6,1,4,3,5,7,2,,,,,,,,,,,,,,
24,20,,1,6,2,3,5,4,,,,,,,,,,,,,,
24,21,4,1,5,2,7,6,3,,,,,,,,,,,,,,
24,22,4,1,5,3,6,7,2,,,,,,,,,,,,,,
24,23,6,1,4,2,5,7,3,,,,,,,,,,,,,,
24,24,6,1,4,2,5,7,3,,,,,,,,,,,,,,
24,25,5,1,6,3,4,,2,,,,,,,,,,,,,,
24,26,4,1,6,5,2,,3,,,,,,,,,,,,,,
24,27,4,1,5,2,,6,3,,,,,,,,,,,,,,
24,28,5,1,6,2,4,7,3,,,,,,,,,,,,,,
24,29,4,1,3,5,6,,2,,,,,,,,,,,,,,
24,30,4,1,3,5,6,,2,,,,,,,,,,,,,,
24,31,4,1,6,2,5,7,3,,,,,,,,,,,,,,
24,32,5,1,6,2,4,7,3,,,,,,,,,,,,,,
24,33,4,1,6,3,5,7,2,,,,,,,,,,,,,,
24,34,2,1,4,6,,3,5,,,,,,,,,,,,,,
24,35,4,1,7,2,5,6,3,,,,,,,,,,,,,,
24,36,6,1,5,3,4,,2,,,,,,,,,,,,,,
24,37,4,1,5,2,6,,3,,,,,,,,,,,,,,
24,38,5,1,4,3,6,7,2,,,,,,,,,,,,,,
24,39,5,1,7,2,3,6,4,,,,,,,,,,,,,,
24,40,4,1,5,2,3,6,7,,,,,,,,,,,,,,
24,41,6,1,,2,3,5,4,,,,,,,,,,,,,,
24,42,4,1,5,3,7,6,2,,,,,,,,,,,,,,
24,43,3,1,5,2,4,6,7,,,,,,,,,,,,,,
24,44,4,1,,3,6,5,2,,,,,,,,,,,,,,
24,45,5,1,4,2,6,,3,,,,,,,,,,,,,,
24,46,5,1,7,2,4,6,3,,,,,,,,,,,,,,
24,47,6,1,4,2,7,5,3,,,,,,,,,,,,,,
24,48,5,1,4,2,6,7,3,,,,,,,,,,,,,,
24,49,4,1,2,6,7,5,3,,,,,,,,,,,,,,
24,50,6,1,5,3,4,,2,,,,,,,,,,,,,,
25,1,5,1,4,3,6,,2,,,,,,,,,,,,,,
25,2,5,1,4,3,7,6,2,,,,,,,,,,,,,,
25,3,6,1,7,2,4,5,3,,,,,,,,,,,,,,
25,4,3,1,2,7,6,5,4,,,,,,,,,,,,,,
25,5,5,1,3,4,6,7,2,,,,,,,,,,,,,,
25,6,4,1,5,2,6,7,3,,,,,,,,,,,,,,
25,7,5,1,6,2,3,,4,,,,,,,,,,,,,,
25,8,5,1,4,3,7,6,2,,,,,,,,,,,,,,
25,9,4,1,5,2,6,,3,,,,,,,,,,,,,,
25,10,4,1,6,2,,5,3,,,,,,,,,,,,,,
25,11,4,1,4,3,5,6,2,,,,,,,,,,,,,,
25,12,5,1,4,3,6,,2,,,,,,,,,,,,,,
25,13,5,1,4,2,6,,3,,,,,,,,,,,,,,
25,14,4,1,5,2,,6,3,,,,,,,,,,,,,,
25,15,4,1,6,2,5,7,3,,,,,,,,,,,,,,
25,16,5,1,4,3,6,,2,,,,,,,,,,,,,,
25,17,4,1,6,2,7,5,3,,,,,,,,,,,,,,
25,18,4,1,6,3,5,7,2,,,,,,,,,,,,,,
25,19,2,1,3,5,7,6,4,,,,,,,,,,,,,,
25,20,5,1,4,3,,6,2,,,,,,,,,,,,,,
25,21,4,1,7,3,6,5,2,,,,,,,,,,,,,,
25,22,5,1,4,2,7,6,3,,,,,,,,,,,,,,
25,23,4,1,6,3,5,7,2,,,,,,,,,,,,,,
25,24,5,1,6,2,4,7,3,,,,,,,,,,,,,,
25,25,4,1,5,2,6,,3,,,,,,,,,,,,,,
25,26,3,1,5,2,7,6,4,,,,,,,,,,,,,,
25,27,4,1,5,3,7,6,2,,,,,,,,,,,,,,
25,28,5,1,4,2,,6,3,,,,,,,,,,,,,,
25,29,7,1,5,3,4,6,2,,,,,,,,,,,,,,
25,30,5,1,6,3,4,,2,,,,,,,,,,,,,,
25,31,2,1,3,4,,6,5,,,,,,,,,,,,,,
25,32,,1,6,2,4,5,3,,,,,,,,,,,,,,
25,33,4,1,3,7,2,5,6,,,,,,,,,,,,,,
25,34,6,1,4,3,5,7,2,,,,,,,,,,,,,,
25,35,5,1,6,2,4,7,3,,,,,,,,,,,,,,
25,36,5,1,2,3,,4,6,,,,,,,,,,,,,,
25,37,6,1,4,2,7,5,3,,,,,,,,,,,,,,
25,38,4,1,6,3,,5,2,,,,,,,,,,,,,,
25,39,4,1,6,2,5,7,3,,,,,,,,,,,,,,
25,40,,1,5,2,3,6,4,,,,,,,,,,,,,,
25,41,5,1,4,2,6,,3,,,,,,,,,,,,,,
25,42,3,1,4,2,6,,5,,,,,,,,,,,,,,
25,43,3,1,5,2,7,6,4,,,,,,,,,,,,,,
25,44,,1,5,2,6,4,3,,,,,,,,,,,,,,
25,45,6,1,5,2,3,,4,,,,,,,,,,,,,,
25,46,5,1,7,3,4,6,2,,,,,,,,,,,,,,
25,47,3,1,4,,2,5,6,,,,,,,,,,,,,,
25,48,4,1,5,3,6,7,2,,,,,,,,,,,,,,
25,49,5,1,3,4,6,7,2,,,,,,,,,,,,,,
25,50,7,1,2,5,6,3,4,,,,,,,,,,,,,,
26,1,5,1,4,2,6,,3,,,,,,,,,,,,,,
26,2,4,1,5,2,6,,3,,,,,,,,,,,,,,
26,3,4,1,5,6,2,3,,,,,,,,,,,,,,,
26,4,4,1,3,2,,6,5,,,,,,,,,,,,,,
26,5,4,1,2,3,,6,5,,,,,,,,,,,,,,
26,6,5,1,3,7,2,4,6,,,,,,,,,,,,,,
26,7,5,1,4,3,7,6,2,,,,,,,,,,,,,,
26,8,6,1,5,2,4,7,3,,,,,,,,,,,,,,
26,9,5,1,6,2,4,7,3,,,,,,,,,,,,,,
26,10,4,1,5,2,7,6,3,,,,,,,,,,,,,,
26,11,5,1,4,2,7,6,3,,,,,,,,,,,,,,
26,12,4,1,6,2,5,7,3,,,,,,,,,,,,,,
26,13,3,1,5,4,7,6,2,,,,,,,,,,,,,,
26,14,4,1,6,2,5,7,3,,,,,,,,,,,,,,
26,15,5,1,6,2,4,7,3,,,,,,,,,,,,,,
26,16,2,1,4,3,6,7,5,,,,,,,,,,,,,,
26,17,5,1,4,2,6,,3,,,,,,,,,,,,,,
26,18,6,1,2,7,3,5,4,,,,,,,,,,,,,,
26,19,,1,6,4,5,2,3,,,,,,,,,,,,,,
26,20,4,1,3,5,6,7,2,,,,,,,,,,,,,,
26,21,4,1,5,3,7,6,2,,,,,,,,,,,,,,
26,22,4,1,6,2,5,,3,,,,,,,,,,,,,,
26,23,4,1,5,3,6,7,2,,,,,,,,,,,,,,
26,24,5,1,4,2,7,6,3,,,,,,,,,,,,,,
26,25,4,1,5,2,6,7,3,,,,,,,,,,,,,,
26,26,3,1,2,4,7,6,5,,,,,,,,,,,,,,
26,27,3,1,5,4,6,7,2,,,,,,,,,,,,,,
26,28,7,1,5,3,4,6,2,,,,,,,,,,,,,,
26,29,3,1,4,2,5,,6,,,,,,,,,,,,,,
26,30,2,1,7,3,6,5,4,,,,,,,,,,,,,,
26,31,,1,5,2,6,4,3,,,,,,,,,,,,,,
26,32,4,1,6,2,3,7,5,,,,,,,,,,,,,,
26,33,4,1,6,2,,5,3,,,,,,,,,,,,,,
26,34,6,1,,4,2,3,5,,,,,,,,,,,,,,
26,35,4,1,5,2,7,6,3,,,,,,,,,,,,,,
26,36,6,1,4,2,5,,3,,,,,,,,,,,,,,
26,37,6,1,5,4,3,,2,,,,,,,,,,,,,,
26,38,6,1,5,2,4,,3,,,,,,,,,,,,,,
26,39,4,1,3,6,2,5,,,,,,,,,,,,,,,
26,40,4,1,5,2,6,7,3,,,,,,,,,,,,,,
26,41,4,1,5,3,2,6,7,,,,,,,,,,,,,,
26,42,4,1,5,2,,6,3,,,,,,,,,,,,,,
26,43,5,1,4,2,6,,3,,,,,,,,,,,,,,
26,44,5,1,4,3,7,6,2,,,,,,,,,,,,,,
26,45,3,1,4,5,2,6,,,,,,,,,,,,,,,
26,46,4,1,5,3,7,6,2,,,,,,,,,,,,,,
26,47,5,1,4,2,6,,3,,,,,,,,,,,,,,
26,48,6,1,4,2,5,7,3,,,,,,,,,,,,,,
26,49,4,1,6,2,5,,3,,,,,,,,,,,,,,
26,50,6,1,4,2,5,,3,,,,,,,,,,,,,,
27,1,,1,6,5,2,4,3,,,,,,,,,,,,,,
27,2,5,1,6,3,2,4,7,,,,,,,,,,,,,,
27,3,3,1,5,6,2,4,7,,,,,,,,,,,,,,
27,4,4,1,5,2,,6,3,,,,,,,,,,,,,,
27,5,6,1,7,2,4,5,3,,,,,,,,,,,,,,
27,6,4,1,5,2,6,,3,,,,,,,,,,,,,,
27,7,5,1,,2,4,6,3,,,,,,,,,,,,,,
27,8,3,1,5,4,6,7,2,,,,,,,,,,,,,,
27,9,4,1,5,3,7,6,2,,,,,,,,,,,,,,
27,10,5,1,4,2,6,,3,,,,,,,,,,,,,,
27,11,5,1,4,3,,6,2,,,,,,,,,,,,,,
27,12,,1,5,3,4,6,2,,,,,,,,,,,,,,
27,13,7,1,2,5,6,4,3,,,,,,,,,,,,,,
27,14,4,1,6,2,7,5,3,,,,,,,,,,,,,,
27,15,4,1,5,3,6,,2,,,,,,,,,,,,,,
27,16,4,1,5,2,7,6,3,,,,,,,,,,,,,,
27,17,4,1,5,2,6,,3,,,,,,,,,,,,,,
27,18,4,1,3,5,6,,2,,,,,,,,,,,,,,
27,19,5,1,4,2,6,,3,,,,,,,,,,,,,,
27,20,4,1,5,2,3,6,7,,,,,,,,,,,,,,
27,21,5,1,4,2,,6,3,,,,,,,,,,,,,,
27,22,5,1,4,2,3,6,,,,,,,,,,,,,,,
27,23,5,1,3,4,6,7,2,,,,,,,,,,,,,,
27,24,4,1,5,3,7,6,2,,,,,,,,,,,,,,
27,25,4,1,5,3,7,6,2,,,,,,,,,,,,,,
27,26,4,1,5,2,7,6,3,,,,,,,,,,,,,,
27,27,6,1,4,3,5,,2,,,,,,,,,,,,,,
27,28,4,1,,2,6,5,3,,,,,,,,,,,,,,
27,29,7,1,5,2,3,6,4,,,,,,,,,,,,,,
27,30,7,1,5,2,4,6,3,,,,,,,,,,,,,,
27,31,6,1,4,2,,5,3,,,,,,,,,,,,,,
27,32,5,1,4,2,3,6,7,,,,,,,,,,,,,,
27,33,4,1,5,2,6,,3,,,,,,,,,,,,,,
27,34,4,1,6,2,5,,3,,,,,,,,,,,,,,
27,35,4,1,5,3,6,7,2,,,,,,,,,,,,,,
27,36,5,1,6,2,3,,4,,,,,,,,,,,,,,
27,37,4,1,5,2,7,6,3,,,,,,,,,,,,,,
27,38,7,1,6,3,4,5,2,,,,,,,,,,,,,,
27,39,5,1,4,3,7,6,2,,,,,,,,,,,,,,
27,40,6,1,5,2,3,7,4,,,,,,,,,,,,,,
27,41,,1,3,4,2,5,6,,,,,,,,,,,,,,
27,42,5,1,4,3,6,,2,,,,,,,,,,,,,,
27,43,4,1,5,2,7,6,3,,,,,,,,,,,,,,
27,44,4,1,5,2,6,,3,,,,,,,,,,,,,,
27,45,4,1,5,2,4,6,3,,,,,,,,,,,,,,
27,46,6,1,5,2,4,7,3,,,,,,,,,,,,,,
27,47,3,1,5,4,7,6,2,,,,,,,,,,,,,,
27,48,6,1,3,4,5,7,2,,,,,,,,,,,,,,
27,49,6,1,5,2,4,7,3,,,,,,,,,,,,,,
27,50,6,1,5,2,4,7,3,,,,,,,,,,,,,,
28,1,5,1,6,4,3,7,2,,,,,,,,,,,,,,
28,2,6,1,4,2,5,,3,,,,,,,,,,,,,,
28,3,4,1,5,3,6,7,2,,,,,,,,,,,,,,
28,4,4,1,5,2,6,,3,,,,,,,,,,,,,,
28,5,4,1,5,3,6,7,2,,,,,,,,,,,,,,
28,6,5,1,4,2,7,6,3,,,,,,,,,,,,,,
28,7,,1,4,2,6,3,5,,,,,,,,,,,,,,
28,8,5,1,3,4,6,7,2,,,,,,,,,,,,,,
28,9,4,1,6,2,3,5,7,,,,,,,,,,,,,,
28,10,,1,5,2,6,4,3,,,,,,,,,,,,,,
28,11,5,1,4,3,7,6,2,,,,,,,,,,,,,,
28,12,5,1,4,3,7,6,2,,,,,,,,,,,,,,
28,13,5,1,4,3,6,7,2,,,,,,,,,,,,,,
28,14,7,1,5,2,4,6,3,,,,,,,,,,,,,,
28,15,4,1,6,2,3,5,,,,,,,,,,,,,,,
28,16,6,1,4,2,5,,3,,,,,,,,,,,,,,
28,17,5,1,4,2,,6,3,,,,,,,,,,,,,,
28,18,4,1,5,2,6,,3,,,,,,,,,,,,,,
28,19,4,1,3,2,5,6,7,,,,,,,,,,,,,,
28,20,5,1,6,2,4,,3,,,,,,,,,,,,,,
28,21,,1,3,5,2,4,6,,,,,,,,,,,,,,
28,22,4,1,,2,5,6,3,,,,,,,,,,,,,,
28,23,5,1,4,2,7,6,3,,,,,,,,,,,,,,
28,24,4,1,5,3,7,6,2,,,,,,,,,,,,,,
28,25,4,1,5,3,6,,2,,,,,,,,,,,,,,
28,26,7,1,4,2,5,6,3,,,,,,,,,,,,,,
28,27,5,1,4,3,7,6,2,,,,,,,,,,,,,,
28,28,5,1,,4,2,3,6,,,,,,,,,,,,,,
28,29,4,1,5,3,7,6,2,,,,,,,,,,,,,,
28,30,2,1,3,6,7,4,5,,,,,,,,,,,,,,
28,31,4,1,3,6,7,5,2,,,,,,,,,,,,,,
28,32,5,1,3,4,6,,2,,,,,,,,,,,,,,
28,33,5,1,6,4,2,7,3,,,,,,,,,,,,,,
28,34,6,1,4,2,3,7,5,,,,,,,,,,,,,,
28,35,5,1,4,2,7,6,3,,,,,,,,,,,,,,
28,36,4,1,5,2,,6,3,,,,,,,,,,,,,,
28,37,4,1,6,3,7,5,2,,,,,,,,,,,,,,
28,38,7,1,6,4,2,5,3,,,,,,,,,,,,,,
28,39,4,1,3,5,6,,2,,,,,,,,,,,,,,
28,40,6,1,5,3,4,,2,,,,,,,,,,,,,,
28,41,,1,5,2,6,4,3,,,,,,,,,,,,,,
28,42,5,1,,2,3,6,4,,,,,,,,,,,,,,
28,43,4,1,5,2,7,6,3,,,,,,,,,,,,,,
28,44,6,1,4,3,7,5,2,,,,,,,,,,,,,,
28,45,6,1,3,2,4,5,,,,,,,,,,,,,,,
28,46,4,1,5,2,6,,3,,,,,,,,,,,,,,
28,47,4,1,3,5,6,7,2,,,,,,,,,,,,,,
28,48,3,1,5,4,6,7,2,,,,,,,,,,,,,,
28,49,7,1,2,4,5,6,3,,,,,,,,,,,,,,
28,50,5,1,4,3,7,6,2,,,,,,,,,,,,,,
29,1,5,1,4,2,6,,3,,,,,,,,,,,,,,
29,2,5,1,4,2,7,6,3,,,,,,,,,,,,,,
29,3,6,1,5,2,7,,3,,,,,,,,,,,,,,
29,4,5,1,4,2,,6,3,,,,,,,,,,,,,,
29,5,5,1,3,4,6,7,2,,,,,,,,,,,,,,
29,6,3,1,6,4,5,7,2,,,,,,,,,,,,,,
29,7,4,1,3,2,6,5,3,,,,,,,,,,,,,,
29,8,6,1,4,2,5,7,3,,,,,,,,,,,,,,
29,9,4,1,6,2,5,7,3,,,,,,,,,,,,,,
29,10,7,1,4,3,2,5,6,,,,,,,,,,,,,,
29,11,6,1,5,2,4,7,3,,,,,,,,,,,,,,
29,12,6,1,4,2,7,3,5,,,,,,,,,,,,,,
29,13,,1,2,4,5,6,3,,,,,,,,,,,,,,
29,14,4,1,6,2,5,,3,,,,,,,,,,,,,,
29,15,4,1,5,2,7,6,3,,,,,,,,,,,,,,
29,16,7,1,4,2,6,5,3,,,,,,,,,,,,,,
29,17,4,1,5,2,,6,3,,,,,,,,,,,,,,
29,18,3,1,2,5,4,7,6,,,,,,,,,,,,,,
29,19,4,1,6,2,3,,5,,,,,,,,,,,,,,
29,20,6,1,4,2,5,,3,,,,,,,,,,,,,,
29,21,4,1,5,2,6,7,3,,,,,,,,,,,,,,
29,22,4,1,5,2,7,6,3,,,,,,,,,,,,,,
29,23,3,1,5,2,4,6,7,,,,,,,,,,,,,,
29,24,4,1,6,2,3,7,5,,,,,,,,,,,,,,
29,25,5,1,3,4,6,,2,,,,,,,,,,,,,,
29,26,3,1,6,2,7,5,4,,,,,,,,,,,,,,
29,27,3,1,5,4,6,,2,,,,,,,,,,,,,,
29,28,4,1,,3,5,6,2,,,,,,,,,,,,,,
29,29,5,1,2,6,7,3,4,,,,,,,,,,,,,,
29,30,7,1,6,2,3,5,4,,,,,,,,,,,,,,
29,31,5,1,4,2,6,,3,,,,,,,,,,,,,,
29,32,2,1,6,3,5,7,4,,,,,,,,,,,,,,
29,33,5,1,6,2,4,,3,,,,,,,,,,,,,,
29,34,4,1,5,3,7,6,2,,,,,,,,,,,,,,
29,35,5,1,3,4,6,7,2,,,,,,,,,,,,,,
29,36,3,1,7,2,6,4,5,,,,,,,,,,,,,,
29,37,4,1,6,2,7,5,3,,,,,,,,,,,,,,
29,38,4,1,5,2,7,6,3,,,,,,,,,,,,,,
29,39,,1,6,2,3,5,4,,,,,,,,,,,,,,
29,40,4,1,5,2,7,6,3,,,,,,,,,,,,,,
29,41,5,1,4,3,7,6,2,,,,,,,,,,,,,,
29,42,4,1,3,5,,6,2,,,,,,,,,,,,,,
29,43,4,1,6,2,5,,3,,,,,,,,,,,,,,
29,44,7,1,4,2,5,6,3,,,,,,,,,,,,,,
29,45,7,1,4,2,5,6,3,,,,,,,,,,,,,,
29,46,4,1,5,3,6,7,2,,,,,,,,,,,,,,
29,47,4,1,5,2,6,,3,,,,,,,,,,,,,,
29,48,6,1,4,2,,5,3,,,,,,,,,,,,,,
29,49,7,1,5,2,4,6,3,,,,,,,,,,,,,,
29,50,5,1,4,2,6,,3,,,,,,,,,,,,,,
30,1,7,1,5,4,2,6,3,,,,,,,,,,,,,,
30,2,5,1,4,3,6,7,2,,,,,,,,,,,,,,
30,3,4,1,5,3,,6,2,,,,,,,,,,,,,,
30,4,,1,3,2,5,6,4,,,,,,,,,,,,,,
30,5,5,1,6,3,7,4,2,,,,,,,,,,,,,,
30,6,4,1,5,2,6,7,3,,,,,,,,,,,,,,
30,7,5,1,,2,3,6,4,,,,,,,,,,,,,,
30,8,7,1,6,2,3,5,4,,,,,,,,,,,,,,
30,9,4,1,5,2,6,7,3,,,,,,,,,,,,,,
30,10,5,1,6,7,4,3,2,,,,,,,,,,,,,,
30,11,4,1,5,2,3,6,7,,,,,,,,,,,,,,
30,12,4,1,7,2,5,6,3,,,,,,,,,,,,,,
30,13,2,1,,3,5,6,4,,,,,,,,,,,,,,
30,14,5,1,4,2,7,6,3,,,,,,,,,,,,,,
30,15,5,1,4,3,7,6,2,,,,,,,,,,,,,,
30,16,6,1,5,2,4,7,3,,,,,,,,,,,,,,
30,17,4,1,5,3,6,7,2,,,,,,,,,,,,,,
30,18,4,1,7,3,5,6,2,,,,,,,,,,,,,,
30,19,5,1,7,3,4,6,2,,,,,,,,,,,,,,
30,20,5,1,,3,2,6,4,,,,,,,,,,,,,,
30,21,,1,6,3,2,5,4,,,,,,,,,,,,,,
30,22,5,1,6,2,3,,4,,,,,,,,,,,,,,
30,23,5,1,6,2,4,7,3,,,,,,,,,,,,,,
30,24,4,1,5,3,,6,2,,,,,,,,,,,,,,
30,25,4,1,5,2,7,6,3,,,,,,,,,,,,,,
30,26,4,1,3,6,5,2,,,,,,,,,,,,,,,
30,27,5,1,4,2,6,,3,,,,,,,,,,,,,,
30,28,5,1,4,2,7,6,3,,,,,,,,,,,,,,
30,29,5,1,2,3,7,4,6,,,,,,,,,,,,,,
30,30,4,1,6,2,5,7,3,,,,,,,,,,,,,,
30,31,2,1,5,6,,4,3,,,,,,,,,,,,,,
30,32,4,1,5,7,6,3,2,,,,,,,,,,,,,,
30,33,5,1,2,4,7,6,3,,,,,,,,,,,,,,
30,34,6,1,5,3,2,4,,,,,,,,,,,,,,,
30,35,7,1,6,3,5,4,2,,,,,,,,,,,,,,
30,36,4,1,6,2,,5,3,,,,,,,,,,,,,,
30,37,,1,4,3,5,6,2,,,,,,,,,,,,,,
30,38,6,1,4,2,5,,3,,,,,,,,,,,,,,
30,39,4,1,7,3,2,5,6,,,,,,,,,,,,,,
30,40,6,1,5,2,7,4,3,,,,,,,,,,,,,,
30,41,5,1,4,2,6,,3,,,,,,,,,,,,,,
30,42,5,1,3,4,6,,2,,,,,,,,,,,,,,
30,43,5,1,4,3,6,7,2,,,,,,,,,,,,,,
30,44,5,1,4,2,6,,3,,,,,,,,,,,,,,
30,45,7,1,4,2,6,5,3,,,,,,,,,,,,,,
30,46,4,1,3,2,6,7,5,,,,,,,,,,,,,,
30,47,,1,4,6,2,3,5,,,,,,,,,,,,,,
30,48,7,1,3,2,6,4,5,,,,,,,,,,,,,,
30,49,5,1,4,3,7,6,2,,,,,,,,,,,,,,
30,50,5,1,4,3,6,,2,,,,,,,,,,,,,,
31,1,4,1,5,2,,6,3,,,,,,,,,,,,,,
31,2,5,1,4,2,6,7,3,,,,,,,,,,,,,,
31,3,5,1,6,3,2,7,4,,,,,,,,,,,,,,
31,4,4,1,3,5,6,7,2,,,,,,,,,,,,,,
31,5,6,1,4,2,7,5,3,,,,,,,,,,,,,,
31,6,,1,3,6,2,4,5,,,,,,,,,,,,,,
31,7,2,1,,6,5,4,3,,,,,,,,,,,,,,
31,8,4,1,6,7,2,3,5,,,,,,,,,,,,,,
31,9,4,1,5,3,6,,2,,,,,,,,,,,,,,
31,10,6,1,5,4,7,3,2,,,,,,,,,,,,,,
31,11,5,1,4,3,6,7,2,,,,,,,,,,,,,,
31,12,4,1,5,3,6,7,2,,,,,,,,,,,,,,
31,13,4,1,5,2,7,6,3,,,,,,,,,,,,,,
31,14,5,1,4,3,2,6,7,,,,,,,,,,,,,,
31,15,5,1,4,2,6,7,3,,,,,,,,,,,,,,
31,16,3,1,2,6,,4,5,,,,,,,,,,,,,,
31,17,5,1,4,3,,6,2,,,,,,,,,,,,,,
31,18,6,1,5,3,4,7,2,,,,,,,,,,,,,,
31,19,,1,4,3,5,6,2,,,,,,,,,,,,,,
31,20,4,1,3,5,7,6,2,,,,,,,,,,,,,,
31,21,4,1,5,2,6,7,3,,,,,,,,,,,,,,
31,22,5,1,4,2,6,,3,,,,,,,,,,,,,,
31,23,7,1,4,2,5,6,3,,,,,,,,,,,,,,
31,24,4,1,3,5,7,6,2,,,,,,,,,,,,,,
31,25,,1,3,2,4,6,5,,,,,,,,,,,,,,
31,26,6,1,5,7,2,3,4,,,,,,,,,,,,,,
31,27,,1,4,3,2,5,6,,,,,,,,,,,,,,
31,28,7,1,6,2,4,3,5,,,,,,,,,,,,,,
31,29,5,1,6,2,7,4,3,,,,,,,,,,,,,,
31,30,5,1,6,3,4,,2,,,,,,,,,,,,,,
31,31,3,1,5,4,7,6,2,,,,,,,,,,,,,,
31,32,4,1,6,3,5,7,2,,,,,,,,,,,,,,
31,33,4,1,5,3,7,6,2,,,,,,,,,,,,,,
31,34,6,1,3,4,5,,2,,,,,,,,,,,,,,
31,35,4,1,5,3,7,6,2,,,,,,,,,,,,,,
31,36,5,1,4,2,7,6,3,,,,,,,,,,,,,,
31,37,4,1,6,2,7,5,3,,,,,,,,,,,,,,
31,38,5,1,6,2,4,7,3,,,,,,,,,,,,,,
31,39,4,1,3,5,6,7,2,,,,,,,,,,,,,,
31,40,5,1,4,2,6,,3,,,,,,,,,,,,,,
31,41,5,1,3,2,,6,4,,,,,,,,,,,,,,
31,42,5,1,6,2,3,,4,,,,,,,,,,,,,,
31,43,6,1,4,3,5,7,2,,,,,,,,,,,,,,
31,44,6,1,4,3,5,7,2,,,,,,,,,,,,,,
31,45,7,1,4,3,5,6,2,,,,,,,,,,,,,,
31,46,5,1,4,2,6,,3,,,,,,,,,,,,,,
31,47,5,1,3,2,7,6,4,,,,,,,,,,,,,,
31,48,4,1,5,2,6,,3,,,,,,,,,,,,,,
31,49,4,1,5,2,6,,3,,,,,,,,,,,,,,
31,50,7,1,4,3,5,6,2,,,,,,,,,,,,,,
32,1,5,2,4,1,6,7,3,,,,,,,,,,,,,,
32,2,5,2,4,1,6,,3,,,,,,,,,,,,,,
32,3,4,5,3,1,7,6,2,,,,,,,,,,,,,,
32,4,5,2,4,1,6,,3,,,,,,,,,,,,,,
32,5,4,2,7,1,6,5,3,,,,,,,,,,,,,,
32,6,5,2,4,1,,6,3,,,,,,,,,,,,,,
32,7,5,2,4,1,6,,3,,,,,,,,,,,,,,
32,8,3,,5,1,6,4,2,,,,,,,,,,,,,,
32,9,,2,6,1,4,5,3,,,,,,,,,,,,,,
32,10,5,2,4,1,6,7,3,,,,,,,,,,,,,,
32,11,3,4,5,1,,6,2,,,,,,,,,,,,,,
32,12,6,3,5,1,7,4,2,,,,,,,,,,,,,,
32,13,6,4,5,1,2,,3,,,,,,,,,,,,,,
32,14,4,3,6,1,5,7,2,,,,,,,,,,,,,,
32,15,4,2,5,1,7,6,3,,,,,,,,,,,,,,
32,16,5,2,3,1,4,6,7,,,,,,,,,,,,,,
32,17,5,2,4,1,6,,3,,,,,,,,,,,,,,
32,18,4,2,5,1,7,6,3,,,,,,,,,,,,,,
32,19,6,3,7,1,5,4,2,,,,,,,,,,,,,,
32,20,5,2,6,1,4,,3,,,,,,,,,,,,,,
32,21,5,2,4,1,6,7,3,,,,,,,,,,,,,,
32,22,4,2,6,1,,5,3,,,,,,,,,,,,,,
32,23,5,2,6,1,7,4,3,,,,,,,,,,,,,,
32,24,7,5,6,1,3,4,2,,,,,,,,,,,,,,
32,25,3,7,6,1,2,5,4,,,,,,,,,,,,,,
32,26,5,3,4,1,2,6,,,,,,,,,,,,,,,
32,27,5,2,4,1,6,7,3,,,,,,,,,,,,,,
32,28,5,2,4,1,6,,3,,,,,,,,,,,,,,
32,29,5,2,3,1,6,7,4,,,,,,,,,,,,,,
32,30,5,2,4,1,6,3,7,,,,,,,,,,,,,,
32,31,5,2,4,1,6,7,3,,,,,,,,,,,,,,
32,32,5,2,4,1,6,,3,,,,,,,,,,,,,,
32,33,4,2,3,1,6,2,5,,,,,,,,,,,,,,
32,34,5,2,4,1,6,,3,,,,,,,,,,,,,,
32,35,5,3,6,1,2,,4,,,,,,,,,,,,,,
32,36,7,2,5,1,4,6,3,,,,,,,,,,,,,,
32,37,5,2,7,1,3,6,4,,,,,,,,,,,,,,
32,38,5,3,4,1,,6,2,,,,,,,,,,,,,,
32,39,3,,2,1,4,6,5,,,,,,,,,,,,,,
32,40,5,2,4,1,6,,3,,,,,,,,,,,,,,
32,41,3,2,6,1,5,4,7,,,,,,,,,,,,,,
32,42,,5,4,1,3,6,2,,,,,,,,,,,,,,
32,43,5,2,4,1,6,,3,,,,,,,,,,,,,,
32,44,6,2,4,1,7,5,3,,,,,,,,,,,,,,
32,45,7,2,6,1,3,5,4,,,,,,,,,,,,,,
32,46,3,,2,1,6,4,5,,,,,,,,,,,,,,
32,47,5,2,4,1,2,6,3,,,,,,,,,,,,,,
32,48,5,3,4,1,6,,2,,,,,,,,,,,,,,
32,49,,,,1,,,,,,,,,,,,,,,,,
32,50,5,3,4,1,,6,2,,,,,,,,,,,,,,
33,1,5,3,4,1,6,,2,,,,,,,,,,,,,,
33,2,6,3,5,1,7,4,2,,,,,,,,,,,,,,
33,3,5,2,4,1,6,,3,,,,,,,,,,,,,,
33,4,5,2,4,1,6,,3,,,,,,,,,,,,,,
33,5,5,2,4,1,7,6,3,,,,,,,,,,,,,,
33,6,5,2,4,1,6,,3,,,,,,,,,,,,,,
33,7,6,2,5,1,7,4,3,,,,,,,,,,,,,,
33,8,4,2,5,1,6,,3,,,,,,,,,,,,,,
33,9,5,2,4,1,6,,3,,,,,,,,,,,,,,
33,10,,2,3,1,4,6,5,,,,,,,,,,,,,,
33,11,5,2,7,1,4,6,3,,,,,,,,,,,,,,
33,12,4,3,5,1,6,,2,,,,,,,,,,,,,,
33,13,5,6,3,1,7,4,2,,,,,,,,,,,,,,
33,14,,2,5,1,3,6,4,,,,,,,,,,,,,,
33,15,5,2,6,1,4,,3,,,,,,,,,,,,,,
33,16,4,2,7,1,5,6,3,,,,,,,,,,,,,,
33,17,7,2,5,1,4,6,3,,,,,,,,,,,,,,
33,18,6,,5,1,3,2,4,,,,,,,,,,,,,,
33,19,4,3,6,1,7,5,2,,,,,,,,,,,,,,
33,20,7,2,5,1,3,4,6,,,,,,,,,,,,,,
33,21,4,5,3,1,7,2,6,,,,,,,,,,,,,,
33,22,5,2,4,1,6,7,3,,,,,,,,,,,,,,
33,23,4,2,6,1,3,5,,,,,,,,,,,,,,,
33,24,,4,5,1,3,6,2,,,,,,,,,,,,,,
33,25,6,2,5,1,7,4,3,,,,,,,,,,,,,,
33,26,5,2,4,1,6,7,3,,,,,,,,,,,,,,
33,27,4,3,5,1,7,6,2,,,,,,,,,,,,,,
33,28,,6,4,1,3,5,2,,,,,,,,,,,,,,
33,29,4,2,5,1,,6,3,,,,,,,,,,,,,,
33,30,4,2,5,1,,6,3,,,,,,,,,,,,,,
33,31,6,5,,1,2,3,4,,,,,,,,,,,,,,
33,32,5,2,4,1,6,,3,,,,,,,,,,,,,,
33,33,6,2,5,1,7,4,3,,,,,,,,,,,,,,
33,34,6,4,2,1,5,7,3,,,,,,,,,,,,,,
33,35,5,2,4,1,6,,3,,,,,,,,,,,,,,
33,36,,2,4,1,6,5,3,,,,,,,,,,,,,,
33,37,6,5,2,1,,4,3,,,,,,,,,,,,,,
33,38,6,2,4,1,3,5,,,,,,,,,,,,,,,
33,39,5,2,4,1,6,,3,,,,,,,,,,,,,,
33,40,5,2,,1,4,6,3,,,,,,,,,,,,,,
33,41,4,2,6,1,5,7,3,,,,,,,,,,,,,,
33,42,5,2,4,1,7,6,3,,,,,,,,,,,,,,
33,43,5,2,4,1,6,,3,,,,,,,,,,,,,,
33,44,5,2,4,1,,6,3,,,,,,,,,,,,,,
33,45,5,2,4,1,6,3,6,,,,,,,,,,,,,,
33,46,5,2,7,1,4,6,3,,,,,,,,,,,,,,
33,47,,2,5,1,4,6,3,,,,,,,,,,,,,,
33,48,4,2,,1,6,5,3,,,,,,,,,,,,,,
33,49,7,3,5,1,4,6,2,,,,,,,,,,,,,,
33,50,5,2,4,1,6,7,3,,,,,,,,,,,,,,
34,1,6,2,5,1,3,,4,,,,,,,,,,,,,,
34,2,6,3,5,1,4,7,2,,,,,,,,,,,,,,
34,3,6,3,4,1,2,5,7,,,,,,,,,,,,,,
34,4,7,3,5,1,6,2,4,,,,,,,,,,,,,,
34,5,4,3,7,1,6,5,2,,,,,,,,,,,,,,
34,6,5,3,6,1,2,7,4,,,,,,,,,,,,,,
34,7,5,2,4,1,6,,3,,,,,,,,,,,,,,
34,8,4,2,5,1,7,6,3,,,,,,,,,,,,,,
34,9,4,2,6,1,5,7,3,,,,,,,,,,,,,,
34,10,4,2,6,1,5,7,3,,,,,,,,,,,,,,
34,11,5,2,4,1,7,6,3,,,,,,,,,,,,,,
34,12,7,2,5,1,4,6,3,,,,,,,,,,,,,,
34,13,5,2,,1,3,6,4,,,,,,,,,,,,,,
34,14,6,3,4,1,5,7,2,,,,,,,,,,,,,,
34,15,4,2,,1,6,5,3,,,,,,,,,,,,,,
34,16,7,2,3,1,6,4,5,,,,,,,,,,,,,,
34,17,6,2,4,1,5,7,3,,,,,,,,,,,,,,
34,18,5,3,4,1,7,6,2,,,,,,,,,,,,,,
34,19,4,3,5,1,2,6,7,,,,,,,,,,,,,,
34,20,5,2,4,1,6,7,3,,,,,,,,,,,,,,
34,21,5,2,4,1,6,,3,,,,,,,,,,,,,,
34,22,5,2,,1,3,6,4,,,,,,,,,,,,,,
34,23,4,2,3,1,6,5,7,,,,,,,,,,,,,,
34,24,5,2,4,1,7,6,3,,,,,,,,,,,,,,
34,25,4,2,5,1,6,,3,,,,,,,,,,,,,,
34,26,3,2,4,1,,5,6,,,,,,,,,,,,,,
34,27,5,2,4,1,6,7,3,,,,,,,,,,,,,,
34,28,5,2,4,1,6,,3,,,,,,,,,,,,,,
34,29,5,2,4,1,,6,3,,,,,,,,,,,,,,
34,30,5,2,4,1,,6,3,,,,,,,,,,,,,,
34,31,4,3,7,1,5,6,2,,,,,,,,,,,,,,
34,32,5,2,4,1,6,,3,,,,,,,,,,,,,,
34,33,5,3,7,1,4,6,2,,,,,,,,,,,,,,
34,34,5,2,4,1,6,,3,,,,,,,,,,,,,,
34,35,5,2,4,1,6,7,3,,,,,,,,,,,,,,
34,36,4,3,5,1,2,6,,,,,,,,,,,,,,,
34,37,3,4,5,1,6,7,2,,,,,,,,,,,,,,
34,38,5,2,4,1,6,,3,,,,,,,,,,,,,,
34,39,5,2,4,1,6,7,3,,,,,,,,,,,,,,
34,40,6,2,5,1,4,7,3,,,,,,,,,,,,,,
34,41,4,2,5,1,7,6,3,,,,,,,,,,,,,,
34,42,6,2,4,1,7,5,3,,,,,,,,,,,,,,
34,43,5,2,4,1,6,,3,,,,,,,,,,,,,,
34,44,3,2,5,1,7,6,4,,,,,,,,,,,,,,
34,45,4,2,5,1,,6,3,,,,,,,,,,,,,,
34,46,5,2,4,1,7,6,3,,,,,,,,,,,,,,
34,47,7,2,3,1,5,6,4,,,,,,,,,,,,,,
34,48,6,2,4,1,7,5,3,,,,,,,,,,,,,,
34,49,6,2,4,1,5,6,3,,,,,,,,,,,,,,
34,50,4,3,6,1,,5,2,,,,,,,,,,,,,,
35,1,7,2,5,1,3,6,4,,,,,,,,,,,,,,
35,2,4,2,5,1,6,,3,,,,,,,,,,,,,,
35,3,5,2,6,1,7,4,3,,,,,,,,,,,,,,
35,4,6,3,5,1,,4,2,,,,,,,,,,,,,,
35,5,6,4,3,1,5,,2,,,,,,,,,,,,,,
35,6,3,2,4,1,,6,5,,,,,,,,,,,,,,
35,7,4,2,5,1,,6,3,,,,,,,,,,,,,,
35,8,5,2,4,1,6,3,,,,,,,,,,,,,,,
35,9,,3,6,1,5,4,2,,,,,,,,,,,,,,
35,10,,2,4,1,5,6,3,,,,,,,,,,,,,,
35,11,4,2,5,1,6,,3,,,,,,,,,,,,,,
35,12,7,2,4,1,6,5,3,,,,,,,,,,,,,,
35,13,4,6,3,1,,2,5,,,,,,,,,,,,,,
35,14,6,5,4,1,,3,2,,,,,,,,,,,,,,
35,15,2,5,,1,3,6,4,,,,,,,,,,,,,,
35,16,3,2,4,1,5,7,6,,,,,,,,,,,,,,
35,17,5,2,4,1,6,,3,,,,,,,,,,,,,,
35,18,4,3,2,1,7,5,6,,,,,,,,,,,,,,
35,19,5,2,4,1,6,,3,,,,,,,,,,,,,,
35,20,5,2,4,1,6,3,,,,,,,,,,,,,,,
35,21,5,4,,1,2,6,3,,,,,,,,,,,,,,
35,22,5,6,,1,2,4,3,,,,,,,,,,,,,,
35,23,5,2,4,1,6,,3,,,,,,,,,,,,,,
35,24,3,4,5,1,,6,2,,,,,,,,,,,,,,
35,25,7,4,6,1,3,5,2,,,,,,,,,,,,,,
35,26,5,2,4,1,6,7,3,,,,,,,,,,,,,,
35,27,7,2,4,1,6,5,3,,,,,,,,,,,,,,
35,28,3,6,7,1,2,4,5,,,,,,,,,,,,,,
35,29,7,5,4,1,6,2,3,,,,,,,,,,,,,,
35,30,5,2,4,1,6,,3,,,,,,,,,,,,,,
35,31,4,2,5,1,7,6,3,,,,,,,,,,,,,,
35,32,5,2,4,1,6,,3,,,,,,,,,,,,,,
35,33,6,2,5,1,4,,3,,,,,,,,,,,,,,
35,34,5,2,6,1,3,,4,,,,,,,,,,,,,,
35,35,4,2,6,1,7,5,3,,,,,,,,,,,,,,
35,36,5,2,4,1,6,,3,,,,,,,,,,,,,,
35,37,,2,4,1,5,6,3,,,,,,,,,,,,,,
35,38,5,2,4,1,6,,3,,,,,,,,,,,,,,
35,39,6,2,5,1,4,7,3,,,,,,,,,,,,,,
35,40,5,2,4,1,,6,3,,,,,,,,,,,,,,
35,41,5,2,4,1,6,,3,,,,,,,,,,,,,,
35,42,5,2,4,1,6,,3,,,,,,,,,,,,,,
35,43,5,2,6,1,4,7,3,,,,,,,,,,,,,,
35,44,7,2,6,1,4,5,3,,,,,,,,,,,,,,
35,45,5,2,4,1,7,6,3,,,,,,,,,,,,,,
35,46,3,2,4,1,6,7,5,,,,,,,,,,,,,,
35,47,6,2,5,1,3,7,4,,,,,,,,,,,,,,
35,48,3,2,4,1,,6,5,,,,,,,,,,,,,,
35,49,5,2,4,1,6,3,7,,,,,,,,,,,,,,
35,50,,3,6,1,5,4,2,,,,,,,,,,,,,,
36,1,7,2,5,1,4,6,3,,,,,,,,,,,,,,
36,2,4,2,5,1,7,6,3,,,,,,,,,,,,,,
36,3,4,3,5,1,7,6,2,,,,,,,,,,,,,,
36,4,,,,1,,,,,,,,,,,,,,,,,
36,5,,,,1,3,,2,,,,,,,,,,,,,,
36,6,,,,1,,,,,,,,,,,,,,,,,
36,7,,,,1,,,,,,,,,,,,,,,,,
36,8,5,2,,1,4,,3,,,,,,,,,,,,,,
36,9,,,,1,,,,,,,,,,,,,,,,,
36,10,,,,1,,,,,,,,,,,,,,,,,
36,11,4,3,5,1,,6,2,,,,,,,,,,,,,,
36,12,,3,4,1,5,6,2,,,,,,,,,,,,,,
36,13,6,2,5,1,3,,4,,,,,,,,,,,,,,
36,14,4,3,5,1,6,,2,,,,,,,,,,,,,,
36,15,6,2,5,1,3,7,4,,,,,,,,,,,,,,
36,16,5,2,4,1,6,7,3,,,,,,,,,,,,,,
36,17,4,3,6,1,,5,2,,,,,,,,,,,,,,
36,18,4,2,5,1,6,5,3,,,,,,,,,,,,,,
36,19,7,3,4,1,2,6,5,,,,,,,,,,,,,,
36,20,5,2,4,1,6,,3,,,,,,,,,,,,,,
36,21,6,2,3,1,,5,4,,,,,,,,,,,,,,
36,22,5,2,4,1,6,3,,,,,,,,,,,,,,,
36,23,5,2,4,1,6,3,7,,,,,,,,,,,,,,
36,24,3,6,7,1,2,4,5,,,,,,,,,,,,,,
36,25,6,2,5,1,4,,3,,,,,,,,,,,,,,
36,26,5,2,4,1,6,,3,,,,,,,,,,,,,,
36,27,5,2,4,1,7,6,3,,,,,,,,,,,,,,
36,28,3,2,4,1,7,6,5,,,,,,,,,,,,,,
36,29,5,2,4,1,6,,3,,,,,,,,,,,,,,
36,30,,3,4,1,5,6,2,,,,,,,,,,,,,,
36,31,,4,5,1,3,6,2,,,,,,,,,,,,,,
36,32,5,2,4,1,6,,3,,,,,,,,,,,,,,
36,33,5,2,4,1,6,,3,,,,,,,,,,,,,,
36,34,5,2,4,1,6,,3,,,,,,,,,,,,,,
36,35,5,2,6,1,7,4,3,,,,,,,,,,,,,,
36,36,5,2,4,1,6,,3,,,,,,,,,,,,,,
36,37,5,2,4,1,6,3,,,,,,,,,,,,,,,
36,38,6,2,4,1,7,5,3,,,,,,,,,,,,,,
36,39,4,2,6,1,5,,3,,,,,,,,,,,,,,
36,40,4,2,5,1,7,6,3,,,,,,,,,,,,,,
36,41,5,2,4,1,6,,3,,,,,,,,,,,,,,
36,42,5,2,,1,4,6,3,,,,,,,,,,,,,,
36,43,4,2,5,1,7,6,3,,,,,,,,,,,,,,
36,44,6,2,5,1,7,4,3,,,,,,,,,,,,,,
36,45,4,2,5,1,6,7,3,,,,,,,,,,,,,,
36,46,6,,3,1,4,5,2,,,,,,,,,,,,,,
36,47,4,,5,1,6,3,2,,,,,,,,,,,,,,
36,48,5,2,4,1,6,,3,,,,,,,,,,,,,,
36,49,5,2,4,1,6,7,3,,,,,,,,,,,,,,
36,50,4,,5,1,2,6,3,,,,,,,,,,,,,,
37,1,5,2,4,1,6,,3,,,,,,,,,,,,,,
37,2,5,2,4,1,3,7,6,,,,,,,,,,,,,,
37,3,5,2,4,1,,6,3,,,,,,,,,,,,,,
37,4,4,3,7,1,5,6,2,,,,,,,,,,,,,,
37,5,4,3,5,1,6,7,2,,,,,,,,,,,,,,
37,6,5,2,6,1,3,,4,,,,,,,,,,,,,,
37,7,5,2,4,1,6,,3,,,,,,,,,,,,,,
37,8,4,3,5,1,6,7,2,,,,,,,,,,,,,,
37,9,6,5,4,1,7,3,2,,,,,,,,,,,,,,
37,10,5,2,4,1,6,7,3,,,,,,,,,,,,,,
37,11,5,2,4,1,6,3,,,,,,,,,,,,,,,
37,12,5,2,,1,6,4,3,,,,,,,,,,,,,,
37,13,5,2,4,1,6,,3,,,,,,,,,,,,,,
37,14,5,2,4,1,6,7,3,,,,,,,,,,,,,,
37,15,5,3,4,1,7,6,2,,,,,,,,,,,,,,
37,16,5,2,4,1,7,6,3,,,,,,,,,,,,,,
37,17,6,2,,1,3,5,4,,,,,,,,,,,,,,
37,18,,3,4,1,2,5,6,,,,,,,,,,,,,,
37,19,4,2,5,1,,6,3,,,,,,,,,,,,,,
37,20,6,4,5,1,3,,2,,,,,,,,,,,,,,
37,21,6,2,4,1,5,,3,,,,,,,,,,,,,,
37,22,6,3,4,1,7,5,2,,,,,,,,,,,,,,
37,23,5,2,4,1,6,7,3,,,,,,,,,,,,,,
37,24,5,2,4,1,6,,3,,,,,,,,,,,,,,
37,25,4,2,6,1,,5,3,,,,,,,,,,,,,,
37,26,4,3,5,1,7,6,2,,,,,,,,,,,,,,
37,27,2,3,5,1,4,6,,,,,,,,,,,,,,,
37,28,5,2,6,1,7,4,3,,,,,,,,,,,,,,
37,29,4,3,5,1,2,6,,,,,,,,,,,,,,,
37,30,5,2,4,1,,6,3,,,,,,,,,,,,,,
37,31,6,2,5,1,3,,4,,,,,,,,,,,,,,
37,32,5,2,4,1,,6,3,,,,,,,,,,,,,,
37,33,5,2,6,1,3,,4,,,,,,,,,,,,,,
37,34,4,6,7,1,2,3,5,,,,,,,,,,,,,,
37,35,5,2,4,1,6,,3,,,,,,,,,,,,,,
37,36,5,3,,1,4,6,2,,,,,,,,,,,,,,
37,37,6,3,4,1,,5,2,,,,,,,,,,,,,,
37,38,4,2,6,1,,5,3,,,,,,,,,,,,,,
37,39,4,3,6,1,,5,2,,,,,,,,,,,,,,
37,40,5,2,6,1,3,7,4,,,,,,,,,,,,,,
37,41,5,2,6,1,,4,3,,,,,,,,,,,,,,
37,42,5,2,4,1,6,,3,,,,,,,,,,,,,,
37,43,5,2,4,1,6,7,3,,,,,,,,,,,,,,
37,44,,3,6,1,4,5,2,,,,,,,,,,,,,,
37,45,7,3,4,1,5,6,2,,,,,,,,,,,,,,
37,46,5,2,4,1,6,,3,,,,,,,,,,,,,,
37,47,4,2,3,1,5,6,7,,,,,,,,,,,,,,
37,48,7,2,4,1,6,5,3,,,,,,,,,,,,,,
37,49,4,2,5,1,7,6,3,,,,,,,,,,,,,,
37,50,5,2,6,1,,4,3,,,,,,,,,,,,,,
38,1,5,2,4,1,6,,3,,,,,,,,,,,,,,
38,2,4,2,,1,5,6,3,,,,,,,,,,,,,,
38,3,4,2,5,1,6,7,3,,,,,,,,,,,,,,
38,4,5,2,4,1,6,,3,,,,,,,,,,,,,,
38,5,,3,5,1,6,4,2,,,,,,,,,,,,,,
38,6,5,2,6,1,7,4,3,,,,,,,,,,,,,,
38,7,6,2,,1,3,5,4,,,,,,,,,,,,,,
38,8,5,2,4,1,6,,3,,,,,,,,,,,,,,
38,9,6,2,3,1,7,4,5,,,,,,,,,,,,,,
38,10,4,5,3,1,7,2,6,,,,,,,,,,,,,,
38,11,5,2,,1,6,4,3,,,,,,,,,,,,,,
38,12,,6,5,1,2,4,3,,,,,,,,,,,,,,
38,13,6,2,4,1,3,,5,,,,,,,,,,,,,,
38,14,4,3,5,1,,6,2,,,,,,,,,,,,,,
38,15,5,2,4,1,6,,3,,,,,,,,,,,,,,
38,16,6,2,4,1,5,7,3,,,,,,,,,,,,,,
38,17,4,3,5,1,7,6,2,,,,,,,,,,,,,,
38,18,6,3,,1,2,5,4,,,,,,,,,,,,,,
38,19,5,2,4,1,6,,3,,,,,,,,,,,,,,
38,20,3,4,5,1,6,2,,,,,,,,,,,,,,,
38,21,6,4,,1,2,5,3,,,,,,,,,,,,,,
38,22,4,,5,1,6,3,2,,,,,,,,,,,,,,
38,23,4,3,5,1,7,6,2,,,,,,,,,,,,,,
38,24,3,2,5,1,7,6,4,,,,,,,,,,,,,,
38,25,5,2,4,1,6,,3,,,,,,,,,,,,,,
38,26,4,2,6,1,7,5,3,,,,,,,,,,,,,,
38,27,5,2,4,1,6,,3,,,,,,,,,,,,,,
38,28,,5,4,1,3,6,2,,,,,,,,,,,,,,
38,29,3,2,5,1,6,,4,,,,,,,,,,,,,,
38,30,4,2,5,1,6,7,3,,,,,,,,,,,,,,
38,31,5,3,4,1,6,,2,,,,,,,,,,,,,,
38,32,5,2,4,1,,6,3,,,,,,,,,,,,,,
38,33,6,2,5,1,4,7,3,,,,,,,,,,,,,,
38,34,6,2,5,1,,4,3,,,,,,,,,,,,,,
38,35,4,2,5,1,6,7,3,,,,,,,,,,,,,,
38,36,5,2,4,1,6,,3,,,,,,,,,,,,,,
38,37,5,2,4,1,6,7,3,,,,,,,,,,,,,,
38,38,,2,4,1,6,5,3,,,,,,,,,,,,,,
38,39,5,3,4,1,6,,2,,,,,,,,,,,,,,
38,40,5,2,4,1,6,,3,,,,,,,,,,,,,,
38,41,6,2,4,1,,5,3,,,,,,,,,,,,,,
38,42,5,3,4,1,6,,2,,,,,,,,,,,,,,
38,43,4,3,6,1,5,7,2,,,,,,,,,,,,,,
38,44,2,6,5,1,7,3,4,,,,,,,,,,,,,,
38,45,,2,4,1,5,6,3,,,,,,,,,,,,,,
38,46,2,4,3,1,5,,6,,,,,,,,,,,,,,
38,47,7,2,4,1,6,5,3,,,,,,,,,,,,,,
38,48,7,2,4,1,6,5,3,,,,,,,,,,,,,,
38,49,5,2,4,1,6,,3,,,,,,,,,,,,,,
38,50,4,2,5,1,6,7,3,,,,,,,,,,,,,,
39,1,,2,3,1,5,6,4,,,,,,,,,,,,,,
39,2,6,2,,1,4,5,3,,,,,,,,,,,,,,
39,3,5,2,4,1,7,6,3,,,,,,,,,,,,,,
39,4,5,2,4,1,6,,3,,,,,,,,,,,,,,
39,5,6,4,3,1,,5,2,,,,,,,,,,,,,,
39,6,5,2,4,1,6,,3,,,,,,,,,,,,,,
39,7,,6,2,1,3,4,5,,,,,,,,,,,,,,
39,8,5,2,4,1,6,7,3,,,,,,,,,,,,,,
39,9,4,2,5,1,7,6,3,,,,,,,,,,,,,,
39,10,4,2,,1,6,3,5,,,,,,,,,,,,,,
39,11,5,2,4,1,6,,3,,,,,,,,,,,,,,
39,12,3,4,5,1,7,6,2,,,,,,,,,,,,,,
39,13,,3,4,1,6,5,2,,,,,,,,,,,,,,
39,14,5,2,4,1,6,,3,,,,,,,,,,,,,,
39,15,5,2,4,1,7,6,3,,,,,,,,,,,,,,
39,16,5,2,3,1,7,4,6,,,,,,,,,,,,,,
39,17,6,2,7,1,5,4,3,,,,,,,,,,,,,,
39,18,7,3,6,1,2,5,4,,,,,,,,,,,,,,
39,19,3,4,6,1,,5,2,,,,,,,,,,,,,,
39,20,4,2,5,1,6,,3,,,,,,,,,,,,,,
39,21,4,2,5,1,6,7,3,,,,,,,,,,,,,,
39,22,4,3,7,1,6,5,2,,,,,,,,,,,,,,
39,23,5,2,4,1,6,7,3,,,,,,,,,,,,,,
39,24,3,2,4,1,7,6,5,,,,,,,,,,,,,,
39,25,5,2,,1,6,4,3,,,,,,,,,,,,,,
39,26,6,3,,1,2,5,4,,,,,,,,,,,,,,
39,27,5,2,4,1,6,,3,,,,,,,,,,,,,,
39,28,5,3,6,1,4,7,2,,,,,,,,,,,,,,
39,29,5,2,4,1,6,,3,,,,,,,,,,,,,,
39,30,5,2,4,1,6,7,3,,,,,,,,,,,,,,
39,31,5,2,4,1,6,,3,,,,,,,,,,,,,,
39,32,,3,4,1,5,6,2,,,,,,,,,,,,,,
39,33,5,4,6,1,3,7,2,,,,,,,,,,,,,,
39,34,5,2,4,1,6,7,3,,,,,,,,,,,,,,
39,35,5,4,3,1,7,6,2,,,,,,,,,,,,,,
39,36,,2,5,1,3,6,4,,,,,,,,,,,,,,
39,37,6,2,5,1,7,4,3,,,,,,,,,,,,,,
39,38,5,2,4,1,6,,3,,,,,,,,,,,,,,
39,39,6,7,5,1,2,4,3,,,,,,,,,,,,,,
39,40,4,2,5,1,6,,3,,,,,,,,,,,,,,
39,41,6,2,4,1,5,,3,,,,,,,,,,,,,,
39,42,4,2,,1,6,5,3,,,,,,,,,,,,,,
39,43,4,2,6,1,7,5,3,,,,,,,,,,,,,,
39,44,5,2,4,1,6,,3,,,,,,,,,,,,,,
39,45,3,2,4,1,,6,5,,,,,,,,,,,,,,
39,46,4,2,5,1,6,,3,,,,,,,,,,,,,,
39,47,4,2,,1,3,6,5,,,,,,,,,,,,,,
39,48,3,2,4,1,5,6,7,,,,,,,,,,,,,,
39,49,5,2,4,1,6,3,,,,,,,,,,,,,,,
39,50,,2,4,1,6,5,3,,,,,,,,,,,,,,
40,1,7,3,4,1,6,5,2,,,,,,,,,,,,,,
40,2,4,2,6,1,5,,3,,,,,,,,,,,,,,
40,3,,3,6,1,5,4,2,,,,,,,,,,,,,,
40,4,3,2,5,1,7,6,4,,,,,,,,,,,,,,
40,5,4,3,5,1,6,,2,,,,,,,,,,,,,,
40,6,6,,5,1,3,4,2,,,,,,,,,,,,,,
40,7,5,2,6,1,3,7,4,,,,,,,,,,,,,,
40,8,5,2,6,1,3,4,7,,,,,,,,,,,,,,
40,9,5,2,,1,4,6,3,,,,,,,,,,,,,,
40,10,5,3,4,1,7,6,2,,,,,,,,,,,,,,
40,11,5,2,6,1,4,,3,,,,,,,,,,,,,,
40,12,3,6,2,1,,5,4,,,,,,,,,,,,,,
40,13,6,2,7,1,3,5,4,,,,,,,,,,,,,,
40,14,6,2,3,1,5,4,,,,,,,,,,,,,,,
40,15,4,3,5,1,,6,2,,,,,,,,,,,,,,
40,16,4,3,5,1,6,7,2,,,,,,,,,,,,,,
40,17,5,2,4,1,6,,3,,,,,,,,,,,,,,
40,18,6,3,,1,4,5,2,,,,,,,,,,,,,,
40,19,2,3,5,1,7,6,4,,,,,,,,,,,,,,
40,20,5,2,4,1,6,,3,,,,,,,,,,,,,,
40,21,4,2,7,1,5,6,3,,,,,,,,,,,,,,
40,22,2,6,5,1,7,4,3,,,,,,,,,,,,,,
40,23,5,2,4,1,6,,3,,,,,,,,,,,,,,
40,24,5,3,4,1,,6,2,,,,,,,,,,,,,,
40,25,5,2,4,1,6,,3,,,,,,,,,,,,,,
40,26,4,2,3,1,5,6,7,,,,,,,,,,,,,,
40,27,3,2,5,1,6,7,4,,,,,,,,,,,,,,
40,28,7,2,5,1,4,6,3,,,,,,,,,,,,,,
40,29,3,2,4,1,7,6,5,,,,,,,,,,,,,,
40,30,5,2,4,1,6,,3,,,,,,,,,,,,,,
40,31,5,3,4,1,6,7,2,,,,,,,,,,,,,,
40,32,,5,4,1,3,6,2,,,,,,,,,,,,,,
40,33,7,2,6,1,5,4,3,,,,,,,,,,,,,,
40,34,,2,4,1,5,6,3,,,,,,,,,,,,,,
40,35,6,2,4,1,5,7,3,,,,,,,,,,,,,,
40,36,5,2,4,1,6,3,,,,,,,,,,,,,,,
40,37,5,2,4,1,6,7,3,,,,,,,,,,,,,,
40,38,,2,5,1,4,6,3,,,,,,,,,,,,,,
40,39,,3,4,1,5,6,2,,,,,,,,,,,,,,
40,40,4,2,5,1,3,,6,,,,,,,,,,,,,,
40,41,6,2,5,1,3,,4,,,,,,,,,,,,,,
40,42,6,2,3,1,5,7,4,,,,,,,,,,,,,,
40,43,5,4,3,1,6,,2,,,,,,,,,,,,,,
40,44,5,2,4,1,6,,3,,,,,,,,,,,,,,
40,45,5,2,4,1,6,7,3,,,,,,,,,,,,,,
40,46,6,2,3,1,,5,4,,,,,,,,,,,,,,
40,47,4,2,7,1,6,5,3,,,,,,,,,,,,,,
40,48,2,4,3,1,7,5,6,,,,,,,,,,,,,,
40,49,6,2,,1,4,5,3,,,,,,,,,,,,,,
40,50,4,2,6,1,7,5,3,,,,,,,,,,,,,,
41,2,,,,1,,,,,,,,,,1,,,,,,,
41,3,,,,,,,,5,8,3,4,9,10,,11,1,2,6,7,,12
41,4,,,,,,,,7,8,2,3,4,5,13,14,6,1,9,10,11,12
41,5,,,,,,,,10,6,3,4,11,7,,,1,2,9,12,5,8
41,6,2,5,4,1,3,6,,6,,10,11,5,12,3,4,1,2,9,,7,8
41,7,,,,,,,,9,10,4,3,11,12,5,6,1,2,7,8,13,14
41,8,,,,,,,,7,8,9,10,3,4,13,14,1,2,5,6,11,12
41,9,4,2,3,6,1,5,,7,8,5,6,3,4,,,1,2,9,10,11,12
41,10,,,,,,,,11,,5,8,12,,6,7,1,2,4,3,9,10
41,11,5,2,4,6,1,3,7,9,10,3,4,7,8,11,12,2,1,5,6,13,14
41,12,,,,,,,,13,14,11,12,10,9,7,8,1,6,2,3,4,5
41,13,2,4,3,,1,5,6,3,4,5,6,9,10,,,1,2,7,8,11,12
41,14,,,,,,,,9,10,5,6,,,4,3,1,2,7,8,11,12
41,15,,,,,,,,2,3,4,5,6,7,8,9,10,1,11,12,13,14
41,16,,,,,,,,7,8,2,4,11,12,5,6,1,3,9,10,,
41,17,,,,,,,,11,12,3,4,9,10,7,8,1,2,5,6,,
41,18,,,,,,,,9,10,7,8,5,6,12,11,1,2,3,4,,
41,19,,,,,,,,5,6,3,4,7,8,,,1,2,9,10,11,12
41,20,,,,,,,,7,8,3,4,9,10,,,1,2,5,6,11,12
41,22,,,,,1,,,,,,,,,,,,,,,,
41,23,,,,,,,,3,4,5,6,7,8,1,2,14,13,9,10,11,12
41,24,,,,,,,,7,8,2,4,9,10,1,3,11,12,13,14,5,6
41,25,,,,,,,,7,8,2,4,9,10,1,3,14,12,11,13,5,6
41,26,,,,,,,,11,12,2,6,9,10,1,3,7,8,13,14,4,5
41,27,,,,,,,,10,9,3,4,7,8,1,2,12,11,,,5,6
41,28,,,,,,,,7,8,5,6,11,12,1,2,13,14,9,10,3,4
41,29,,,,,,,,7,8,2,4,9,10,1,5,13,14,11,12,3,6
41,30,,,,,,,,9,10,3,5,7,8,1,2,12,,,11,4,6
41,31,,,,,,,,7,8,2,4,9,10,1,3,13,14,11,12,5,6
41,32,,,,,,,,13,14,2,4,11,12,1,3,9,10,7,8,5,6
41,33,3,2,7,1,6,5,4,8,10,9,11,3,4,1,2,5,14,6,12,7,13
41,34,,,,,,,,9,10,3,4,7,8,1,2,,,11,12,5,6
41,35,,,,,,,,7,8,2,3,12,11,1,4,9,10,14,13,6,5
41,36,,,,,,,,9,10,3,5,7,8,1,2,,,11,12,4,6
41,37,,,,,,,,9,10,2,6,7,8,1,3,12,11,13,14,4,5
41,38,,,,,,,,7,8,2,6,11,12,1,3,,,10,9,4,5
41,39,,,,,,,,13,14,2,5,9,10,1,6,7,8,11,12,3,4
41,40,,,,,,,,9,10,3,4,11,12,1,2,14,13,7,8,5,6
41,41,,,,,,,,7,8,2,4,9,10,1,3,11,12,,,5,6
41,42,7,4,5,1,2,3,6,6,8,7,9,11,10,1,2,3,14,4,12,5,13
41,43,,,,,,,,9,12,3,5,7,14,1,2,10,13,8,11,4,6
41,44,,,,,,,,9,10,2,5,7,8,1,4,13,14,11,12,3,6
41,45,,,,,,,,11,12,2,6,7,8,1,5,,,9,10,3,4
41,46,,,,,,,,13,14,2,4,7,8,1,3,11,12,9,10,5,6
41,47,,,,,,,,11,,5,7,6,8,1,3,9,10,12,,2,4
41,48,,,,,,,,7,8,3,5,9,10,1,2,,,11,12,4,6
41,49,,,,,,,,9,10,2,7,6,8,1,3,,,12,11,4,5
41,50,,,,,,,,3,4,2,7,8,9,1,14,12,13,10,11,5,6
42,1,,,,,,,,7,8,5,6,9,10,3,4,13,14,11,12,1,2
42,2,,,,,,,,8,10,3,4,5,6,7,9,11,12,,,1,2
42,3,,,,,,,,2,8,3,6,13,14,5,7,11,12,9,10,1,4
42,4,,,,,,,,5,6,4,7,9,10,3,8,11,12,,,1,2
42,5,,,,,,,,9,10,3,4,5,6,7,8,12,11,14,13,1,2
42,6,,,,,,,,7,8,2,4,6,5,9,10,13,14,12,11,1,3
42,7,,,,,,,,11,12,2,4,6,8,5,7,,,9,10,1,3
42,8,,,,,,,,4,5,2,8,6,7,9,10,13,14,11,12,1,3
42,9,,,,,,,,7,8,3,4,9,10,5,6,,,11,12,1,2
42,10,,,,,,,,9,10,5,6,3,4,8,7,12,11,13,14,1,2
42,11,,,,,,,,9,10,3,5,7,8,4,6,13,14,11,12,1,2
42,12,,,,,,,,9,10,3,4,5,6,7,8,,,11,12,1,2
42,13,,,,,,,,10,11,3,4,6,7,5,12,13,14,8,9,1,2
42,14,4,3,6,2,5,,1,7,8,5,6,11,12,3,4,9,10,,,1,2
42,15,,,,,,,,9,10,3,4,7,8,5,6,12,11,14,13,1,2
42,16,,,,,,,,7,8,5,6,9,10,3,4,13,14,11,12,1,2
42,17,,,,,,,,7,8,3,6,9,10,4,5,14,13,11,12,1,2
42,18,,,,,,,,5,6,7,8,9,10,3,4,11,12,13,14,1,2
42,19,,,,,,,,9,10,3,4,5,6,7,8,13,14,11,12,1,2
42,20,,,,,,,,7,8,3,4,9,10,5,6,12,13,14,11,1,2
42,21,,,,,,,,9,10,11,12,3,4,5,6,,,7,8,1,2
42,22,,,,,,,,7,8,3,4,9,10,5,6,13,14,11,12,1,2
42,23,,,,,,,,7,8,3,4,13,14,11,12,5,6,9,10,1,2
42,24,,,,,,,,9,10,3,4,7,8,5,6,11,12,13,14,1,2
42,25,,,,,,,,7,8,3,4,11,12,5,6,13,14,9,10,1,2
42,26,,,,,,,,13,14,3,4,7,8,9,10,11,12,5,6,1,2
42,27,,,,,,,,12,11,2,4,8,7,3,6,10,9,14,13,1,5
42,28,,,,,,,,7,8,2,5,9,10,3,6,13,14,11,12,1,4
42,29,,,,,,,,7,8,5,6,3,4,7,8,11,12,9,10,1,2
42,30,,,,,,,,9,10,3,4,6,7,5,8,12,11,14,13,1,2
42,31,,,,,,,,5,6,3,4,7,8,13,14,9,10,11,12,2,1
42,32,,,,,,,,11,12,3,4,8,9,5,6,14,13,7,10,1,2
42,33,,,,,,,,7,8,3,4,5,6,9,10,14,13,11,12,1,2
42,34,,,,,,,,7,9,3,4,5,6,11,12,13,14,8,10,2,1
42,35,,,,,,,,7,8,3,6,9,10,4,5,11,12,,,1,2
42,36,,,,,,,,9,10,3,4,5,6,7,8,13,14,11,12,1,2
42,37,,,,,,,,9,10,3,4,5,6,7,8,12,11,13,14,1,2
42,38,,,,,,,,7,8,3,4,11,12,5,6,13,14,9,10,1,2
42,39,,,,,,,,7,4,12,3,8,5,13,11,14,6,9,2,10,1
42,40,,,,,,,,9,10,5,6,7,8,3,4,14,13,11,12,2,1
42,41,,,,,,,,4,3,6,5,8,7,10,9,14,13,12,11,2,1
42,42,,,,,,,,9,10,2,4,7,8,5,6,11,12,13,14,1,3
42,43,4,2,3,5,6,,1,7,8,3,4,5,6,9,10,11,12,,,1,2
42,44,,,,,,,,7,8,5,11,9,10,3,4,12,14,6,13,1,2
42,45,,,,,,,,5,6,3,4,7,8,11,12,13,14,9,10,1,2
42,46,,,,,,,,5,6,2,4,7,8,9,10,12,11,14,13,1,3
42,47,,,,,,,,7,8,3,4,5,6,9,10,12,11,,,1,2
42,48,,,,,,,,7,8,2,6,9,10,4,5,11,12,14,13,1,3
42,49,,,,,,,,9,7,3,4,11,12,5,6,8,10,,,1,2
42,50,,,,,,,,7,8,4,6,11,12,3,5,13,14,9,10,1,2
43,1,7,2,5,1,4,6,3,,,,,,,,,,,,,,
43,2,,,,1,,,,,,,,,,,,,,,,,
43,17,,,,1,,,,,,,,,,1,,,,,,,
43,19,5,1,4,2,6,7,3,,,,,,,,,,,,,,
43,20,5,1,4,3,,6,2,,,,,,,,,,,,,,
43,21,6,7,2,1,4,5,3,,,,,,,,,,,,,,
43,22,7,2,5,1,6,4,3,,,,,,,,,,,,,,
43,23,7,2,6,1,3,5,4,,,,,,,,,,,,,,
43,24,,2,5,1,3,4,6,,,,,,,,,,,,,,
43,25,4,3,6,1,,5,2,,,,,,,,,,,,,,
43,26,5,2,4,1,6,,3,,,,,,,,,,,,,,
43,27,5,2,4,1,6,,3,,,,,,,,,,,,,,
43,28,5,2,4,1,6,,3,,,,,,,,,,,,,,
43,29,5,2,4,1,6,7,3,,,,,,,,,,,,,,
43,30,3,4,5,1,6,7,2,,,,,,,,,,,,,,
43,31,6,2,4,1,,5,3,,,1,,,,,,,,,,,
43,32,4,3,5,1,7,6,2,,,,,,,,,,,,,,
43,33,,2,4,1,6,5,3,,,,,,,,,,,,,,
43,34,,2,4,1,6,5,3,,,,,,,,,,,,,,
43,35,,2,6,1,4,5,3,,,,,,,,,,,,,,
43,36,5,2,,1,6,4,3,,,,,,,,,,,,,,
43,37,4,2,7,1,6,5,3,,,,,,,,,,,,,,
43,38,5,2,4,1,6,,3,,,,,,,,,,,,,,
43,39,4,2,5,1,7,6,3,,,,,,,,,,,,,,
43,40,4,3,5,1,,6,2,,,,,,,,,,,,,,
43,41,5,2,6,1,4,7,3,,,,,,,,,,,,,,
43,42,5,2,4,1,6,,3,,,,,,,,,,,,,,
43,43,5,2,4,1,6,,3,,,,,,,,,,,,,,
43,44,5,2,4,1,6,,3,,,,,,,,,,,,,,
43,45,4,3,6,1,5,,2,,,,,,,,,,,,,,
43,46,5,2,4,1,6,,3,,,,,,,,,,,,,,
43,47,6,2,,1,3,5,4,,,,,,,,,,,,,,
43,48,4,3,5,1,6,,2,,,,,,,,,,,,,,
43,49,5,2,6,1,4,7,3,,,,,,,,,,,,,,
43,50,5,2,4,1,6,7,3,,,,,,,,,,,,,,
44,1,,,,,,,,5,6,7,8,3,4,,,11,12,1,2,9,10
44,2,,,,,,,,7,8,9,10,5,6,11,12,3,2,1,4,13,14
44,3,,,,,,,,3,4,12,11,7,8,14,13,5,6,1,2,10,9
44,4,,,,,,,,7,8,4,3,1,2,9,10,13,14,11,12,5,6
44,5,,,,,,,,4,5,2,3,1,6,,,7,12,8,11,9,10
44,6,,,,,,,,9,10,7,8,1,2,3,4,,,,,5,6
44,7,,,,,,,,3,4,5,6,1,2,7,8,9,10,11,12,,
44,8,,,,,,,,9,10,7,8,2,1,5,6,11,12,,,3,4
44,9,,,,,,,,9,10,3,4,5,6,7,8,11,12,13,14,1,2
44,10,,,,,,,,7,8,2,4,5,6,10,9,14,11,12,13,1,3
44,11,,,,,,,,,,3,4,7,8,9,10,11,12,5,6,1,2
44,12,,,,,,,,9,10,4,6,7,8,3,5,11,12,,,1,2
44,13,,,,,,,,11,12,5,6,7,8,3,4,,,9,10,1,2
44,14,,,,,,,,7,8,4,6,9,10,3,5,11,12,13,14,1,2
44,15,,,,,,,,5,6,3,4,,11,9,10,7,8,,12,1,2
44,16,,,,,,,,7,8,3,4,5,6,9,10,13,14,11,12,1,2
44,17,,,,,,,,13,14,3,4,7,8,5,6,9,10,11,12,1,2
44,18,,,,,,,,9,10,5,6,7,8,3,4,,,11,12,1,2
